Topology,Repetition,Seed,Parameter,Method,Converged,GapUpper,Utility,NormalizedUtility,Loss,NormalizedLoss,InfiniteLossFraction,UnmonitoredFraction,N,MeanDegree,Edges,EdgeDensity,Components
Random,1,20270925,4,GURA,1,9.55969683147373e-06,82.1703913937895,3.06099022451035,89.7048761263225,0.336155871727005,0,0,100,4,200,0.0404040404040404,1
Random,1,20270925,4,GRA,1,7.61449804731007e-07,82.1702167802165,3.06098371985056,89.7043124216165,0.336152789239554,0,0,100,4,200,0.0404040404040404,1
Random,1,20270925,4,RRA,1,NaN,73.2385138257887,2.72826222530746,106.150426003593,0.394271468691956,0,0,100,4,200,0.0404040404040404,1
Random,1,20270925,5,GURA,1,9.14148047925778e-06,82.5862243361308,3.07648072601515,89.4901997727493,0.335487469298519,0,0,100,5,250,0.0505050505050505,1
Random,1,20270925,5,GRA,1,6.02199951454149e-07,82.5861817926381,3.07647914119593,89.4949430300043,0.335507501184417,0,0,100,5,250,0.0505050505050505,1
Random,1,20270925,5,RRA,1,NaN,73.5872980133293,2.74125504389352,104.901195681012,0.389580909038839,0,0,100,5,250,0.0505050505050505,1
Random,1,20270925,6,GURA,1,7.2936627368847e-06,83.0623406057068,3.09421688647614,88.8563387538689,0.333210103846843,0,0,100,6,300,0.0606060606060606,1
Random,1,20270925,6,GRA,1,5.79248359548235e-07,83.0622731023724,3.09421437185934,88.8562769270854,0.333209512905257,0,0,100,6,300,0.0606060606060606,1
Random,1,20270925,6,RRA,1,NaN,74.5262404897275,2.77623228682594,99.1122937024635,0.368283051688643,0,0,100,6,300,0.0606060606060606,1
Random,1,20270925,7,GURA,1,9.50470559146765e-06,83.3342530302125,3.10434609797455,88.595523527677,0.332349359565109,0,0,100,7,350,0.0707070707070707,1
Random,1,20270925,7,GRA,1,9.90448076614599e-07,83.3341918368419,3.10434381841489,88.5893193268966,0.332321707849582,0,0,100,7,350,0.0707070707070707,1
Random,1,20270925,7,RRA,1,NaN,74.9457590343883,2.79186008343766,98.1259739161203,0.364821456226977,0,0,100,7,350,0.0707070707070707,1
Random,1,20270925,8,GURA,1,9.55149075565487e-06,83.6129220044164,3.11472700271948,88.4012566335694,0.3316432445222,0,0,100,8,400,0.0808080808080808,1
Random,1,20270925,8,GRA,1,9.71954379035458e-07,83.6124160543513,3.11470815519816,88.4023605220289,0.331648479764639,0,0,100,8,400,0.0808080808080808,1
Random,1,20270925,8,RRA,1,NaN,75.1408709766889,2.7991283431835,97.7231135155075,0.363074128183861,0,0,100,8,400,0.0808080808080808,1
Random,1,20270925,9,GURA,1,9.73387074765242e-06,83.8492419283674,3.12353033156824,88.2207541794273,0.331034011536235,0,0,100,9,450,0.0909090909090909,1
Random,1,20270925,9,GRA,1,5.5956515688165e-07,83.8488917393366,3.1235172864168,88.2216965061432,0.33103860280738,0,0,100,9,450,0.0909090909090909,1
Random,1,20270925,9,RRA,1,NaN,75.3948756270584,2.80859045889907,96.9353183708915,0.360123616856427,0,0,100,9,450,0.0909090909090909,1
Random,1,20270925,10,GURA,1,9.93970013141166e-06,84.0165404394762,3.12976249254974,88.1005308238881,0.330605320742341,0,0,100,10,500,0.101010101010101,1
Random,1,20270925,10,GRA,1,7.68947374029974e-07,84.0162087715207,3.12975013734062,88.102744816602,0.33061372365522,0,0,100,10,500,0.101010101010101,1
Random,1,20270925,10,RRA,1,NaN,75.7466560769513,2.8216948934774,96.2624565818929,0.357796768906468,0,0,100,10,500,0.101010101010101,1
Random,1,20270925,11,GURA,1,9.24347633102229e-06,84.0982191240062,3.132805165837,87.9916234833585,0.330176834681312,0,0,100,11,550,0.111111111111111,1
Random,1,20270925,11,GRA,1,4.79430802429458e-07,84.0977551565169,3.13278788223977,87.9912991697371,0.330175791530546,0,0,100,11,550,0.111111111111111,1
Random,1,20270925,11,RRA,1,NaN,75.7181424545711,2.82063271137153,96.0837884089577,0.357152594067065,0,0,100,11,550,0.111111111111111,1
Random,1,20270925,12,GURA,1,8.95457822736034e-06,84.1935370204255,3.13635592352735,87.8831769408935,0.329786583990878,0,0,100,12,600,0.121212121212121,1
Random,1,20270925,12,GRA,1,4.1813246012709e-07,84.1933296046348,3.13634819692781,87.8841809969832,0.329790929360119,0,0,100,12,600,0.121212121212121,1
Random,1,20270925,12,RRA,1,NaN,75.7259663935829,2.82092416672942,96.0219334199526,0.35701974981558,0,0,100,12,600,0.121212121212121,1
Random,1,20270925,13,GURA,1,8.9948357846481e-06,84.3112333228086,3.14074031582419,87.7835702447788,0.329439319867416,0,0,100,13,650,0.131313131313131,1
Random,1,20270925,13,GRA,1,3.55142753073366e-07,84.3109969707503,3.14073151129828,87.7856337512639,0.329446423315656,0,0,100,13,650,0.131313131313131,1
Random,1,20270925,13,RRA,1,NaN,75.9096032339862,2.82776495893936,95.8875990801498,0.356442729004326,0,0,100,13,650,0.131313131313131,1
Random,2,20270926,4,GURA,1,9.32318843283042e-06,80.399270340009,3.0468480622448,87.4089108089058,0.338950433886677,0,0,100,4,200,0.0404040404040404,1
Random,2,20270926,4,GRA,1,7.79118254558042e-09,80.399269200277,3.04684801905299,87.4085076666169,0.338948477594232,0,0,100,4,200,0.0404040404040404,1
Random,2,20270926,4,RRA,1,NaN,72.0471802175123,2.73033337874326,102.735698371967,0.395690325275507,0,0,100,4,200,0.0404040404040404,1
Random,2,20270926,5,GURA,1,9.8459320163613e-06,80.9723972466753,3.06856754548901,86.9648473894412,0.337405582154201,0,0,100,5,250,0.0505050505050505,1
Random,2,20270926,5,GRA,1,8.71233989952374e-08,80.972394925444,3.06856745752255,86.9649091681607,0.337406480772258,0,0,100,5,250,0.0505050505050505,1
Random,2,20270926,5,RRA,1,NaN,72.6388471296691,2.75275546263998,100.569453349997,0.386322045571078,0,0,100,5,250,0.0505050505050505,1
Random,2,20270926,6,GURA,1,8.28114170658978e-06,81.6909181630693,3.09579694760348,86.2585629312732,0.33471830221717,0,0,100,6,300,0.0606060606060606,1
Random,2,20270926,6,GRA,1,2.63784466355167e-07,81.6907866103919,3.09579196222216,86.259934848897,0.334723616126501,0,0,100,6,300,0.0606060606060606,1
Random,2,20270926,6,RRA,1,NaN,73.8752838039113,2.79961204067946,94.5817962025741,0.363779006605099,0,0,100,6,300,0.0606060606060606,1
Random,2,20270926,7,GURA,1,9.71293711060639e-06,82.0982291246206,3.11123259283614,85.8636346900203,0.333207711701767,0,0,100,7,350,0.0707070707070707,1
Random,2,20270926,7,GRA,1,3.82532041085678e-07,82.098156326662,3.11122983405092,85.8641282419676,0.333209842644071,0,0,100,7,350,0.0707070707070707,1
Random,2,20270926,7,RRA,1,NaN,74.204908840023,2.81210366402749,93.9788803971762,0.361705191074306,0,0,100,7,350,0.0707070707070707,1
Random,2,20270926,8,GURA,1,9.73433492390541e-06,82.3083611480001,3.11919585351676,85.7042281902938,0.332629336043702,0,0,100,8,400,0.0808080808080808,1
Random,2,20270926,8,GRA,1,2.91469478665023e-08,82.3083000202511,3.11919353699122,85.704360512018,0.332629961606244,0,0,100,8,400,0.0808080808080808,1
Random,2,20270926,8,RRA,1,NaN,74.4518875717122,2.82146328466684,93.5979737516571,0.360328275000288,0,0,100,8,400,0.0808080808080808,1
Random,2,20270926,9,GURA,1,9.69018081065087e-06,82.4274937563091,3.12371055813089,85.6420618041493,0.332386666857841,0,0,100,9,450,0.0909090909090909,1
Random,2,20270926,9,GRA,1,3.12951729455482e-07,82.4274314654415,3.12370819752726,85.6443306574887,0.332396715582015,0,0,100,9,450,0.0909090909090909,1
Random,2,20270926,9,RRA,1,NaN,74.5559071303327,2.82540525813598,92.9875928257361,0.357771746033042,0,0,100,9,450,0.0909090909090909,1
Random,2,20270926,10,GURA,1,7.84793228802982e-06,82.5992591659619,3.13021985981172,85.5187390204262,0.331959166617998,0,0,100,10,500,0.101010101010101,1
Random,2,20270926,10,GRA,1,4.0891966397506e-07,82.5989382414141,3.13020769790611,85.5195472406035,0.331960599880308,0,0,100,10,500,0.101010101010101,1
Random,2,20270926,10,RRA,1,NaN,74.8604351674569,2.83694579396282,92.5156543117476,0.355978960076801,0,0,100,10,500,0.101010101010101,1
Random,2,20270926,11,GURA,1,8.98752796985036e-06,82.7485834845396,3.13587872349021,85.403333895151,0.33154690168721,0,0,100,11,550,0.111111111111111,1
Random,2,20270926,11,GRA,1,8.55214176522771e-07,82.7482059306959,3.13586441553453,85.4032276670886,0.331546531625176,0,0,100,11,550,0.111111111111111,1
Random,2,20270926,11,RRA,1,NaN,74.8159753022101,2.83526092227553,92.439322860538,0.355770002049462,0,0,100,11,550,0.111111111111111,1
Random,2,20270926,12,GURA,1,9.48574745862629e-06,82.8934382864595,3.14136820829113,85.3007906959006,0.331170159834293,0,0,100,12,600,0.121212121212121,1
Random,2,20270926,12,GRA,1,4.59978243107644e-07,82.8932031483299,3.14135929738744,85.3021974001793,0.331176457460615,0,0,100,12,600,0.121212121212121,1
Random,2,20270926,12,RRA,1,NaN,74.8717994604997,2.83737646048616,92.3474970827561,0.355373552639545,0,0,100,12,600,0.121212121212121,1
Random,2,20270926,13,GURA,1,9.7074296121491e-06,83.0337964783752,3.14668728747245,85.1082503295287,0.330418584779288,0,0,100,13,650,0.131313131313131,1
Random,2,20270926,13,GRA,1,4.28598535965653e-07,83.0330121307262,3.14665756346992,85.1099422627565,0.330428317606093,0,0,100,13,650,0.131313131313131,1
Random,2,20270926,13,RRA,1,NaN,75.0138892262416,2.84276116019283,92.0489431491637,0.354285796267008,0,0,100,13,650,0.131313131313131,1
Random,3,20270927,4,GURA,1,9.58664391603747e-06,80.4703407189627,3.01704757679095,90.7789284004614,0.339002275401178,0,0,100,4,200,0.0404040404040404,1
Random,3,20270927,4,GRA,1,4.52604973051064e-07,80.470273518443,3.01704505726434,90.7787995347734,0.339002595316639,0,0,100,4,200,0.0404040404040404,1
Random,3,20270927,4,RRA,1,NaN,72.1569631944115,2.70535689310176,118.894137920521,0.438432782493499,0,0,100,4,200,0.0404040404040404,1
Random,3,20270927,5,GURA,1,9.01039058121e-06,81.4410210719428,3.05344097068778,89.9122542357475,0.335901140257224,0,0,100,5,250,0.0505050505050505,1
Random,3,20270927,5,GRA,1,8.88813255962529e-07,81.4408105409943,3.05343307732133,89.9114139041172,0.335897802950017,0,0,100,5,250,0.0505050505050505,1
Random,3,20270927,5,RRA,1,NaN,73.0641063900949,2.73936810960571,117.070290175069,0.430542991914559,0,0,100,5,250,0.0505050505050505,1
Random,3,20270927,6,GURA,1,9.28201137284645e-06,82.361111599951,3.08793761719323,89.0264769115168,0.333002083621975,0,0,100,6,300,0.0606060606060606,1
Random,3,20270927,6,GRA,1,2.21856814772679e-07,82.3611036162342,3.08793731786241,89.0259137361585,0.332999910165603,0,0,100,6,300,0.0606060606060606,1
Random,3,20270927,6,RRA,1,NaN,74.3572637482741,2.78785202602816,99.5270426500413,0.368393503547903,0,0,100,6,300,0.0606060606060606,1
Random,3,20270927,7,GURA,1,9.91664810356951e-06,82.6297092850001,3.09800806038471,88.7217115560727,0.331939363540359,0,0,100,7,350,0.0707070707070707,1
Random,3,20270927,7,GRA,1,9.07798030333842e-07,82.6292490611623,3.09799080536625,88.7234224972271,0.331945274731716,0,0,100,7,350,0.0707070707070707,1
Random,3,20270927,7,RRA,1,NaN,74.7708033458577,2.80335672788041,98.4505584441868,0.364828105461241,0,0,100,7,350,0.0707070707070707,1
Random,3,20270927,8,GURA,1,8.97159306489925e-06,82.9147125287456,3.10869359170268,88.4261690753792,0.330865001219376,0,0,100,8,400,0.0808080808080808,1
Random,3,20270927,8,GRA,1,7.61255726155965e-07,82.9144517455433,3.10868381424527,88.428562088224,0.330875586897733,0,0,100,8,400,0.0808080808080808,1
Random,3,20270927,8,RRA,1,NaN,75.1297020993175,2.81681279883481,97.8804443261921,0.362715667375389,0,0,100,8,400,0.0808080808080808,1
Random,3,20270927,9,GURA,1,8.97305514513391e-06,83.1421341683851,3.11722023519211,88.271261800354,0.330277791824876,0,0,100,9,450,0.0909090909090909,1
Random,3,20270927,9,GRA,1,4.0803071993904e-07,83.1418472313044,3.11720947715609,88.2729925818992,0.330284458648927,0,0,100,9,450,0.0909090909090909,1
Random,3,20270927,9,RRA,1,NaN,75.2950568161656,2.82301238794205,97.4686115242162,0.361039837514699,0,0,100,9,450,0.0909090909090909,1
Random,3,20270927,10,GURA,1,7.61742649046937e-06,83.3391872955662,3.12460828219861,88.0255680982956,0.329364217137305,0,0,100,10,500,0.101010101010101,1
Random,3,20270927,10,GRA,1,7.68692650281264e-07,83.3388630045863,3.12459612366534,88.0254211526654,0.329361009768704,0,0,100,10,500,0.101010101010101,1
Random,3,20270927,10,RRA,1,NaN,75.5959765480027,2.83429467082586,96.1765734558231,0.356488837418734,0,0,100,10,500,0.101010101010101,1
Random,3,20270927,11,GURA,1,9.86941853398093e-06,83.538315142443,3.13207411597692,87.8358319528062,0.32870273023593,0,0,100,11,550,0.111111111111111,1
Random,3,20270927,11,GRA,1,9.94685620584776e-07,83.5381799446781,3.13206904705233,87.8370075688094,0.328708277695327,0,0,100,11,550,0.111111111111111,1
Random,3,20270927,11,RRA,1,NaN,75.6101544107224,2.83482623669199,96.234816721779,0.356789392354879,0,0,100,11,550,0.111111111111111,1
Random,3,20270927,12,GURA,1,9.93391516246334e-06,83.6471312099667,3.13615392041052,87.710266656248,0.32823861693277,0,0,100,12,600,0.121212121212121,1
Random,3,20270927,12,GRA,1,4.77603995680269e-07,83.6469563337131,3.13614736383361,87.7088779119003,0.328233738032496,0,0,100,12,600,0.121212121212121,1
Random,3,20270927,12,RRA,1,NaN,75.5834059159299,2.83382336432094,96.1939619808945,0.356601107519732,0,0,100,12,600,0.121212121212121,1
Random,3,20270927,13,GURA,1,9.42663838898739e-06,83.8536878943096,3.14389828110787,87.5358319023178,0.327656362494791,0,0,100,13,650,0.131313131313131,1
Random,3,20270927,13,GRA,1,9.25680589535131e-07,83.8533580175279,3.143885913148,87.537082973333,0.327661097993306,0,0,100,13,650,0.131313131313131,1
Random,3,20270927,13,RRA,1,NaN,75.728628410145,2.83926814273685,95.7784067400135,0.355084656597733,0,0,100,13,650,0.131313131313131,1
Random,4,20270928,4,GURA,1,8.19342519164934e-06,81.6376118602135,3.03772630905478,90.4118310473735,0.337738540297274,0,0,100,4,200,0.0404040404040404,1
Random,4,20270928,4,GRA,1,9.40456737505223e-07,81.6369851725155,3.03770299007638,90.4119451787361,0.337739587463314,0,0,100,4,200,0.0404040404040404,1
Random,4,20270928,4,RRA,1,NaN,73.0716814739245,2.71898900766829,106.374534760935,0.393570170628371,0,0,100,4,200,0.0404040404040404,1
Random,4,20270928,5,GURA,1,9.67193719603188e-06,82.1829785115247,3.05801934050217,89.9338927572463,0.336133640706704,0,0,100,5,250,0.0505050505050505,1
Random,4,20270928,5,GRA,1,6.42650982266632e-07,82.182611163415,3.05800567152054,89.9379555449789,0.336151178051807,0,0,100,5,250,0.0505050505050505,1
Random,4,20270928,5,RRA,1,NaN,73.5849147637496,2.73808636036712,103.221268277175,0.382659299971526,0,0,100,5,250,0.0505050505050505,1
Random,4,20270928,6,GURA,1,8.72035647958569e-06,82.8874853423405,3.08423396003982,89.5142639548484,0.334737616938529,0,0,100,6,300,0.0606060606060606,1
Random,4,20270928,6,GRA,1,5.84641126182743e-07,82.8874491412416,3.08423261300103,89.5145111511259,0.334739512549204,0,0,100,6,300,0.0606060606060606,1
Random,4,20270928,6,RRA,1,NaN,74.3772932408156,2.76757067392879,99.5360494176786,0.369411525170692,0,0,100,6,300,0.0606060606060606,1
Random,4,20270928,7,GURA,1,8.93036751037357e-06,83.195230333656,3.09568511637938,89.087461830009,0.333109409437453,0,0,100,7,350,0.0707070707070707,1
Random,4,20270928,7,GRA,1,3.13385362351057e-07,83.1951220723474,3.09568108798832,89.0872020963982,0.333108353841747,0,0,100,7,350,0.0707070707070707,1
Random,4,20270928,7,RRA,1,NaN,74.910902074189,2.78742619829981,98.4889007683982,0.365872197581329,0,0,100,7,350,0.0707070707070707,1
Random,4,20270928,8,GURA,1,7.11533001052089e-06,83.5209834798572,3.10780635412659,88.7163389713962,0.331696091870373,0,0,100,8,400,0.0808080808080808,1
Random,4,20270928,8,GRA,1,2.83485996583433e-07,83.5209539515506,3.10780525538164,88.7168181865978,0.331698012323672,0,0,100,8,400,0.0808080808080808,1
Random,4,20270928,8,RRA,1,NaN,75.1572524450764,2.79659286775324,97.6728199365215,0.362542918303804,0,0,100,8,400,0.0808080808080808,1
Random,4,20270928,9,GURA,1,9.61793278619893e-06,83.7589550275432,3.11666124851584,88.5329480339814,0.331052368815275,0,0,100,9,450,0.0909090909090909,1
Random,4,20270928,9,GRA,1,9.99854108227046e-07,83.7586371348282,3.11664941976385,88.5336117654991,0.331055157299033,0,0,100,9,450,0.0909090909090909,1
Random,4,20270928,9,RRA,1,NaN,75.4515479268339,2.80754356936246,97.0589475663325,0.360202316003702,0,0,100,9,450,0.0909090909090909,1
Random,4,20270928,10,GURA,1,9.86276409875586e-06,83.9712528603273,3.12456082687572,88.3081898799482,0.330193839727331,0,0,100,10,500,0.101010101010101,1
Random,4,20270928,10,GRA,1,9.88426796386904e-07,83.9705224214604,3.12453364732805,88.3093309897732,0.3301997473255,0,0,100,10,500,0.101010101010101,1
Random,4,20270928,10,RRA,1,NaN,75.8324533838603,2.82171701836111,96.521470220865,0.358165088872254,0,0,100,10,500,0.101010101010101,1
Random,4,20270928,11,GURA,1,9.67036083565631e-06,84.1038811816239,3.12949591171895,88.1276411620075,0.329552642917512,0,0,100,11,550,0.111111111111111,1
Random,4,20270928,11,GRA,1,8.49149477253984e-07,84.1036276218639,3.12948647678894,88.1266987916742,0.329549991435072,0,0,100,11,550,0.111111111111111,1
Random,4,20270928,11,RRA,1,NaN,75.9165842564537,2.8248475186202,96.3193314638047,0.357381252241693,0,0,100,11,550,0.111111111111111,1
Random,4,20270928,12,GURA,1,9.2751111395728e-06,84.2534016746115,3.13505955236132,88.0066502252955,0.329152172030406,0,0,100,12,600,0.121212121212121,1
Random,4,20270928,12,GRA,1,9.92461370766806e-07,84.2527227933255,3.1350342912654,88.0009212363861,0.329128659710475,0,0,100,12,600,0.121212121212121,1
Random,4,20270928,12,RRA,1,NaN,76.010307558535,2.82833495209623,96.0001888906275,0.356241838169531,0,0,100,12,600,0.121212121212121,1
Random,4,20270928,13,GURA,1,9.01551383947208e-06,84.3775636325622,3.13967960478147,87.892950455355,0.328695048392086,0,0,100,13,650,0.131313131313131,1
Random,4,20270928,13,GRA,1,9.43549989455775e-07,84.3769771549949,3.13965778201749,87.891477552404,0.328685741569754,0,0,100,13,650,0.131313131313131,1
Random,4,20270928,13,RRA,1,NaN,76.136156273461,2.83301776855277,95.8208993925762,0.35549974237475,0,0,100,13,650,0.131313131313131,1
Random,5,20270929,4,GURA,1,9.4530280208005e-06,77.8312556865196,3.00413313416963,89.4784625205072,0.339306973730939,0,0,100,4,200,0.0404040404040404,1
Random,5,20270929,4,GRA,1,5.35934932661475e-07,77.831107749701,3.00412742409988,89.4790735760667,0.339309130348753,0,0,100,4,200,0.0404040404040404,1
Random,5,20270929,4,RRA,1,NaN,69.5056458972772,2.68278099858585,112.572966322303,0.424765358102326,0,0,100,4,200,0.0404040404040404,1
Random,5,20270929,5,GURA,1,9.17221000662494e-06,78.7698884422676,3.04036250934143,88.1222906645567,0.334267211356325,0,0,100,5,250,0.0505050505050505,1
Random,5,20270929,5,GRA,1,9.1828652353822e-07,78.7697801826709,3.04035833073428,88.1217574791966,0.334265152564854,0,0,100,5,250,0.0505050505050505,1
Random,5,20270929,5,RRA,1,NaN,70.6191433131793,2.72575980513879,102.69614636909,0.387305564870798,0,0,100,5,250,0.0505050505050505,1
Random,5,20270929,6,GURA,1,7.40048382041891e-06,79.6744844856596,3.07527813447201,87.3512702026054,0.331619735359672,0,0,100,6,300,0.0606060606060606,1
Random,5,20270929,6,GRA,1,8.63443929176614e-07,79.6743347426941,3.07527235468855,87.3521709958038,0.33162400769519,0,0,100,6,300,0.0606060606060606,1
Random,5,20270929,6,RRA,1,NaN,72.1324892550185,2.78417197705147,97.5418742310092,0.368142846377556,0,0,100,6,300,0.0606060606060606,1
Random,5,20270929,7,GURA,1,9.1545120106673e-06,80.0276907905722,3.08891120199002,86.9810337926337,0.330232611909795,0,0,100,7,350,0.0707070707070707,1
Random,5,20270929,7,GRA,1,9.97546721130485e-07,80.0274954372778,3.08890366173772,86.9805858793589,0.330230816710169,0,0,100,7,350,0.0707070707070707,1
Random,5,20270929,7,RRA,1,NaN,72.5455523645444,2.80011539930368,96.4211300956767,0.364035460699453,0,0,100,7,350,0.0707070707070707,1
Random,5,20270929,8,GURA,1,9.71042239328312e-06,80.1508130609688,3.09366347906418,86.8435869441098,0.32972249340371,0,0,100,8,400,0.0808080808080808,1
Random,5,20270929,8,GRA,1,8.5094118411908e-07,80.150572683902,3.09365420098297,86.8460821669043,0.329733005093502,0,0,100,8,400,0.0808080808080808,1
Random,5,20270929,8,RRA,1,NaN,72.6568746842011,2.80441222152637,95.9352060431308,0.362091740182235,0,0,100,8,400,0.0808080808080808,1
Random,5,20270929,9,GURA,1,9.26048650029543e-06,80.3049518496874,3.09961293263995,86.6435942526174,0.328928659328082,0,0,100,9,450,0.0909090909090909,1
Random,5,20270929,9,GRA,1,3.44140934350418e-07,80.3047516991055,3.0996052072218,86.6434596053711,0.328927592612591,0,0,100,9,450,0.0909090909090909,1
Random,5,20270929,9,RRA,1,NaN,72.6470314758186,2.8040322930749,95.6911311618357,0.360918708739338,0,0,100,9,450,0.0909090909090909,1
Random,5,20270929,10,GURA,1,9.10181766755613e-06,80.4660439280197,3.10583076949612,86.4921929386604,0.32837147687393,0,0,100,10,500,0.101010101010101,1
Random,5,20270929,10,GRA,1,9.2305186355293e-07,80.4654122674605,3.10580638864297,86.4935002236645,0.328376992469417,0,0,100,10,500,0.101010101010101,1
Random,5,20270929,10,RRA,1,NaN,72.9059426803511,2.81402575548898,94.8272594671847,0.35802328684192,0,0,100,10,500,0.101010101010101,1
Random,5,20270929,11,GURA,1,9.55397664270663e-06,80.6576966344148,3.11322818638804,86.2858599160401,0.327589182901497,0,0,100,11,550,0.111111111111111,1
Random,5,20270929,11,GRA,1,6.4807205730228e-07,80.6571090828919,3.1132055080568,86.2851671995687,0.32758510505071,0,0,100,11,550,0.111111111111111,1
Random,5,20270929,11,RRA,1,NaN,72.957186529825,2.81600366712318,94.6204968994637,0.357186664130665,0,0,100,11,550,0.111111111111111,1
Random,5,20270929,12,GURA,1,9.49761501800594e-06,80.7392294429097,3.11637519216819,86.1584448480452,0.327092486319092,0,0,100,12,600,0.121212121212121,1
Random,5,20270929,12,GRA,1,7.42273055435495e-07,80.7390858649544,3.11636965034198,86.1596932465986,0.327096883551209,0,0,100,12,600,0.121212121212121,1
Random,5,20270929,12,RRA,1,NaN,73.0596064295346,2.81995687347457,94.4363238489005,0.356456319394628,0,0,100,12,600,0.121212121212121,1
Random,5,20270929,13,GURA,1,9.7920274555463e-06,80.8939085060576,3.12234549927253,86.0481365673589,0.326700592173351,0,0,100,13,650,0.131313131313131,1
Random,5,20270929,13,GRA,1,9.97024211139455e-07,80.8936112123656,3.12233402432172,86.0465993764416,0.326693691150183,0,0,100,13,650,0.131313131313131,1
Random,5,20270929,13,RRA,1,NaN,73.1805695646173,2.82462581217933,94.2470016390389,0.355729691869727,0,0,100,13,650,0.131313131313131,1
Random,6,20270930,4,GURA,1,9.89915789872953e-06,76.1420920431954,3.02392157170994,85.2828214228484,0.337837152305887,0,0,100,4,200,0.0404040404040404,1
Random,6,20270930,4,GRA,1,9.49256225185363e-07,76.1418068773533,3.02391024657927,85.2825184819175,0.337835703496265,0,0,100,4,200,0.0404040404040404,1
Random,6,20270930,4,RRA,1,NaN,68.7666540067294,2.73101201825785,104.541554315957,0.410808667487126,0,0,100,4,200,0.0404040404040404,1
Random,6,20270930,5,GURA,1,8.35478688898661e-06,76.6997162136241,3.04606716441193,84.657731224651,0.335505133862473,0,0,100,5,250,0.0505050505050505,1
Random,6,20270930,5,GRA,1,5.61198087863213e-07,76.6996961665385,3.04606636825815,84.658554886112,0.335509084808208,0,0,100,5,250,0.0505050505050505,1
Random,6,20270930,5,RRA,1,NaN,69.4457676449709,2.75798246686539,105.312319039775,0.416483053931023,0,0,100,5,250,0.0505050505050505,1
Random,6,20270930,6,GURA,1,9.33130652569503e-06,77.4689770469271,3.07661773592469,84.0240456584674,0.333188504878581,0,0,100,6,300,0.0606060606060606,1
Random,6,20270930,6,GRA,1,7.69742297374791e-07,77.4685989429342,3.07660271983056,84.0242242781339,0.333191285483434,0,0,100,6,300,0.0606060606060606,1
Random,6,20270930,6,RRA,1,NaN,70.2635825992188,2.79046132600173,92.9211694164024,0.365102226807024,0,0,100,6,300,0.0606060606060606,1
Random,6,20270930,7,GURA,1,9.95627593525228e-06,77.7899913990471,3.08936656115598,83.7313854100736,0.332139651894366,0,0,100,7,350,0.0707070707070707,1
Random,6,20270930,7,GRA,1,7.92910073391269e-07,77.7894025641035,3.08934317605268,83.7279859265998,0.332123019831521,0,0,100,7,350,0.0707070707070707,1
Random,6,20270930,7,RRA,1,NaN,70.6514916389627,2.80586681962118,92.2554406373774,0.36293054510079,0,0,100,7,350,0.0707070707070707,1
Random,6,20270930,8,GURA,1,9.54427919097611e-06,78.0969772540241,3.10155825597503,83.459791824026,0.331078188986003,0,0,100,8,400,0.0808080808080808,1
Random,6,20270930,8,GRA,1,6.19525112089484e-07,78.0968843967854,3.10155456822494,83.4644113923771,0.331098803297132,0,0,100,8,400,0.0808080808080808,1
Random,6,20270930,8,RRA,1,NaN,70.922506371725,2.81662995042912,91.8578694204752,0.361458420020343,0,0,100,8,400,0.0808080808080808,1
Random,6,20270930,9,GURA,1,9.14105796923081e-06,78.2637261769771,3.10818055451775,83.2970134233641,0.330438744818918,0,0,100,9,450,0.0909090909090909,1
Random,6,20270930,9,GRA,1,4.04731524515182e-07,78.2637068266136,3.10817978603372,83.2987857650249,0.330446662618555,0,0,100,9,450,0.0909090909090909,1
Random,6,20270930,9,RRA,1,NaN,71.0055229600732,2.81992688705877,91.3912603991105,0.359583837614596,0,0,100,9,450,0.0909090909090909,1
Random,6,20270930,10,GURA,1,9.21944424447929e-06,78.3543363328153,3.1117790635356,83.1782089078564,0.329959072944123,0,0,100,10,500,0.101010101010101,1
Random,6,20270930,10,GRA,1,6.52990460008444e-07,78.354068772304,3.1117684375864,83.1780736941033,0.329958849691118,0,0,100,10,500,0.101010101010101,1
Random,6,20270930,10,RRA,1,NaN,71.1521872735953,2.8257515415903,91.0115145028167,0.358138608582381,0,0,100,10,500,0.101010101010101,1
Random,6,20270930,11,GURA,1,9.33188389495854e-06,78.4259659288661,3.11462377498046,83.1126333061328,0.329699128230627,0,0,100,11,550,0.111111111111111,1
Random,6,20270930,11,GRA,1,3.99690616594125e-07,78.42590257462,3.11462125891784,83.1128960972343,0.329699688763428,0,0,100,11,550,0.111111111111111,1
Random,6,20270930,11,RRA,1,NaN,71.1490142401891,2.82562552713618,90.8708891245998,0.357529957230415,0,0,100,11,550,0.111111111111111,1
Random,6,20270930,12,GURA,1,9.5944122442404e-06,78.5137275874369,3.11810915823432,82.9964378559188,0.329208958473937,0,0,100,12,600,0.121212121212121,1
Random,6,20270930,12,GRA,1,3.99751648031299e-07,78.5136831464782,3.1181073932976,82.9951102873933,0.329203344476842,0,0,100,12,600,0.121212121212121,1
Random,6,20270930,12,RRA,1,NaN,71.2110870698321,2.82809069933644,90.8965995031196,0.357566215595205,0,0,100,12,600,0.121212121212121,1
Random,6,20270930,13,GURA,1,9.65371823014038e-06,78.6390657720504,3.12308686281324,82.9011127987073,0.328864324089472,0,0,100,13,650,0.131313131313131,1
Random,6,20270930,13,GRA,1,7.23579372433995e-07,78.6385966231855,3.1230682309457,82.9058193134722,0.328886800650659,0,0,100,13,650,0.131313131313131,1
Random,6,20270930,13,RRA,1,NaN,71.3018356668916,2.83169470643536,90.8324081976644,0.35731109083907,0,0,100,13,650,0.131313131313131,1
Random,7,20270931,4,GURA,1,9.34657104423309e-06,81.4180647991135,3.04304993744516,89.6450191172715,0.337875129513422,0,0,100,4,200,0.0404040404040404,1
Random,7,20270931,4,GRA,1,4.17865782524392e-07,81.4180446955603,3.04304918606257,89.6479375669447,0.337886315460721,0,0,100,4,200,0.0404040404040404,1
Random,7,20270931,4,RRA,1,NaN,72.4500574571857,2.70786518147982,106.007662103245,0.396643299848102,0,0,100,4,200,0.0404040404040404,1
Random,7,20270931,5,GURA,1,9.46006413116152e-06,82.2225148919241,3.07311675137208,88.9975970564552,0.335670092910532,0,0,100,5,250,0.0505050505050505,1
Random,7,20270931,5,GRA,1,8.50385185951616e-07,82.2223505668586,3.07311060962232,88.9963351035833,0.335664423060395,0,0,100,5,250,0.0505050505050505,1
Random,7,20270931,5,RRA,1,NaN,73.163843406486,2.73454336762594,103.779203527108,0.388565459945284,0,0,100,5,250,0.0505050505050505,1
Random,7,20270931,6,GURA,1,9.95410678683584e-06,82.7566934258917,3.09308200058779,88.4879734201645,0.333814083992008,0,0,100,6,300,0.0606060606060606,1
Random,7,20270931,6,GRA,1,4.2301352788719e-07,82.7566028115331,3.09307861382074,88.4882977484694,0.33381546618255,0,0,100,6,300,0.0606060606060606,1
Random,7,20270931,6,RRA,1,NaN,73.8454977074764,2.76002061377648,99.6414172319918,0.372376394884588,0,0,100,6,300,0.0606060606060606,1
Random,7,20270931,7,GURA,1,9.50441333102958e-06,83.1054971969584,3.10611875473251,88.1761907572807,0.332658329216607,0,0,100,7,350,0.0707070707070707,1
Random,7,20270931,7,GRA,1,9.8045333430288e-07,83.1046215889282,3.10608602834718,88.1826631113147,0.332685831634153,0,0,100,7,350,0.0707070707070707,1
Random,7,20270931,7,RRA,1,NaN,74.4405524438608,2.78226114826718,98.6543512975448,0.369035128911057,0,0,100,7,350,0.0707070707070707,1
Random,7,20270931,8,GURA,1,9.82980027686153e-06,83.4229299083234,3.11798299634579,87.8355445096295,0.33141612452946,0,0,100,8,400,0.0808080808080808,1
Random,7,20270931,8,GRA,1,5.74959978134025e-07,83.4225493439736,3.1179687725206,87.832857666929,0.331405700523454,0,0,100,8,400,0.0808080808080808,1
Random,7,20270931,8,RRA,1,NaN,74.8633777043613,2.79806450082403,97.5554787686392,0.364879493348588,0,0,100,8,400,0.0808080808080808,1
Random,7,20270931,9,GURA,1,9.389490319478e-06,83.6615561201093,3.126901796868,87.5012636654736,0.330141798627071,0,0,100,9,450,0.0909090909090909,1
Random,7,20270931,9,GRA,1,3.76259759050525e-07,83.6614247571021,3.12689688709531,87.5007727871313,0.330140215330521,0,0,100,9,450,0.0909090909090909,1
Random,7,20270931,9,RRA,1,NaN,75.0887504730201,2.8064879458084,97.0223705431183,0.362976800908947,0,0,100,9,450,0.0909090909090909,1
Random,7,20270931,10,GURA,1,9.95361765632197e-06,83.9479867362931,3.13760731622431,87.4111371665905,0.329961143972904,0,0,100,10,500,0.101010101010101,1
Random,7,20270931,10,GRA,1,5.67079665071669e-07,83.947732740419,3.13759782297327,87.4152645839099,0.329978183588765,0,0,100,10,500,0.101010101010101,1
Random,7,20270931,10,RRA,1,NaN,75.486699160323,2.82136152123654,95.8638224034768,0.358937669936652,0,0,100,10,500,0.101010101010101,1
Random,7,20270931,11,GURA,1,9.49175785436296e-06,84.0910043736743,3.14295268783883,87.2797067836126,0.32946284965554,0,0,100,11,550,0.111111111111111,1
Random,7,20270931,11,GRA,1,6.46006109746044e-07,84.0908139702221,3.14294557139343,87.2809866420043,0.329468854867055,0,0,100,11,550,0.111111111111111,1
Random,7,20270931,11,RRA,1,NaN,75.5358269668121,2.82319770303272,95.7685699026605,0.358583588134533,0,0,100,11,550,0.111111111111111,1
Random,7,20270931,12,GURA,1,8.81006324959799e-06,84.1664627224844,3.1457729897484,87.1862542653036,0.329078049666232,0,0,100,12,600,0.121212121212121,1
Random,7,20270931,12,GRA,1,9.24439782154305e-07,84.1659392127076,3.14575342325051,87.1895217715351,0.329092566478995,0,0,100,12,600,0.121212121212121,1
Random,7,20270931,12,RRA,1,NaN,75.5753583114465,2.82467521120137,95.7249490081231,0.358378148963848,0,0,100,12,600,0.121212121212121,1
Random,7,20270931,13,GURA,1,9.82449352804338e-06,84.2790282330284,3.14998019450897,87.0498942126061,0.328576996782215,0,0,100,13,650,0.131313131313131,1
Random,7,20270931,13,GRA,1,9.80914262456278e-07,84.278299499574,3.14995295765069,87.0493548398544,0.328577108722341,0,0,100,13,650,0.131313131313131,1
Random,7,20270931,13,RRA,1,NaN,75.7080910616713,2.82963617887194,95.3140987085768,0.356762041284772,0,0,100,13,650,0.131313131313131,1
Random,8,20270932,4,GURA,1,9.41066121740164e-06,80.7647418098146,3.02365465993154,90.3109523843751,0.338696039727141,0,0,100,4,200,0.0404040404040404,1
Random,8,20270932,4,GRA,1,8.80401055337301e-07,80.7647289871539,3.02365417987927,90.3122292350869,0.338702122278228,0,0,100,4,200,0.0404040404040404,1
Random,8,20270932,4,RRA,1,NaN,72.4259804213242,2.71146973659285,144.869421990528,0.518945857460101,0,0,100,4,200,0.0404040404040404,1
Random,8,20270932,5,GURA,1,9.16889318958169e-06,81.6000588672872,3.05492709709595,89.3742830050301,0.33518483287132,0,0,100,5,250,0.0505050505050505,1
Random,8,20270932,5,GRA,1,9.14049587383836e-07,81.5997116968133,3.05491409979542,89.3727096571312,0.335179971515084,0,0,100,5,250,0.0505050505050505,1
Random,8,20270932,5,RRA,1,NaN,73.2399955200116,2.74194467517677,141.285878375327,0.504419217360244,0,0,100,5,250,0.0505050505050505,1
Random,8,20270932,6,GURA,1,9.61679883815236e-06,82.448001190586,3.08667219650124,88.5047719009326,0.332010979879944,0,0,100,6,300,0.0606060606060606,1
Random,8,20270932,6,GRA,1,7.82612898378541e-07,82.4475974229372,3.08665708032672,88.5063614035108,0.332016239075159,0,0,100,6,300,0.0606060606060606,1
Random,8,20270932,6,RRA,1,NaN,74.5067584040559,2.78936949709211,98.5362377178946,0.367055574528525,0,0,100,6,300,0.0606060606060606,1
Random,8,20270932,7,GURA,1,9.22804533587396e-06,82.700392730462,3.09612118177096,88.2529492404878,0.331103508902266,0,0,100,7,350,0.0707070707070707,1
Random,8,20270932,7,GRA,1,8.77321757541819e-07,82.7000524343833,3.0961084418327,88.255174006527,0.331111213391949,0,0,100,7,350,0.0707070707070707,1
Random,8,20270932,7,RRA,1,NaN,75.0501510815806,2.80971292622657,97.7348072424434,0.364353776217516,0,0,100,7,350,0.0707070707070707,1
Random,8,20270932,8,GURA,1,9.29176705710688e-06,83.0410239817674,3.10887366815609,87.9502166555087,0.329999388891928,0,0,100,8,400,0.0808080808080808,1
Random,8,20270932,8,GRA,1,8.28849574645524e-07,83.040794461177,3.10886507540896,87.9499852720993,0.329997907735391,0,0,100,8,400,0.0808080808080808,1
Random,8,20270932,8,RRA,1,NaN,75.0874174244296,2.8111080963056,97.6122209193035,0.363907658763316,0,0,100,8,400,0.0808080808080808,1
Random,8,20270932,9,GURA,1,8.18168806659969e-06,83.1872160960586,3.11434678003284,87.8194370332272,0.329515357009888,0,0,100,9,450,0.0909090909090909,1
Random,8,20270932,9,GRA,1,6.25448639649809e-07,83.1869796803324,3.11433792914696,87.8191259333249,0.329513892600207,0,0,100,9,450,0.0909090909090909,1
Random,8,20270932,9,RRA,1,NaN,75.2399250306341,2.81681764633748,97.0472187208861,0.361767410971426,0,0,100,9,450,0.0909090909090909,1
Random,8,20270932,10,GURA,1,8.56726710196654e-06,83.3400534075347,3.1200686735064,87.6834548267335,0.329043250049283,0,0,100,10,500,0.101010101010101,1
Random,8,20270932,10,GRA,1,7.52997531085705e-07,83.3397819435896,3.12005851049215,87.6854719520776,0.32905206413008,0,0,100,10,500,0.101010101010101,1
Random,8,20270932,10,RRA,1,NaN,75.5312847742229,2.8277255156215,95.9178587185566,0.35784226009138,0,0,100,10,500,0.101010101010101,1
Random,8,20270932,11,GURA,1,7.73275386123373e-06,83.4660711319071,3.12478650050609,87.5422733535416,0.32853802622165,0,0,100,11,550,0.111111111111111,1
Random,8,20270932,11,GRA,1,6.41225785963437e-07,83.4659206657609,3.12478086738384,87.5433899495203,0.328542440900406,0,0,100,11,550,0.111111111111111,1
Random,8,20270932,11,RRA,1,NaN,75.5381680452717,2.82798321018123,95.9428753076795,0.357914819437481,0,0,100,11,550,0.111111111111111,1
Random,8,20270932,12,GURA,1,9.97844508887624e-06,83.5974782552213,3.12970609477276,87.4784939992265,0.328335341164325,0,0,100,12,600,0.121212121212121,1
Random,8,20270932,12,GRA,1,7.11435851387236e-07,83.5972285253389,3.12969674543411,87.4809010520613,0.328345177737528,0,0,100,12,600,0.121212121212121,1
Random,8,20270932,12,RRA,1,NaN,75.6067774151371,2.83055179439582,95.7371787601227,0.357186182915405,0,0,100,12,600,0.121212121212121,1
Random,8,20270932,13,GURA,1,9.72002196064636e-06,83.7205634727446,3.13431413515268,87.3317369663504,0.327783683337485,0,0,100,13,650,0.131313131313131,1
Random,8,20270932,13,GRA,1,9.77530729681441e-08,83.7204935929644,3.13431151900709,87.3312403089071,0.327781693605219,0,0,100,13,650,0.131313131313131,1
Random,8,20270932,13,RRA,1,NaN,75.8643964027136,2.84019648383353,95.4408471780246,0.356092426704362,0,0,100,13,650,0.131313131313131,1
Random,9,20270933,4,GURA,1,9.59878436290751e-06,81.646988955684,3.02102826273208,90.2787122225845,0.338507327299803,0,0,100,4,200,0.0404040404040404,1
Random,9,20270933,4,GRA,1,2.90669897015092e-07,81.6468337622743,3.02102252040547,90.2795602723103,0.338511170240359,0,0,100,4,200,0.0404040404040404,1
Random,9,20270933,4,RRA,1,NaN,73.441199564789,2.71740504300286,129.855190588261,0.46916904537764,0,0,100,4,200,0.0404040404040404,1
Random,9,20270933,5,GURA,1,7.36566573777964e-06,82.3979412965657,3.04881432410171,89.6476371187342,0.336310629292068,0,0,100,5,250,0.0505050505050505,1
Random,9,20270933,5,GRA,1,6.79567442641443e-07,82.3974905970833,3.04879764772587,89.6387777678229,0.336275238182209,0,0,100,5,250,0.0505050505050505,1
Random,9,20270933,5,RRA,1,NaN,74.2339208947219,2.74673660284149,103.371413376316,0.387754965032055,0,0,100,5,250,0.0505050505050505,1
Random,9,20270933,6,GURA,1,8.35494468631737e-06,83.2359805705773,3.07982269764311,88.9944779377143,0.334016270704376,0,0,100,6,300,0.0606060606060606,1
Random,9,20270933,6,GRA,1,7.61284409139856e-07,83.2359426627236,3.07982129501089,88.9914245912297,0.334002196919867,0,0,100,6,300,0.0606060606060606,1
Random,9,20270933,6,RRA,1,NaN,75.5883783492841,2.79685301623576,97.5019505674401,0.363468255468443,0,0,100,6,300,0.0606060606060606,1
Random,9,20270933,7,GURA,1,9.34610883618348e-06,83.5134291407454,3.09008859945594,88.6789820593586,0.332801569230172,0,0,100,7,350,0.0707070707070707,1
Random,9,20270933,7,GRA,1,6.06564419571449e-07,83.5133453842012,3.09008550037182,88.6776224166709,0.332795223706584,0,0,100,7,350,0.0707070707070707,1
Random,9,20270933,7,RRA,1,NaN,75.8459141899412,2.80638212518691,97.2450444996518,0.362760828788952,0,0,100,7,350,0.0707070707070707,1
Random,9,20270933,8,GURA,1,7.52126718950308e-06,83.7757963489921,3.0997964743141,88.5041003065021,0.332221480284356,0,0,100,8,400,0.0808080808080808,1
Random,9,20270933,8,GRA,1,6.56583349983448e-07,83.7754510642105,3.09978369839796,88.5043584143309,0.332222752926664,0,0,100,8,400,0.0808080808080808,1
Random,9,20270933,8,RRA,1,NaN,76.1166428683064,2.8163993836227,96.6289845689026,0.360504364170628,0,0,100,8,400,0.0808080808080808,1
Random,9,20270933,9,GURA,1,6.94766535858093e-06,83.9287922889418,3.10545749212485,88.386898452466,0.331809985171212,0,0,100,9,450,0.0909090909090909,1
Random,9,20270933,9,GRA,1,9.09610886993501e-08,83.9286399345651,3.10545185484558,88.3870791581787,0.331810397521118,0,0,100,9,450,0.0909090909090909,1
Random,9,20270933,9,RRA,1,NaN,76.2603882167277,2.82171811938713,96.3361693626463,0.359464633207475,0,0,100,9,450,0.0909090909090909,1
Random,9,20270933,10,GURA,1,9.54941947739485e-06,84.0938007431349,3.11156298615571,88.2647235530623,0.331389562174012,0,0,100,10,500,0.101010101010101,1
Random,9,20270933,10,GRA,1,4.24125864676646e-08,84.0937925767083,3.11156268398895,88.2650983341433,0.331391596979291,0,0,100,10,500,0.101010101010101,1
Random,9,20270933,10,RRA,1,NaN,76.7685402104149,2.84052030124746,95.3069870281592,0.355820333056816,0,0,100,10,500,0.101010101010101,1
Random,9,20270933,11,GURA,1,9.99552149849592e-06,84.294811447055,3.11900060296707,88.0592742212877,0.330612420413023,0,0,100,11,550,0.111111111111111,1
Random,9,20270933,11,GRA,1,8.08573859757277e-07,84.2945029343114,3.11898918765673,88.059064539639,0.330611277338577,0,0,100,11,550,0.111111111111111,1
Random,9,20270933,11,RRA,1,NaN,76.8589519128857,2.84386563353637,95.2246224000688,0.355438537442917,0,0,100,11,550,0.111111111111111,1
Random,9,20270933,12,GURA,1,8.69456874141861e-06,84.4122617512862,3.12334639321712,87.9080020570937,0.330038869225686,0,0,100,12,600,0.121212121212121,1
Random,9,20270933,12,GRA,1,9.07356940913974e-07,84.4118009112793,3.12332934163073,87.9079243290418,0.330037742061089,0,0,100,12,600,0.121212121212121,1
Random,9,20270933,12,RRA,1,NaN,76.8442461727514,2.84332150500036,95.1614125209655,0.355160251691507,0,0,100,12,600,0.121212121212121,1
Random,9,20270933,13,GURA,1,9.81526446963699e-06,84.5145458275781,3.12713101637662,87.8074547822992,0.329666955634863,0,0,100,13,650,0.131313131313131,1
Random,9,20270933,13,GRA,1,4.24159971480298e-07,84.5141479318233,3.12711629379669,87.8064068165715,0.329662911921706,0,0,100,13,650,0.131313131313131,1
Random,9,20270933,13,RRA,1,NaN,76.9042105089356,2.84554025129689,94.9147308065001,0.354136889464658,0,0,100,13,650,0.131313131313131,1
Random,10,20270934,4,GURA,1,7.55695988274852e-06,80.1289431682949,3.02545480234371,89.779636565133,0.337501111178527,0,0,100,4,200,0.0404040404040404,1
Random,10,20270934,4,GRA,1,8.77896200901832e-07,80.1289385121725,3.02545462654097,89.7803267837633,0.337504299624231,0,0,100,4,200,0.0404040404040404,1
Random,10,20270934,4,RRA,1,NaN,71.9558440877392,2.71686041827248,105.654117689408,0.394041684933249,0,0,100,4,200,0.0404040404040404,1
Random,10,20270934,5,GURA,1,8.85692042729147e-06,81.0666718675865,3.06086093256819,88.8859926078262,0.334251799792686,0,0,100,5,250,0.0505050505050505,1
Random,10,20270934,5,GRA,1,5.03333719450547e-08,81.0666537963369,3.0608602502461,88.8855932333603,0.334250270796165,0,0,100,5,250,0.0505050505050505,1
Random,10,20270934,5,RRA,1,NaN,72.7789486372944,2.74793864686028,103.839688284811,0.387420343314957,0,0,100,5,250,0.0505050505050505,1
Random,10,20270934,6,GURA,1,9.98379800165594e-06,81.5904280469576,3.0806365665087,88.4335965289187,0.332610919748242,0,0,100,6,300,0.0606060606060606,1
Random,10,20270934,6,GRA,1,2.19480942430662e-07,81.5903478521926,3.08063353856864,88.4335755213173,0.332610743219109,0,0,100,6,300,0.0606060606060606,1
Random,10,20270934,6,RRA,1,NaN,73.766020241051,2.78520783332104,98.5370629002281,0.368175303124525,0,0,100,6,300,0.0606060606060606,1
Random,10,20270934,7,GURA,1,9.51795338366423e-06,81.9275775862145,3.09336643230152,88.1027175563863,0.331483432912241,0,0,100,7,350,0.0707070707070707,1
Random,10,20270934,7,GRA,1,3.57322566152971e-07,81.9268433821088,3.09333871071616,88.1029135966188,0.331484591721874,0,0,100,7,350,0.0707070707070707,1
Random,10,20270934,7,RRA,1,NaN,74.0923871608528,2.79753057621266,97.4698802885331,0.364268570363591,0,0,100,7,350,0.0707070707070707,1
Random,10,20270934,8,GURA,1,9.91977232445151e-06,82.179531644076,3.10287954434551,87.8272649587096,0.330501391333179,0,0,100,8,400,0.0808080808080808,1
Random,10,20270934,8,GRA,1,8.68577345243952e-07,82.1788872644136,3.10285521429114,87.8320565507667,0.330518848971327,0,0,100,8,400,0.0808080808080808,1
Random,10,20270934,8,RRA,1,NaN,74.3596582390432,2.80762201801965,96.6753600765763,0.361134034131497,0,0,100,8,400,0.0808080808080808,1
Random,10,20270934,9,GURA,1,9.38257021942945e-06,82.5032322838435,3.11510161562691,87.5768689663992,0.329585906725329,0,0,100,9,450,0.0909090909090909,1
Random,10,20270934,9,GRA,1,2.57533141160838e-08,82.5032277036199,3.11510144268991,87.5765891896654,0.329584765891757,0,0,100,9,450,0.0909090909090909,1
Random,10,20270934,9,RRA,1,NaN,74.6874981460734,2.82000037697344,95.7986733309866,0.35798118634576,0,0,100,9,450,0.0909090909090909,1
Random,10,20270934,10,GURA,1,8.85005439954512e-06,82.6562741284774,3.12088006677702,87.3534802809501,0.328736293478208,0,0,100,10,500,0.101010101010101,1
Random,10,20270934,10,GRA,1,3.37201812150399e-07,82.6562669370263,3.12087979524704,87.3533530967652,0.328735832536688,0,0,100,10,500,0.101010101010101,1
Random,10,20270934,10,RRA,1,NaN,74.9793078073072,2.83101833011299,95.2126939372539,0.355836836197367,0,0,100,10,500,0.101010101010101,1
Random,10,20270934,11,GURA,1,7.86496308791129e-06,82.7673368891902,3.12507349987964,87.261004260196,0.32838981933405,0,0,100,11,550,0.111111111111111,1
Random,10,20270934,11,GRA,1,5.88910173404998e-07,82.7670956509297,3.12506439136747,87.257822849194,0.328375875595352,0,0,100,11,550,0.111111111111111,1
Random,10,20270934,11,RRA,1,NaN,75.0440784597083,2.83346389689085,94.9592173223006,0.354955214017628,0,0,100,11,550,0.111111111111111,1
Random,10,20270934,12,GURA,1,9.67510244720415e-06,82.9070766594088,3.13034970024083,87.1760931580763,0.328084980001567,0,0,100,12,600,0.121212121212121,1
Random,10,20270934,12,GRA,1,3.64174292461525e-07,82.9068417831255,3.13034083193992,87.1747097412017,0.32807881006127,0,0,100,12,600,0.121212121212121,1
Random,10,20270934,12,RRA,1,NaN,75.0763141668696,2.83468103106462,94.8132314229677,0.354362985920114,0,0,100,12,600,0.121212121212121,1
Random,10,20270934,13,GURA,1,9.81438299163528e-06,83.0245104809699,3.13478368757863,87.037614347427,0.327543697025279,0,0,100,13,650,0.131313131313131,1
Random,10,20270934,13,GRA,1,9.93832342103767e-07,83.0239167318574,3.13476126919854,87.0382744212967,0.327546364058675,0,0,100,13,650,0.131313131313131,1
Random,10,20270934,13,RRA,1,NaN,75.1811560245588,2.83863957949033,94.6639322421554,0.353692552993573,0,0,100,13,650,0.131313131313131,1
Random,11,20270935,4,GURA,1,7.92401477411886e-06,78.5314756377196,3.03948744537438,87.2242931937848,0.340268301362646,0,0,100,4,200,0.0404040404040404,1
Random,11,20270935,4,GRA,1,5.08867441264952e-07,78.5314709506428,3.03948726396545,87.2251906907448,0.34027226592972,0,0,100,4,200,0.0404040404040404,1
Random,11,20270935,4,RRA,1,NaN,70.1636852210454,2.71561992970033,113.462639384655,0.435641668238579,0,0,100,4,200,0.0404040404040404,1
Random,11,20270935,5,GURA,1,9.7296605652275e-06,79.252407935407,3.0673904568738,86.2689611658176,0.336772840782416,0,0,100,5,250,0.0505050505050505,1
Random,11,20270935,5,GRA,1,8.94298478559589e-07,79.2519914644175,3.06737433775298,86.2685275515115,0.336771223812698,0,0,100,5,250,0.0505050505050505,1
Random,11,20270935,5,RRA,1,NaN,70.8918537222437,2.74380301170072,100.474788467803,0.388187535034739,0,0,100,5,250,0.0505050505050505,1
Random,11,20270935,6,GURA,1,9.68134722612035e-06,79.6910918034675,3.08436930641955,85.8424120221594,0.335191614323053,0,0,100,6,300,0.0606060606060606,1
Random,11,20270935,6,GRA,1,5.29736223639271e-07,79.6908204721079,3.08435880479259,85.8417659277353,0.335188179410929,0,0,100,6,300,0.0606060606060606,1
Random,11,20270935,6,RRA,1,NaN,71.9988692101074,2.78664901261784,95.0646533512734,0.367657389299867,0,0,100,6,300,0.0606060606060606,1
Random,11,20270935,7,GURA,1,9.12611946546349e-06,80.0563993726167,3.09850819482209,85.361732852782,0.33324692945196,0,0,100,7,350,0.0707070707070707,1
Random,11,20270935,7,GRA,1,9.81683167215069e-08,80.0562971020218,3.0985042365342,85.3632665789901,0.333253905404773,0,0,100,7,350,0.0707070707070707,1
Random,11,20270935,7,RRA,1,NaN,72.3618081914081,2.80069622703909,94.1664244627636,0.364486237855534,0,0,100,7,350,0.0707070707070707,1
Random,11,20270935,8,GURA,1,9.49632256563859e-06,80.3235648122361,3.10884858372943,85.0524424164319,0.332048772438186,0,0,100,8,400,0.0808080808080808,1
Random,11,20270935,8,GRA,1,4.22721819313994e-07,80.3235099541912,3.10884646050002,85.0531714387182,0.332052486326109,0,0,100,8,400,0.0808080808080808,1
Random,11,20270935,8,RRA,1,NaN,72.6147863287984,2.81048750965932,93.4487416337397,0.361933284531146,0,0,100,8,400,0.0808080808080808,1
Random,11,20270935,9,GURA,1,9.42963530903285e-06,80.6033456174735,3.11967723858496,84.6969009944901,0.330654604207815,0,0,100,9,450,0.0909090909090909,1
Random,11,20270935,9,GRA,1,5.42802282236018e-07,80.6031851900457,3.11967102939114,84.6974257292865,0.330657029799528,0,0,100,9,450,0.0909090909090909,1
Random,11,20270935,9,RRA,1,NaN,72.7767880313909,2.81675763430884,93.0510880075962,0.360307902383499,0,0,100,9,450,0.0909090909090909,1
Random,11,20270935,10,GURA,1,8.71517385903076e-06,80.782211616936,3.12660008009985,84.4948835151839,0.329853595823929,0,0,100,10,500,0.101010101010101,1
Random,11,20270935,10,GRA,1,6.1760953395217e-07,80.7815964234043,3.12657626960856,84.4946153602214,0.329852098781193,0,0,100,10,500,0.101010101010101,1
Random,11,20270935,10,RRA,1,NaN,73.0497644396752,2.82732293133307,92.3994142030107,0.357826930373625,0,0,100,10,500,0.101010101010101,1
Random,11,20270935,11,GURA,1,9.77945189362117e-06,80.9373989208755,3.13260645981162,84.4134593054807,0.329592610933771,0,0,100,11,550,0.111111111111111,1
Random,11,20270935,11,GRA,1,8.6295597923434e-07,80.9372108574103,3.13259918099078,84.4154991362362,0.329603298684338,0,0,100,11,550,0.111111111111111,1
Random,11,20270935,11,RRA,1,NaN,73.088565565087,2.82882469266631,92.0928459255668,0.356736692634344,0,0,100,11,550,0.111111111111111,1
Random,11,20270935,12,GURA,1,9.98797306905885e-06,81.0254909905008,3.13601598112124,84.356021342279,0.329388635757676,0,0,100,12,600,0.121212121212121,1
Random,11,20270935,12,GRA,1,1.37654281574153e-07,81.0253965836539,3.13601232719237,84.3563991901702,0.329389975618834,0,0,100,12,600,0.121212121212121,1
Random,11,20270935,12,RRA,1,NaN,73.1119962202623,2.82973155429936,91.9687983381326,0.356248914122842,0,0,100,12,600,0.121212121212121,1
Random,11,20270935,13,GURA,1,9.63007660104154e-06,81.0986181992068,3.1388463014606,84.3312333364009,0.329334712295067,0,0,100,13,650,0.131313131313131,1
Random,11,20270935,13,GRA,1,8.2342076532959e-07,81.0980788670882,3.13882542711448,84.3317573941148,0.329336998712093,0,0,100,13,650,0.131313131313131,1
Random,11,20270935,13,RRA,1,NaN,73.2306200840207,2.83432278019557,91.7836677620292,0.355570082210511,0,0,100,13,650,0.131313131313131,1
Random,12,20270936,4,GURA,1,8.44673072109003e-06,77.9136626286246,3.01247784733933,88.0214301156918,0.341570642527417,0,0,100,4,200,0.0404040404040404,1
Random,12,20270936,4,GRA,1,9.4693349489705e-07,77.9131298672913,3.01245724849107,88.0233263335124,0.341578860588819,0,0,100,4,200,0.0404040404040404,1
Random,12,20270936,4,RRA,1,NaN,69.7260134523857,2.69590805799735,112.372419887253,0.434003226702186,0,0,100,4,200,0.0404040404040404,1
Random,12,20270936,5,GURA,1,8.36453727259823e-06,78.7373134695399,3.04432373711641,87.0508750724388,0.338043221827095,0,0,100,5,250,0.0505050505050505,1
Random,12,20270936,5,GRA,1,3.72898898255059e-07,78.737215633743,3.04431995436303,87.0504696382592,0.338041775046552,0,0,100,5,250,0.0505050505050505,1
Random,12,20270936,5,RRA,1,NaN,70.3892981059352,2.72155350011733,102.193723706723,0.394017398342983,0,0,100,5,250,0.0505050505050505,1
Random,12,20270936,6,GURA,1,7.92630716262011e-06,79.6788052541636,3.08072586543311,85.9305038104158,0.333845064629954,0,0,100,6,300,0.0606060606060606,1
Random,12,20270936,6,GRA,1,6.76609364340527e-07,79.6784702830143,3.08071291400543,85.9311437258413,0.333847545683423,0,0,100,6,300,0.0606060606060606,1
Random,12,20270936,6,RRA,1,NaN,71.6137756526912,2.76889707709367,96.0813607210811,0.370381612297094,0,0,100,6,300,0.0606060606060606,1
Random,12,20270936,7,GURA,1,4.84703187098035e-06,79.9797330765553,3.09236103143633,85.6417719443097,0.332765399937742,0,0,100,7,350,0.0707070707070707,1
Random,12,20270936,7,GRA,1,1.26237789599126e-08,79.9797327869617,3.09236102023939,85.6416703500046,0.332765058346044,0,0,100,7,350,0.0707070707070707,1
Random,12,20270936,7,RRA,1,NaN,71.8063590337228,2.77634318024876,95.5052807701623,0.368584871236583,0,0,100,7,350,0.0707070707070707,1
Random,12,20270936,8,GURA,1,9.93445836883211e-06,80.1538257411843,3.09909220383775,85.5361836618138,0.332434890423765,0,0,100,8,400,0.0808080808080808,1
Random,12,20270936,8,GRA,1,7.2037026298445e-07,80.1536075007246,3.0990837657214,85.5374100274938,0.332439273907335,0,0,100,8,400,0.0808080808080808,1
Random,12,20270936,8,RRA,1,NaN,72.1304992227206,2.78887583634327,94.9317832962699,0.366293976327457,0,0,100,8,400,0.0808080808080808,1
Random,12,20270936,9,GURA,1,9.20871032761283e-06,80.3072326525552,3.1050235759045,85.3050819234326,0.331519578766734,0,0,100,9,450,0.0909090909090909,1
Random,12,20270936,9,GRA,1,5.91129827627905e-07,80.3071366413638,3.10501986369822,85.3031093821842,0.331510921389283,0,0,100,9,450,0.0909090909090909,1
Random,12,20270936,9,RRA,1,NaN,72.3509621237587,2.79739988184608,94.2857048694707,0.363747423236906,0,0,100,9,450,0.0909090909090909,1
Random,12,20270936,10,GURA,1,9.99801788736931e-06,80.5120592969998,3.1129430563668,85.2023654928627,0.33118351131199,0,0,100,10,500,0.101010101010101,1
Random,12,20270936,10,GRA,1,8.9604014731311e-07,80.5117884846347,3.11293258559412,85.2004754283401,0.331174200051271,0,0,100,10,500,0.101010101010101,1
Random,12,20270936,10,RRA,1,NaN,72.8358451943857,2.81614755022071,93.3533834527508,0.360241306763542,0,0,100,10,500,0.101010101010101,1
Random,12,20270936,11,GURA,1,9.64126981983782e-06,80.6035939062229,3.11648217868818,85.0795800597411,0.330713285388919,0,0,100,11,550,0.111111111111111,1
Random,12,20270936,11,GRA,1,9.04553510481287e-07,80.6032493385159,3.11646885621624,85.0827609769787,0.330726745784525,0,0,100,11,550,0.111111111111111,1
Random,12,20270936,11,RRA,1,NaN,72.9334040774903,2.81991959692277,93.2945587371493,0.360032812694128,0,0,100,11,550,0.111111111111111,1
Random,12,20270936,12,GURA,1,9.80491015312168e-06,80.7421388003636,3.12183892114362,84.969620815549,0.330315879479334,0,0,100,12,600,0.121212121212121,1
Random,12,20270936,12,GRA,1,8.83095187355965e-07,80.7416365586373,3.12181950231483,84.9694970599213,0.330314045011866,0,0,100,12,600,0.121212121212121,1
Random,12,20270936,12,RRA,1,NaN,72.8879139444954,2.81816075241082,93.2689669201173,0.359941904981776,0,0,100,12,600,0.121212121212121,1
Random,12,20270936,13,GURA,1,9.99541759583167e-06,80.9573949637936,3.13016165174,84.7371503960331,0.329404948311818,0,0,100,13,650,0.131313131313131,1
Random,12,20270936,13,GRA,1,7.96356427182985e-07,80.9562407888862,3.13011702636593,84.7424823968505,0.329426414144153,0,0,100,13,650,0.131313131313131,1
Random,12,20270936,13,RRA,1,NaN,73.0775214801039,2.82549179656199,93.0086365362001,0.358954005717132,0,0,100,13,650,0.131313131313131,1
Random,13,20270937,4,GURA,1,9.9099955015447e-06,82.561266811558,3.06183367720148,88.2008091702447,0.33811580373599,0,0,100,4,200,0.0404040404040404,1
Random,13,20270937,4,GRA,1,2.51286113948414e-10,82.5612667961852,3.06183367663137,88.2007719538384,0.338115625414715,0,0,100,4,200,0.0404040404040404,1
Random,13,20270937,4,RRA,1,NaN,73.3152368076184,2.71893915608066,103.764268497569,0.393688596545088,0,0,100,4,200,0.0404040404040404,1
Random,13,20270937,5,GURA,1,6.56759201334012e-06,83.2821485345303,3.08856800459151,87.5678767101474,0.335761403357139,0,0,100,5,250,0.0505050505050505,1
Random,13,20270937,5,GRA,1,4.65894591091634e-07,83.2820994414834,3.08856618394667,87.5679678827785,0.33576199444124,0,0,100,5,250,0.0505050505050505,1
Random,13,20270937,5,RRA,1,NaN,74.0206647354716,2.74510037028864,101.375527290689,0.384467471139173,0,0,100,5,250,0.0505050505050505,1
Random,13,20270937,6,GURA,1,8.92843559441303e-06,83.9898538971384,3.11481367882172,87.2171797206249,0.334738528610711,0,0,100,6,300,0.0606060606060606,1
Random,13,20270937,6,GRA,1,2.21100552168517e-07,83.9898028027135,3.11481178395458,87.2163231620473,0.334734424992106,0,0,100,6,300,0.0606060606060606,1
Random,13,20270937,6,RRA,1,NaN,75.1148926992065,2.78568046503871,96.2911367663317,0.365466826613722,0,0,100,6,300,0.0606060606060606,1
Random,13,20270937,7,GURA,1,9.92957103918002e-06,84.2261357209781,3.12357633077077,86.9676600565548,0.333791040923682,0,0,100,7,350,0.0707070707070707,1
Random,13,20270937,7,GRA,1,7.77016399052238e-07,84.2259947056549,3.12357110113365,86.9680332161957,0.333793424496486,0,0,100,7,350,0.0707070707070707,1
Random,13,20270937,7,RRA,1,NaN,75.4652945915593,2.79867532759345,95.745343228064,0.36355378351842,0,0,100,7,350,0.0707070707070707,1
Random,13,20270937,8,GURA,1,7.11607311387752e-06,84.499622374195,3.13371874594223,86.9030605269308,0.333624178689593,0,0,100,8,400,0.0808080808080808,1
Random,13,20270937,8,GRA,1,7.25476505313103e-07,84.4992526622459,3.13370503495474,86.9054826517352,0.333634279319403,0,0,100,8,400,0.0808080808080808,1
Random,13,20270937,8,RRA,1,NaN,75.6185698524928,2.80435963179482,95.5301230990533,0.362728898777071,0,0,100,8,400,0.0808080808080808,1
Random,13,20270937,9,GURA,1,8.89743577303648e-06,84.6874649374892,3.14068499910813,86.799286669951,0.333295028756111,0,0,100,9,450,0.0909090909090909,1
Random,13,20270937,9,GRA,1,7.8944802416981e-07,84.6871357924935,3.14067279257023,86.7992231551856,0.333294385010152,0,0,100,9,450,0.0909090909090909,1
Random,13,20270937,9,RRA,1,NaN,75.8063903217919,2.81132506559177,95.143044314804,0.361221810074727,0,0,100,9,450,0.0909090909090909,1
Random,13,20270937,10,GURA,1,9.63833193878827e-06,84.7748935378746,3.14392734074542,86.7525464890549,0.333160178474249,0,0,100,10,500,0.101010101010101,1
Random,13,20270937,10,GRA,1,7.25479444656967e-07,84.7746550662363,3.1439184968829,86.7521780063969,0.333158892427544,0,0,100,10,500,0.101010101010101,1
Random,13,20270937,10,RRA,1,NaN,76.2573153576823,2.82804788870365,94.026372864991,0.35745597947638,0,0,100,10,500,0.101010101010101,1
Random,13,20270937,11,GURA,1,9.34320192058635e-06,84.8871478095767,3.14809035716681,86.6666669865997,0.332818422214729,0,0,100,11,550,0.111111111111111,1
Random,13,20270937,11,GRA,1,8.97137754664497e-07,84.8864880880266,3.1480658910008,86.6687340818436,0.332827033090716,0,0,100,11,550,0.111111111111111,1
Random,13,20270937,11,RRA,1,NaN,76.4002602641685,2.8333490855671,94.0746100484475,0.357761756685663,0,0,100,11,550,0.111111111111111,1
Random,13,20270937,12,GURA,1,9.40680297745189e-06,85.0661886341978,3.15473019261979,86.4938576320406,0.332180053592933,0,0,100,12,600,0.121212121212121,1
Random,13,20270937,12,GRA,1,8.96360108616356e-07,85.0657405978961,3.15471357692711,86.4988451324339,0.332199241935739,0,0,100,12,600,0.121212121212121,1
Random,13,20270937,12,RRA,1,NaN,76.4307675466948,2.83448046628164,93.9926239700755,0.357483410472939,0,0,100,12,600,0.121212121212121,1
Random,13,20270937,13,GURA,1,8.64087162355531e-06,85.1462401775503,3.15769895171003,86.4079059106228,0.33184576365302,0,0,100,13,650,0.131313131313131,1
Random,13,20270937,13,GRA,1,7.32236923611729e-07,85.1460158674402,3.15769063303621,86.4085488590162,0.331850727767565,0,0,100,13,650,0.131313131313131,1
Random,13,20270937,13,RRA,1,NaN,76.4617581414971,2.83562977091936,93.8559260300008,0.356882183688664,0,0,100,13,650,0.131313131313131,1
Random,14,20270938,4,GURA,1,7.78025233572066e-06,78.4732667500151,3.01597161630939,91.0356059558513,0.336452741425513,0,0,100,4,200,0.0404040404040404,1
Random,14,20270938,4,GRA,1,3.42000040792585e-09,78.4732596431339,3.01597134316985,91.0356286704988,0.336452906322199,0,0,100,4,200,0.0404040404040404,1
Random,14,20270938,4,RRA,1,NaN,70.5580561121262,2.71176546293195,110.393357308066,0.405331407396877,0,0,100,4,200,0.0404040404040404,1
Random,14,20270938,5,GURA,1,9.39752701611951e-06,79.3957869132775,3.05142693431897,90.0420478141709,0.332905545175077,0,0,100,5,250,0.0505050505050505,1
Random,14,20270938,5,GRA,1,5.65338483827181e-07,79.395744364932,3.05142529905376,90.0424021304017,0.332907394231816,0,0,100,5,250,0.0505050505050505,1
Random,14,20270938,5,RRA,1,NaN,71.3345201912933,2.74160739153819,110.733038769241,0.405615862175664,0,0,100,5,250,0.0505050505050505,1
Random,14,20270938,6,GURA,1,9.84443795815082e-06,80.247476045837,3.08415999560341,89.0805350450789,0.329522828615398,0,0,100,6,300,0.0606060606060606,1
Random,14,20270938,6,GRA,1,8.67595389175072e-07,80.2474688450611,3.0841597188552,89.0825620605295,0.329530991892804,0,0,100,6,300,0.0606060606060606,1
Random,14,20270938,6,RRA,1,NaN,72.4793858525116,2.78560813831124,100.582264910812,0.370037682319549,0,0,100,6,300,0.0606060606060606,1
Random,14,20270938,7,GURA,1,9.45525677309433e-06,80.5768149139262,3.09681751222584,88.5727828458905,0.327620105255706,0,0,100,7,350,0.0707070707070707,1
Random,14,20270938,7,GRA,1,8.79214249424913e-07,80.5768104952545,3.09681734240255,88.5733610877999,0.327622152552932,0,0,100,7,350,0.0707070707070707,1
Random,14,20270938,7,RRA,1,NaN,72.6517888830904,2.79223412278118,100.152335379325,0.36832558209949,0,0,100,7,350,0.0707070707070707,1
Random,14,20270938,8,GURA,1,8.6825897724907e-06,80.7723679812852,3.10433322458321,88.3889973499951,0.326948464731588,0,0,100,8,400,0.0808080808080808,1
Random,14,20270938,8,GRA,1,9.91113066792042e-07,80.7723424823236,3.10433224457884,88.3889219041065,0.326947974933703,0,0,100,8,400,0.0808080808080808,1
Random,14,20270938,8,RRA,1,NaN,72.8641957233137,2.80039757802849,99.7722604890822,0.366991935225027,0,0,100,8,400,0.0808080808080808,1
Random,14,20270938,9,GURA,1,9.75036488171099e-06,80.9435166237416,3.11091099901769,88.2251021827909,0.326371403751662,0,0,100,9,450,0.0909090909090909,1
Random,14,20270938,9,GRA,1,6.9017509253427e-07,80.9432998792047,3.11090266885128,88.2270568895686,0.326379154062581,0,0,100,9,450,0.0909090909090909,1
Random,14,20270938,9,RRA,1,NaN,72.8725160830496,2.80071735532132,99.3964368013842,0.365536793501604,0,0,100,9,450,0.0909090909090909,1
Random,14,20270938,10,GURA,1,9.2845293053756e-06,81.1774419990605,3.11990147847032,87.994740432672,0.325562280176908,0,0,100,10,500,0.101010101010101,1
Random,14,20270938,10,GRA,1,3.85613273183095e-07,81.1773831376023,3.11989921624148,87.994743141892,0.325562922421972,0,0,100,10,500,0.101010101010101,1
Random,14,20270938,10,RRA,1,NaN,73.3696402174863,2.81982338137755,97.8360500853737,0.359962117866503,0,0,100,10,500,0.101010101010101,1
Random,14,20270938,11,GURA,1,7.26855912702717e-06,81.4103361196836,3.12885232359879,87.7546911874161,0.32469628903616,0,0,100,11,550,0.111111111111111,1
Random,14,20270938,11,GRA,1,5.00776374894153e-07,81.4102333251719,3.12884837288612,87.7566057035695,0.324703019095367,0,0,100,11,550,0.111111111111111,1
Random,14,20270938,11,RRA,1,NaN,73.4523857566453,2.82300354970513,97.3641578890825,0.358242183003404,0,0,100,11,550,0.111111111111111,1
Random,14,20270938,12,GURA,1,8.75601524086278e-06,81.4991946812662,3.13226743438363,87.6724452233204,0.324398810341582,0,0,100,12,600,0.121212121212121,1
Random,14,20270938,12,GRA,1,8.72109030455981e-07,81.4985881366167,3.13224412298698,87.670226233877,0.324390582570328,0,0,100,12,600,0.121212121212121,1
Random,14,20270938,12,RRA,1,NaN,73.5095345243758,2.82519995452578,97.2002078336428,0.357613044008812,0,0,100,12,600,0.121212121212121,1
Random,14,20270938,13,GURA,1,9.69668861827699e-06,81.5881288697184,3.13568545174419,87.5681753663296,0.324006831773358,0,0,100,13,650,0.131313131313131,1
Random,14,20270938,13,GRA,1,1.98534804190544e-07,81.5878943543393,3.13567643858905,87.5685219313828,0.324008173907993,0,0,100,13,650,0.131313131313131,1
Random,14,20270938,13,RRA,1,NaN,73.5465828631501,2.82662383736898,96.9767930897674,0.356685363633857,0,0,100,13,650,0.131313131313131,1
Random,15,20270939,4,GURA,1,8.59584243428912e-06,83.1327190944338,3.05583450170202,91.2082813732659,0.337679105409898,0,0,100,4,200,0.0404040404040404,1
Random,15,20270939,4,GRA,1,4.90426702691915e-07,83.1327169935255,3.05583442447577,91.208751801407,0.337680893378958,0,0,100,4,200,0.0404040404040404,1
Random,15,20270939,4,RRA,1,NaN,74.6161199718728,2.74277704707548,108.826940524611,0.401379978035333,0,0,100,4,200,0.0404040404040404,1
Random,15,20270939,5,GURA,1,9.40932045523368e-06,83.9735746328947,3.08674309453245,90.2347222896344,0.33424440025653,0,0,100,5,250,0.0505050505050505,1
Random,15,20270939,5,GRA,1,3.94780705394222e-07,83.9735461488154,3.08674204750026,90.2339607942353,0.33424108810456,0,0,100,5,250,0.0505050505050505,1
Random,15,20270939,5,RRA,1,NaN,75.2025553224407,2.76433353406163,106.290673797498,0.393020347001297,0,0,100,5,250,0.0505050505050505,1
Random,15,20270939,6,GURA,1,9.02273291103484e-06,84.4108960511176,3.10281837623496,89.9210072490996,0.333151588994533,0,0,100,6,300,0.0606060606060606,1
Random,15,20270939,6,GRA,1,5.35444167902891e-08,84.410894394173,3.10281831532815,89.9206258579048,0.333149773887817,0,0,100,6,300,0.0606060606060606,1
Random,15,20270939,6,RRA,1,NaN,75.9366829904403,2.79131896989201,99.6185428339265,0.366168228307002,0,0,100,6,300,0.0606060606060606,1
Random,15,20270939,7,GURA,1,9.63936116349373e-06,84.6619639192459,3.11204725581514,89.70523023637,0.332481558603847,0,0,100,7,350,0.0707070707070707,1
Random,15,20270939,7,GRA,1,2.47278358344489e-07,84.6618478854041,3.11204299058454,89.7075843218903,0.332490845789241,0,0,100,7,350,0.0707070707070707,1
Random,15,20270939,7,RRA,1,NaN,76.2329616627644,2.80220973106124,98.832260130535,0.36358087390841,0,0,100,7,350,0.0707070707070707,1
Random,15,20270939,8,GURA,1,8.59035765543581e-06,84.8422901828556,3.11867577974535,89.4963322250255,0.331714437965389,0,0,100,8,400,0.0808080808080808,1
Random,15,20270939,8,GRA,1,7.45632374870263e-07,84.8422258937136,3.11867341657258,89.4979470186528,0.331721355633184,0,0,100,8,400,0.0808080808080808,1
Random,15,20270939,8,RRA,1,NaN,76.4701963465429,2.81093012346014,98.5938837825594,0.362616163962576,0,0,100,8,400,0.0808080808080808,1
Random,15,20270939,9,GURA,1,8.07786451417769e-06,85.1026395072404,3.12824583178522,89.2158479997065,0.330686189274899,0,0,100,9,450,0.0909090909090909,1
Random,15,20270939,9,GRA,1,8.5839178474946e-08,85.1025615954058,3.12824296786263,89.2153138975866,0.330684562357372,0,0,100,9,450,0.0909090909090909,1
Random,15,20270939,9,RRA,1,NaN,76.6840797643356,2.81879215822277,97.9186726002745,0.359948628704552,0,0,100,9,450,0.0909090909090909,1
Random,15,20270939,10,GURA,1,8.8469538610525e-06,85.2761263100606,3.13462294735925,89.0871088055427,0.33024321241862,0,0,100,10,500,0.101010101010101,1
Random,15,20270939,10,GRA,1,5.80408790893142e-07,85.2758458232833,3.13461263708454,89.0876402653948,0.330245691314045,0,0,100,10,500,0.101010101010101,1
Random,15,20270939,10,RRA,1,NaN,77.1503126140292,2.83593018093441,96.7442656756528,0.355850747398232,0,0,100,10,500,0.101010101010101,1
Random,15,20270939,11,GURA,1,9.38045930709563e-06,85.4714789994733,3.14180382024312,88.896125555452,0.329525350583301,0,0,100,11,550,0.111111111111111,1
Random,15,20270939,11,GRA,1,8.59476901617625e-07,85.4705925654638,3.14177123625381,88.89911608803,0.329535803221787,0,0,100,11,550,0.111111111111111,1
Random,15,20270939,11,RRA,1,NaN,77.2338794610288,2.83900197332905,96.5997554804883,0.355396183367684,0,0,100,11,550,0.111111111111111,1
Random,15,20270939,12,GURA,1,8.74918643845035e-06,85.5686243563686,3.14537473836675,88.7676239366968,0.329034764172573,0,0,100,12,600,0.121212121212121,1
Random,15,20270939,12,GRA,1,9.35093780321094e-07,85.5684039972613,3.14536663829532,88.7672054192009,0.329030942668788,0,0,100,12,600,0.121212121212121,1
Random,15,20270939,12,RRA,1,NaN,77.1020197754168,2.83415500836668,96.6699629585595,0.355595507790448,0,0,100,12,600,0.121212121212121,1
Random,15,20270939,13,GURA,1,9.71927580550869e-06,85.7158413005155,3.15078621319952,88.6247829078676,0.328529005824232,0,0,100,13,650,0.131313131313131,1
Random,15,20270939,13,GRA,1,6.07841173609392e-07,85.7157170172615,3.15078164473286,88.6268259163139,0.328538088182993,0,0,100,13,650,0.131313131313131,1
Random,15,20270939,13,RRA,1,NaN,77.1849012357865,2.8372016069732,96.5707681003025,0.355207239994764,0,0,100,13,650,0.131313131313131,1
Random,16,20270940,4,GURA,1,7.71711779989914e-06,81.5458735261204,3.03347553107802,90.1379704579484,0.340879425634766,0,0,100,4,200,0.0404040404040404,1
Random,16,20270940,4,GRA,1,2.13952513407524e-07,81.5458711972065,3.03347544444331,90.1388601177764,0.340883464364498,0,0,100,4,200,0.0404040404040404,1
Random,16,20270940,4,RRA,1,NaN,72.720942398205,2.70519144406772,110.024650706452,0.413663663138528,0,0,100,4,200,0.0404040404040404,1
Random,16,20270940,5,GURA,1,9.90534408984445e-06,82.785661536249,3.07959517429019,88.8690970293685,0.336398333822695,0,0,100,5,250,0.0505050505050505,1
Random,16,20270940,5,GRA,1,7.72278052919289e-07,82.7855179015853,3.07958983113524,88.8721460224801,0.336409324276258,0,0,100,5,250,0.0505050505050505,1
Random,16,20270940,5,RRA,1,NaN,73.7754875187704,2.74442012212741,103.546298771984,0.388771600825831,0,0,100,5,250,0.0505050505050505,1
Random,16,20270940,6,GURA,1,9.67947921637347e-06,83.3474531796274,3.10049361010382,88.3307086849638,0.334454993061516,0,0,100,6,300,0.0606060606060606,1
Random,16,20270940,6,GRA,1,7.01408410861803e-07,83.3470136493976,3.10047725974617,88.3344823467933,0.334470150669902,0,0,100,6,300,0.0606060606060606,1
Random,16,20270940,6,RRA,1,NaN,74.575777086623,2.77419059017053,98.2235665994065,0.368391037633954,0,0,100,6,300,0.0606060606060606,1
Random,16,20270940,7,GURA,1,9.33774348865768e-06,83.7277912358088,3.11464204137416,87.9764131396011,0.333190713689838,0,0,100,7,350,0.0707070707070707,1
Random,16,20270940,7,GRA,1,7.44154488983135e-07,83.7274338298914,3.11462874600974,87.9791980420577,0.333202725923858,0,0,100,7,350,0.0707070707070707,1
Random,16,20270940,7,RRA,1,NaN,74.9587984613963,2.7884388398736,97.3663439232381,0.365381022471752,0,0,100,7,350,0.0707070707070707,1
Random,16,20270940,8,GURA,1,8.85247636617237e-06,84.0266110056983,3.12575802334806,87.7338322286652,0.332318454982267,0,0,100,8,400,0.0808080808080808,1
Random,16,20270940,8,GRA,1,8.81499664033316e-07,84.0258877793612,3.12573111960294,87.7325798229924,0.332312041941929,0,0,100,8,400,0.0808080808080808,1
Random,16,20270940,8,RRA,1,NaN,75.3340224229011,2.80239702876386,96.706977681656,0.362859278869201,0,0,100,8,400,0.0808080808080808,1
Random,16,20270940,9,GURA,1,9.79013532287354e-06,84.3325638425195,3.13713935270329,87.4214237420918,0.331188751372729,0,0,100,9,450,0.0909090909090909,1
Random,16,20270940,9,GRA,1,6.88151921264182e-07,84.3323858540467,3.13713273159969,87.4214635607847,0.331188416575745,0,0,100,9,450,0.0909090909090909,1
Random,16,20270940,9,RRA,1,NaN,75.4551832983496,2.80690416732409,96.2891307104817,0.361100785161625,0,0,100,9,450,0.0909090909090909,1
Random,16,20270940,10,GURA,1,9.4956046901018e-06,84.5591966284298,3.14557000628356,87.2647582651577,0.330597874134395,0,0,100,10,500,0.101010101010101,1
Random,16,20270940,10,GRA,1,9.78612293733391e-07,84.5587061323384,3.14555176001521,87.2702937935931,0.330622621143328,0,0,100,10,500,0.101010101010101,1
Random,16,20270940,10,RRA,1,NaN,75.88728738567,2.82297827529652,95.4019104819514,0.357894114513812,0,0,100,10,500,0.101010101010101,1
Random,16,20270940,11,GURA,1,9.62915377300533e-06,84.706755229534,3.1510591302146,87.1355099165544,0.330120773503652,0,0,100,11,550,0.111111111111111,1
Random,16,20270940,11,GRA,1,9.69833910969721e-07,84.7063326477788,3.15104341033376,87.1353154672061,0.330119514339747,0,0,100,11,550,0.111111111111111,1
Random,16,20270940,11,RRA,1,NaN,75.9583806323531,2.82562291707805,95.3108556448988,0.357567697937401,0,0,100,11,550,0.111111111111111,1
Random,16,20270940,12,GURA,1,9.7534983503067e-06,84.7561485268204,3.15289654211834,87.0887314217587,0.329946080936103,0,0,100,12,600,0.121212121212121,1
Random,16,20270940,12,GRA,1,9.94904558981056e-07,84.7556804469026,3.15287912972313,87.0871050205227,0.329938268881037,0,0,100,12,600,0.121212121212121,1
Random,16,20270940,12,RRA,1,NaN,75.9149706248203,2.8240080812812,95.1785251900411,0.357051353373521,0,0,100,12,600,0.121212121212121,1
Random,16,20270940,13,GURA,1,9.93469417309711e-06,84.8851197973466,3.15769422440974,86.9772365002187,0.329558122756779,0,0,100,13,650,0.131313131313131,1
Random,16,20270940,13,GRA,1,7.81552847206911e-07,84.8847082865193,3.15767891636322,86.9786327645176,0.329563132490032,0,0,100,13,650,0.131313131313131,1
Random,16,20270940,13,RRA,1,NaN,76.0316746011572,2.82834942488683,95.0789587718737,0.356580213738517,0,0,100,13,650,0.131313131313131,1
Random,17,20270941,4,GURA,1,8.80193216090674e-06,81.895343599895,3.0209050903727,91.2269927640653,0.340280719343337,0,0,100,4,200,0.0404040404040404,1
Random,17,20270941,4,GRA,1,7.04481972652461e-07,81.8948804640634,3.02088800650285,91.2271618691633,0.34027963277991,0,0,100,4,200,0.0404040404040404,1
Random,17,20270941,4,RRA,1,NaN,73.0665808277114,2.69523511662567,113.502730960768,0.421443875541985,0,0,100,4,200,0.0404040404040404,1
Random,17,20270941,5,GURA,1,8.67804624604673e-06,82.7021554949158,3.05066627157672,90.4282757062041,0.337661798543201,0,0,100,5,250,0.0505050505050505,1
Random,17,20270941,5,GRA,1,3.55761502292551e-07,82.7020343071882,3.05066180127832,90.4288918794165,0.337664252621566,0,0,100,5,250,0.0505050505050505,1
Random,17,20270941,5,RRA,1,NaN,73.8172720369199,2.72292615247106,111.957118939752,0.416191624770306,0,0,100,5,250,0.0505050505050505,1
Random,17,20270941,6,GURA,1,9.4924900544413e-06,83.70356178506,3.08760553120309,89.6034874390495,0.334797136923312,0,0,100,6,300,0.0606060606060606,1
Random,17,20270941,6,GRA,1,9.70879231277586e-08,83.7035593549508,3.08760544156272,89.6040539884235,0.33479945923052,0,0,100,6,300,0.0606060606060606,1
Random,17,20270941,6,RRA,1,NaN,75.232875549238,2.77514406460541,99.166373994822,0.367005450181075,0,0,100,6,300,0.0606060606060606,1
Random,17,20270941,7,GURA,1,9.03821170439301e-06,84.1687235590706,3.10476413276927,89.2604210350988,0.333605988123373,0,0,100,7,350,0.0707070707070707,1
Random,17,20270941,7,GRA,1,3.46278699209522e-07,84.1687195692946,3.10476398559686,89.2605951104167,0.333606999323272,0,0,100,7,350,0.0707070707070707,1
Random,17,20270941,7,RRA,1,NaN,75.691673042525,2.79206790449663,98.4149896993652,0.364759594496839,0,0,100,7,350,0.0707070707070707,1
Random,17,20270941,8,GURA,1,9.60236069147413e-06,84.3477308088561,3.11136724215644,89.0405434524595,0.332799987563169,0,0,100,8,400,0.0808080808080808,1
Random,17,20270941,8,GRA,1,8.50728471385692e-07,84.3475223965436,3.11135955437118,89.0423528896234,0.332807941885737,0,0,100,8,400,0.0808080808080808,1
Random,17,20270941,8,RRA,1,NaN,75.7152419739251,2.79293730074935,98.2476287855748,0.363956458912493,0,0,100,8,400,0.0808080808080808,1
Random,17,20270941,9,GURA,1,9.51136641447192e-06,84.6151467811631,3.12123151815162,88.7016034270992,0.331508810611786,0,0,100,9,450,0.0909090909090909,1
Random,17,20270941,9,GRA,1,6.43253943965303e-07,84.6151135663527,3.12123029294411,88.6995712341774,0.331499877093176,0,0,100,9,450,0.0909090909090909,1
Random,17,20270941,9,RRA,1,NaN,75.8911023591813,2.79942433053227,97.8667254445278,0.362454219160937,0,0,100,9,450,0.0909090909090909,1
Random,17,20270941,10,GURA,1,9.57183986471932e-06,84.8388185213853,3.12948218380498,88.6633512115665,0.33143882860916,0,0,100,10,500,0.101010101010101,1
Random,17,20270941,10,GRA,1,6.06892594688348e-07,84.8384263689714,3.12946771832781,88.6637258470349,0.331440710318393,0,0,100,10,500,0.101010101010101,1
Random,17,20270941,10,RRA,1,NaN,76.3247785176972,2.81542151006954,97.1823387555637,0.359945865352048,0,0,100,10,500,0.101010101010101,1
Random,17,20270941,11,GURA,1,9.59395966049215e-06,85.0029194493114,3.13553543795492,88.4773820822427,0.330681785295806,0,0,100,11,550,0.111111111111111,1
Random,17,20270941,11,GRA,1,3.79874506033651e-07,85.0023287093034,3.13551364710066,88.4750648005832,0.330672232559666,0,0,100,11,550,0.111111111111111,1
Random,17,20270941,11,RRA,1,NaN,76.4154600276441,2.81876651386292,97.0046288043753,0.359375384444745,0,0,100,11,550,0.111111111111111,1
Random,17,20270941,12,GURA,1,8.57293199985065e-06,85.1191567306998,3.13982312733508,88.347551223809,0.330227821307844,0,0,100,12,600,0.121212121212121,1
Random,17,20270941,12,GRA,1,9.5117659839499e-07,85.1184014383612,3.1397952665756,88.350609572792,0.330239321220806,0,0,100,12,600,0.121212121212121,1
Random,17,20270941,12,RRA,1,NaN,76.4182838262067,2.81887067640839,96.821376848961,0.35873910514624,0,0,100,12,600,0.121212121212121,1
Random,17,20270941,13,GURA,1,9.04817731139929e-06,85.256120657474,3.14487536846872,88.186449635071,0.329646896208178,0,0,100,13,650,0.131313131313131,1
Random,17,20270941,13,GRA,1,1.34745267880646e-07,85.2560015280714,3.14487097409655,88.1864752454247,0.329647514807033,0,0,100,13,650,0.131313131313131,1
Random,17,20270941,13,RRA,1,NaN,76.6115177729729,2.82599857144808,96.5069398672317,0.357441077088331,0,0,100,13,650,0.131313131313131,1
Random,18,20270942,4,GURA,1,8.97774223318493e-06,76.0220495567467,3.00789909929057,85.9251374785292,0.33986392774407,0,0,100,4,200,0.0404040404040404,1
Random,18,20270942,4,GRA,1,4.95073865302102e-07,76.022031498572,3.00789838479829,85.9247574084145,0.339862604290612,0,0,100,4,200,0.0404040404040404,1
Random,18,20270942,4,RRA,1,NaN,68.1077044299051,2.69475900747113,112.493028355478,0.440696615943222,0,0,100,4,200,0.0404040404040404,1
Random,18,20270942,5,GURA,1,9.12536909680739e-06,77.1349859577847,3.0519336973811,84.9557294915579,0.336273262814109,0,0,100,5,250,0.0505050505050505,1
Random,18,20270942,5,GRA,1,9.78252538394153e-07,77.1349797212565,3.05193345062575,84.9554472801958,0.336271795580308,0,0,100,5,250,0.0505050505050505,1
Random,18,20270942,5,RRA,1,NaN,69.1999138930543,2.73797352062354,101.984842406911,0.400838014262003,0,0,100,5,250,0.0505050505050505,1
Random,18,20270942,6,GURA,1,8.10413803975507e-06,78.1468643063563,3.09196981836187,83.9232996702903,0.332407224272685,0,0,100,6,300,0.0606060606060606,1
Random,18,20270942,6,GRA,1,6.06494816432729e-07,78.146384447557,3.09195083220116,83.9244041272598,0.332412058674585,0,0,100,6,300,0.0606060606060606,1
Random,18,20270942,6,RRA,1,NaN,70.5682900336746,2.79211488335792,93.1623404401754,0.366771360496806,0,0,100,6,300,0.0606060606060606,1
Random,18,20270942,7,GURA,1,9.74250538376964e-06,78.350548698684,3.10002882366092,83.7192977211831,0.331629755427434,0,0,100,7,350,0.0707070707070707,1
Random,18,20270942,7,GRA,1,6.88612933400277e-07,78.3501166832518,3.1000117304776,83.7219750580235,0.331642355014303,0,0,100,7,350,0.0707070707070707,1
Random,18,20270942,7,RRA,1,NaN,70.7460827151258,2.79914945358478,93.1696862584152,0.367053392639015,0,0,100,7,350,0.0707070707070707,1
Random,18,20270942,8,GURA,1,9.20268599813312e-06,78.5749975691678,3.10890939922158,83.4792041884168,0.33063301319055,0,0,100,8,400,0.0808080808080808,1
Random,18,20270942,8,GRA,1,8.73098663103488e-07,78.574809783745,3.10890196927714,83.4754781173861,0.330616677268086,0,0,100,8,400,0.0808080808080808,1
Random,18,20270942,8,RRA,1,NaN,70.9671780094573,2.80789734107999,92.523442347593,0.364334147035047,0,0,100,8,400,0.0808080808080808,1
Random,18,20270942,9,GURA,1,9.71461728838108e-06,78.7204752627586,3.1146653900962,83.315132965341,0.329998853531064,0,0,100,9,450,0.0909090909090909,1
Random,18,20270942,9,GRA,1,4.5708797679905e-07,78.7202791020569,3.1146576287743,83.3157003696091,0.330001527199247,0,0,100,9,450,0.0909090909090909,1
Random,18,20270942,9,RRA,1,NaN,71.0606509469999,2.81159570446642,92.0808559753587,0.362698418736343,0,0,100,9,450,0.0909090909090909,1
Random,18,20270942,10,GURA,1,9.441258260523e-06,78.9093424259146,3.12213813482296,83.1299482478006,0.329292700547493,0,0,100,10,500,0.101010101010101,1
Random,18,20270942,10,GRA,1,8.7065470251907e-07,78.9093055061833,3.12213667405168,83.13014514571,0.329293546845028,0,0,100,10,500,0.101010101010101,1
Random,18,20270942,10,RRA,1,NaN,71.4477495249341,2.82691170121597,91.2374996044905,0.3593849655787,0,0,100,10,500,0.101010101010101,1
Random,18,20270942,11,GURA,1,8.18337671049107e-06,79.0456180269394,3.12753003440956,82.952978262725,0.328566586267064,0,0,100,11,550,0.111111111111111,1
Random,18,20270942,11,GRA,1,8.74891017460503e-07,79.0453738544352,3.12752037344594,82.9541852067813,0.32857235846234,0,0,100,11,550,0.111111111111111,1
Random,18,20270942,11,RRA,1,NaN,71.3663671169372,2.82369171342112,91.3380998017232,0.359798465608307,0,0,100,11,550,0.111111111111111,1
Random,18,20270942,12,GURA,1,9.64766417510532e-06,79.1640910613196,3.13221755514177,82.9068483381141,0.328396948233481,0,0,100,12,600,0.121212121212121,1
Random,18,20270942,12,GRA,1,5.31847034371988e-07,79.1638772017558,3.13220909354421,82.9080746402125,0.32840229327737,0,0,100,12,600,0.121212121212121,1
Random,18,20270942,12,RRA,1,NaN,71.5254163713327,2.82998467857831,91.0385325464622,0.358730583382194,0,0,100,12,600,0.121212121212121,1
Random,18,20270942,13,GURA,1,8.76330802057623e-06,79.2008199182974,3.13367077425998,82.8454866717197,0.328140372241372,0,0,100,13,650,0.131313131313131,1
Random,18,20270942,13,GRA,1,8.89965846527081e-07,79.2003242050934,3.13365116080167,82.8471846084573,0.328147152396553,0,0,100,13,650,0.131313131313131,1
Random,18,20270942,13,RRA,1,NaN,71.6002047242219,2.83294376506184,90.8518812216835,0.357857351528357,0,0,100,13,650,0.131313131313131,1
Random,19,20270943,4,GURA,1,7.4354909855856e-06,83.2459825904498,3.02233261328333,93.3902267868457,0.338231759552765,0,0,100,4,200,0.0404040404040404,1
Random,19,20270943,4,GRA,1,5.15256284852909e-07,83.2455756971212,3.02231784059474,93.3907452884252,0.338233291194157,0,0,100,4,200,0.0404040404040404,1
Random,19,20270943,4,RRA,1,NaN,74.3029118957209,2.69764506221491,115.095657666594,0.412022037222952,0,0,100,4,200,0.0404040404040404,1
Random,19,20270943,5,GURA,1,9.25430634524105e-06,84.1936675342107,3.05673930803925,92.4550206794216,0.335020839797981,0,0,100,5,250,0.0505050505050505,1
Random,19,20270943,5,GRA,1,5.407917885281e-07,84.1936615279473,3.05673908997556,92.4539322569266,0.335016616305495,0,0,100,5,250,0.0505050505050505,1
Random,19,20270943,5,RRA,1,NaN,74.8919590532617,2.71903103640367,112.299054714794,0.402353744822235,0,0,100,5,250,0.0505050505050505,1
Random,19,20270943,6,GURA,1,9.20561648953822e-06,85.0214762052108,3.08679376912034,91.7921872127288,0.332958796778326,0,0,100,6,300,0.0606060606060606,1
Random,19,20270943,6,GRA,1,1.82148999461247e-07,85.0214436562761,3.08679258739717,91.7933445518343,0.33296323280129,0,0,100,6,300,0.0606060606060606,1
Random,19,20270943,6,RRA,1,NaN,76.5050346673271,2.77759543656297,102.195746868312,0.367710733935777,0,0,100,6,300,0.0606060606060606,1
Random,19,20270943,7,GURA,1,9.49051742082929e-06,85.3759053719026,3.09966169134623,91.3894818100186,0.331505501724312,0,0,100,7,350,0.0707070707070707,1
Random,19,20270943,7,GRA,1,1.01235118067151e-07,85.375881490857,3.09966082431985,91.3890464541862,0.331503556018939,0,0,100,7,350,0.0707070707070707,1
Random,19,20270943,7,RRA,1,NaN,76.8960090705373,2.79179017188846,101.436811065627,0.365265073825724,0,0,100,7,350,0.0707070707070707,1
Random,19,20270943,8,GURA,1,9.98034603583164e-06,85.6636391823081,3.1101081687866,91.0572331261373,0.330283230905735,0,0,100,8,400,0.0808080808080808,1
Random,19,20270943,8,GRA,1,4.35020178987186e-07,85.6634243140663,3.11010036776997,91.0532379741682,0.330267816955523,0,0,100,8,400,0.0808080808080808,1
Random,19,20270943,8,RRA,1,NaN,77.0841975541765,2.79862255194871,101.096512046926,0.363949770827329,0,0,100,8,400,0.0808080808080808,1
Random,19,20270943,9,GURA,1,9.64817751025748e-06,85.9227506452078,3.11951548191365,90.7319614153173,0.329104709494961,0,0,100,9,450,0.0909090909090909,1
Random,19,20270943,9,GRA,1,9.68999710098187e-07,85.922591110852,3.11950968985173,90.7321734862281,0.329105980406142,0,0,100,9,450,0.0909090909090909,1
Random,19,20270943,9,RRA,1,NaN,77.4148691172486,2.81062792948476,100.2906530205,0.361030790430909,0,0,100,9,450,0.0909090909090909,1
Random,19,20270943,10,GURA,1,9.74666824404835e-06,86.164511125685,3.12829284944554,90.60504207127,0.328778328160754,0,0,100,10,500,0.101010101010101,1
Random,19,20270943,10,GRA,1,3.47044156035045e-07,86.164352133294,3.12828707706021,90.6074336417092,0.328787479399466,0,0,100,10,500,0.101010101010101,1
Random,19,20270943,10,RRA,1,NaN,77.7720996258853,2.82359755736488,99.1658674217692,0.357201615050708,0,0,100,10,500,0.101010101010101,1
Random,19,20270943,11,GURA,1,8.49171374639468e-06,86.2941252712321,3.13299862679406,90.4718026872171,0.328278501916808,0,0,100,11,550,0.111111111111111,1
Random,19,20270943,11,GRA,1,8.88525396092255e-07,86.2940302681352,3.1329951776071,90.4711997628146,0.328276449481306,0,0,100,11,550,0.111111111111111,1
Random,19,20270943,11,RRA,1,NaN,77.7970976631235,2.82450513729681,98.9966819645019,0.356562137720592,0,0,100,11,550,0.111111111111111,1
Random,19,20270943,12,GURA,1,7.24083856340485e-06,86.4489298527984,3.13861896931384,90.38995834432,0.32799371558991,0,0,100,12,600,0.121212121212121,1
Random,19,20270943,12,GRA,1,2.4587520452285e-07,86.4488300375765,3.13861534541763,90.3899289147019,0.327994296894667,0,0,100,12,600,0.121212121212121,1
Random,19,20270943,12,RRA,1,NaN,77.7992896997738,2.82458472148395,99.067064296688,0.356806097597504,0,0,100,12,600,0.121212121212121,1
Random,19,20270943,13,GURA,1,9.38023825725054e-06,86.4998429190949,3.14046742152645,90.3636346603918,0.327915636708634,0,0,100,13,650,0.131313131313131,1
Random,19,20270943,13,GRA,1,7.66505738695171e-07,86.4997537978984,3.14046418588804,90.3641055823025,0.327916347368452,0,0,100,13,650,0.131313131313131,1
Random,19,20270943,13,RRA,1,NaN,77.90514477712,2.82842790096949,98.8299127229371,0.35594471252044,0,0,100,13,650,0.131313131313131,1
Random,20,20270944,4,GURA,1,9.66353059439484e-06,82.802103668619,3.03020605131583,93.3213467379462,0.336305199452093,0,0,100,4,200,0.0404040404040404,1
Random,20,20270944,4,GRA,1,1.82469195007941e-07,82.8019878992149,3.03020181464631,93.3214035240866,0.336305494746626,0,0,100,4,200,0.0404040404040404,1
Random,20,20270944,4,RRA,1,NaN,74.4002170673956,2.72273261171111,113.826706606492,0.406600824557938,0,0,100,4,200,0.0404040404040404,1
Random,20,20270944,5,GURA,1,9.24762027665338e-06,83.7025957777397,3.0631602459235,92.3829591819758,0.333165855306559,0,0,100,5,250,0.0505050505050505,1
Random,20,20270944,5,GRA,1,2.22253209251303e-08,83.7025956851521,3.06316024253518,92.3829894005757,0.333165984724158,0,0,100,5,250,0.0505050505050505,1
Random,20,20270944,5,RRA,1,NaN,75.0555349682616,2.74671446942679,111.73580369039,0.400099782084396,0,0,100,5,250,0.0505050505050505,1
Random,20,20270944,6,GURA,1,9.66688271830662e-06,84.4386699273193,3.09009744007016,91.6372561704124,0.330609114956625,0,0,100,6,300,0.0606060606060606,1
Random,20,20270944,6,GRA,1,4.74453163274627e-07,84.4385554727831,3.09009325151923,91.6361569308124,0.330604883194982,0,0,100,6,300,0.0606060606060606,1
Random,20,20270944,6,RRA,1,NaN,76.1978297426872,2.78851761674421,102.262800219482,0.366499350868618,0,0,100,6,300,0.0606060606060606,1
Random,20,20270944,7,GURA,1,8.68302004874977e-06,84.6337139496906,3.09723522462727,91.4277073208969,0.329868964996159,0,0,100,7,350,0.0707070707070707,1
Random,20,20270944,7,GRA,1,1.98881676696469e-08,84.6336715790025,3.09723367403966,91.4276621733212,0.329868652426735,0,0,100,7,350,0.0707070707070707,1
Random,20,20270944,7,RRA,1,NaN,76.4182063312227,2.79658246585506,101.680871180289,0.364616377927101,0,0,100,7,350,0.0707070707070707,1
Random,20,20270944,8,GURA,1,9.99937961410069e-06,84.9410430675324,3.10848216777689,91.1313122882921,0.328822961246009,0,0,100,8,400,0.0808080808080808,1
Random,20,20270944,8,GRA,1,7.95475413570628e-07,84.9407475743287,3.10847135397803,91.1314664967816,0.328822897737926,0,0,100,8,400,0.0808080808080808,1
Random,20,20270944,8,RRA,1,NaN,76.7449055049818,2.80853827095449,101.023728421016,0.362193176558708,0,0,100,8,400,0.0808080808080808,1
Random,20,20270944,9,GURA,1,9.67796434281354e-06,85.1400773944127,3.11576598056679,90.861881916585,0.327809342939687,0,0,100,9,450,0.0909090909090909,1
Random,20,20270944,9,GRA,1,6.22735491241622e-07,85.1397859007679,3.11575531313484,90.8616064799768,0.327807967018711,0,0,100,9,450,0.0909090909090909,1
Random,20,20270944,9,RRA,1,NaN,76.8844575980733,2.81364528609328,100.513703083025,0.360184904644681,0,0,100,9,450,0.0909090909090909,1
Random,20,20270944,10,GURA,1,9.99586738714697e-06,85.3984361509373,3.12522081604494,90.69050942042,0.327261713307108,0,0,100,10,500,0.101010101010101,1
Random,20,20270944,10,GRA,1,5.16183749690319e-08,85.3983710727422,3.12521843445882,90.6911136678117,0.327264120995526,0,0,100,10,500,0.101010101010101,1
Random,20,20270944,10,RRA,1,NaN,77.317734939286,2.82950140040766,99.6704209997031,0.357300119011922,0,0,100,10,500,0.101010101010101,1
Random,20,20270944,11,GURA,1,9.78125400763474e-06,85.4561801122303,3.12733400029008,90.6352537486359,0.327072666963524,0,0,100,11,550,0.111111111111111,1
Random,20,20270944,11,GRA,1,7.66602865567815e-07,85.4559077941904,3.12732403460399,90.6375082363257,0.327082565319247,0,0,100,11,550,0.111111111111111,1
Random,20,20270944,11,RRA,1,NaN,77.298682644865,2.82880416718184,99.5950591457574,0.357024006811559,0,0,100,11,550,0.111111111111111,1
Random,20,20270944,12,GURA,1,9.36753876246144e-06,85.5966798191603,3.13247569407905,90.4922893052735,0.326570629073079,0,0,100,12,600,0.121212121212121,1
Random,20,20270944,12,GRA,1,1.52594706066495e-07,85.5966589988763,3.1324749321449,90.4925961873915,0.326571409291094,0,0,100,12,600,0.121212121212121,1
Random,20,20270944,12,RRA,1,NaN,77.2818234107928,2.82818719066986,99.4913419092317,0.356581382121362,0,0,100,12,600,0.121212121212121,1
Random,20,20270944,13,GURA,1,8.68547223475957e-06,85.6862695796184,3.13575429960051,90.388153781143,0.326211492587075,0,0,100,13,650,0.131313131313131,1
Random,20,20270944,13,GRA,1,9.16341727797917e-07,85.6858179663493,3.13573777246895,90.3893662751176,0.3262158919568,0,0,100,13,650,0.131313131313131,1
Random,20,20270944,13,RRA,1,NaN,77.4623091929553,2.83479220533801,99.1573362553722,0.355435961152105,0,0,100,13,650,0.131313131313131,1
Regular,1,20280925,4,GURA,1,9.32405723474972e-06,79.4589581115312,3.05123014049191,86.0440673591102,0.340955704425772,0,0,100,4,200,0.0404040404040404,1
Regular,1,20280925,4,GRA,1,9.88002845714927e-07,79.458955548845,3.05123004208456,86.0439334237116,0.340955298386063,0,0,100,4,200,0.0404040404040404,1
Regular,1,20280925,4,RRA,1,NaN,74.90570532105,2.87638488097951,89.9743337387033,0.353922568948528,0,0,100,4,200,0.0404040404040404,1
Regular,1,20280925,5,GURA,1,9.60368142699508e-06,79.5023875504167,3.05289783430594,86.1262878151082,0.341352309579528,0,0,100,5,250,0.0505050505050505,1
Regular,1,20280925,5,GRA,1,4.13328883300663e-07,79.5023737710359,3.05289730517665,86.1250311648416,0.341347828386347,0,0,100,5,250,0.0505050505050505,1
Regular,1,20280925,5,RRA,1,NaN,74.9674650908829,2.87875646092043,89.3927574666695,0.351819393427824,0,0,100,5,250,0.0505050505050505,1
Regular,1,20280925,6,GURA,1,9.8025728760831e-06,79.5299790885357,3.05395735150491,86.0935736313466,0.341221208401451,0,0,100,6,300,0.0606060606060606,1
Regular,1,20280925,6,GRA,1,1.5577957436926e-08,79.5299789111814,3.05395734469449,86.0935104633198,0.341220887713918,0,0,100,6,300,0.0606060606060606,1
Regular,1,20280925,6,RRA,1,NaN,74.6111064866818,2.86507226294195,90.0147545219951,0.354117743535628,0,0,100,6,300,0.0606060606060606,1
Regular,1,20280925,7,GURA,1,9.96986924661769e-06,79.8410183821316,3.06590128444907,85.7117099850593,0.339685056041682,0,0,100,7,350,0.0707070707070707,1
Regular,1,20280925,7,GRA,1,3.8482087441458e-10,79.8410181728181,3.06590127641141,85.7117259922563,0.339685123904354,0,0,100,7,350,0.0707070707070707,1
Regular,1,20280925,7,RRA,1,NaN,74.9016899340033,2.87623068980618,89.5842182487106,0.352544020151594,0,0,100,7,350,0.0707070707070707,1
Regular,1,20280925,8,GURA,1,6.93875839274938e-06,81.4709281830242,3.12848994693551,83.6725231380649,0.331477305619594,0,0,100,8,400,0.0808080808080808,1
Regular,1,20280925,8,GRA,1,7.40537813307789e-07,81.4709205898036,3.12848965535525,83.6730914096846,0.331479594900356,0,0,100,8,400,0.0808080808080808,1
Regular,1,20280925,8,RRA,1,NaN,74.9101794343177,2.87655668727522,89.3226689990147,0.351479452128184,0,0,100,8,400,0.0808080808080808,1
Regular,1,20280925,9,GURA,1,9.31902645717742e-06,81.8433428952171,3.14279070070339,83.377316548186,0.33033627051272,0,0,100,9,450,0.0909090909090909,1
Regular,1,20280925,9,GRA,1,4.30288067315276e-07,81.8433190783139,3.14278978613246,83.3767726912191,0.330334734859142,0,0,100,9,450,0.0909090909090909,1
Regular,1,20280925,9,RRA,1,NaN,75.2798509178049,2.89075210084852,88.5367318095522,0.348326696604884,0,0,100,9,450,0.0909090909090909,1
Regular,1,20280925,10,GURA,1,9.6168467926816e-06,82.1290903079066,3.15376342346351,83.164681302659,0.329514868521453,0,0,100,10,500,0.101010101010101,1
Regular,1,20280925,10,GRA,1,2.56372298573012e-08,82.1290896988324,3.15376340007501,83.1643639714737,0.329513581160972,0,0,100,10,500,0.101010101010101,1
Regular,1,20280925,10,RRA,1,NaN,75.3838299056419,2.89474490202798,88.2988778208192,0.34741808418685,0,0,100,10,500,0.101010101010101,1
Regular,1,20280925,11,GURA,1,9.11219936838847e-06,82.1595316993847,3.15493237525201,83.1966005723225,0.329687467507793,0,0,100,11,550,0.111111111111111,1
Regular,1,20280925,11,GRA,1,7.62634262859563e-07,82.1594889533103,3.15493073379944,83.198027966952,0.329694830899334,0,0,100,11,550,0.111111111111111,1
Regular,1,20280925,11,RRA,1,NaN,75.4684294655318,2.89799353167457,88.2983809342105,0.347437138417112,0,0,100,11,550,0.111111111111111,1
Regular,1,20280925,12,GURA,1,9.56343720659447e-06,82.1967163929923,3.15636027036411,83.1470522104134,0.329506432107993,0,0,100,12,600,0.121212121212121,1
Regular,1,20280925,12,GRA,1,4.57847998838183e-07,82.1967041902735,3.15635980177876,83.1465528038563,0.32950333667178,0,0,100,12,600,0.121212121212121,1
Regular,1,20280925,12,RRA,1,NaN,75.4535589518232,2.89742250279739,88.3215693021761,0.347563938117157,0,0,100,12,600,0.121212121212121,1
Regular,1,20280925,13,GURA,1,8.87868798926661e-06,82.2391272900572,3.15798885209341,83.1057204201525,0.329342744317611,0,0,100,13,650,0.131313131313131,1
Regular,1,20280925,13,GRA,1,1.49301872603854e-07,82.2391260580652,3.15798880478482,83.1056126299868,0.32934215923588,0,0,100,13,650,0.131313131313131,1
Regular,1,20280925,13,RRA,1,NaN,75.3909484830911,2.89501825595291,88.4249382725713,0.347924827347417,0,0,100,13,650,0.131313131313131,1
Regular,2,20280926,4,GURA,1,9.53584833851551e-06,80.0446498131036,3.05015762332038,87.6340226828599,0.339910816896437,0,0,100,4,200,0.0404040404040404,1
Regular,2,20280926,4,GRA,1,8.73045493516374e-07,80.04457832696,3.05015489929065,87.6345795823049,0.339913371419143,0,0,100,4,200,0.0404040404040404,1
Regular,2,20280926,4,RRA,1,NaN,75.489724101848,2.87658897864164,90.9712155209845,0.35074525831542,0,0,100,4,200,0.0404040404040404,1
Regular,2,20280926,5,GURA,1,9.9416580461309e-06,80.0775287625837,3.05141049879223,87.6484781029138,0.340015681759795,0,0,100,5,250,0.0505050505050505,1
Regular,2,20280926,5,GRA,1,3.18400343977553e-07,80.0774979249873,3.05140932370395,87.6480009941663,0.340013359841056,0,0,100,5,250,0.0505050505050505,1
Regular,2,20280926,5,RRA,1,NaN,75.4302490940273,2.8743226416794,91.1411238760982,0.351451968462034,0,0,100,5,250,0.0505050505050505,1
Regular,2,20280926,6,GURA,1,6.55006245864342e-06,80.1161732154539,3.0528830728218,87.620520635257,0.339911370137505,0,0,100,6,300,0.0606060606060606,1
Regular,2,20280926,6,GRA,1,3.41881759863966e-08,80.1161728866881,3.05288306029394,87.6201501860266,0.339909823147788,0,0,100,6,300,0.0606060606060606,1
Regular,2,20280926,6,RRA,1,NaN,75.0462650665657,2.85969066051226,91.8771159851335,0.354207846102098,0,0,100,6,300,0.0606060606060606,1
Regular,2,20280926,7,GURA,1,9.04260435063975e-06,80.3849758136778,3.0631259846973,87.3029431867839,0.338654452408167,0,0,100,7,350,0.0707070707070707,1
Regular,2,20280926,7,GRA,1,2.63240052309747e-08,80.3849744118288,3.06312593127886,87.3019593648314,0.338650537240058,0,0,100,7,350,0.0707070707070707,1
Regular,2,20280926,7,RRA,1,NaN,75.3146400201411,2.86991727668795,91.4956748300103,0.352680998784239,0,0,100,7,350,0.0707070707070707,1
Regular,2,20280926,8,GURA,1,9.42333658926486e-06,81.8669837769613,3.11959893944924,85.2322612070832,0.330487877330584,0,0,100,8,400,0.0808080808080808,1
Regular,2,20280926,8,GRA,1,9.2076224084308e-07,81.8665725749243,3.1195832703067,85.2337681840125,0.330493629075476,0,0,100,8,400,0.0808080808080808,1
Regular,2,20280926,8,RRA,1,NaN,75.4732587448832,2.87596155464536,91.0609220501318,0.350972534031135,0,0,100,8,400,0.0808080808080808,1
Regular,2,20280926,9,GURA,1,8.57129874276552e-06,82.3591690759805,3.13835400609511,84.8099268743056,0.328963397834863,0,0,100,9,450,0.0909090909090909,1
Regular,2,20280926,9,GRA,1,9.92985133975047e-07,82.3591014032509,3.1383514273782,84.809594007371,0.328963276716025,0,0,100,9,450,0.0909090909090909,1
Regular,2,20280926,9,RRA,1,NaN,75.8146501597622,2.88897051438296,90.4473758578575,0.348696368466034,0,0,100,9,450,0.0909090909090909,1
Regular,2,20280926,10,GURA,1,9.49929184201892e-06,82.5583668456786,3.14594457707283,84.6658244498496,0.328433931496207,0,0,100,10,500,0.101010101010101,1
Regular,2,20280926,10,GRA,1,4.98874479633814e-08,82.5583661393177,3.14594455015645,84.6659612675965,0.328434307570853,0,0,100,10,500,0.101010101010101,1
Regular,2,20280926,10,RRA,1,NaN,75.9444782314752,2.89391770427736,90.2826353014278,0.348091741795094,0,0,100,10,500,0.101010101010101,1
Regular,2,20280926,11,GURA,1,7.71472567961951e-06,82.6925421807059,3.15105742249036,84.5340444000731,0.327929454423816,0,0,100,11,550,0.111111111111111,1
Regular,2,20280926,11,GRA,1,1.37294334988066e-08,82.692542084507,3.15105741882464,84.5341078486654,0.327929749386136,0,0,100,11,550,0.111111111111111,1
Regular,2,20280926,11,RRA,1,NaN,75.9265034379334,2.89323276213973,90.2706373061657,0.348092167823252,0,0,100,11,550,0.111111111111111,1
Regular,2,20280926,12,GURA,1,9.28000137179197e-06,82.7840955465472,3.15454612782437,84.4488762100019,0.327607905928014,0,0,100,12,600,0.121212121212121,1
Regular,2,20280926,12,GRA,1,6.14440764038675e-07,82.7840661621072,3.15454500810963,84.4469870023582,0.327600194440288,0,0,100,12,600,0.121212121212121,1
Regular,2,20280926,12,RRA,1,NaN,75.9636072147199,2.8946466276246,90.2522248998702,0.347934423786665,0,0,100,12,600,0.121212121212121,1
Regular,2,20280926,13,GURA,1,8.54295000607408e-06,82.8129253986107,3.15564470959412,84.4621741765549,0.327688775121188,0,0,100,13,650,0.131313131313131,1
Regular,2,20280926,13,GRA,1,2.90526716605348e-07,82.8129164628402,3.1556443690903,84.4617085674377,0.327686746136811,0,0,100,13,650,0.131313131313131,1
Regular,2,20280926,13,RRA,1,NaN,75.9916975703368,2.89571703036266,90.1555218423324,0.347589628066582,0,0,100,13,650,0.131313131313131,1
Regular,3,20280927,4,GURA,1,9.89392701100655e-06,78.5877915814642,3.05508490369778,86.500195685632,0.339024316061357,0,0,100,4,200,0.0404040404040404,1
Regular,3,20280927,4,GRA,1,9.47697864447927e-07,78.5876782883641,3.05508049945085,86.501546244539,0.339030186693239,0,0,100,4,200,0.0404040404040404,1
Regular,3,20280927,4,RRA,1,NaN,74.0491880550182,2.87864758641878,91.2408239234416,0.35497259051004,0,0,100,4,200,0.0404040404040404,1
Regular,3,20280927,5,GURA,1,9.56910500349295e-06,78.6429428004014,3.05722889646058,86.5421007743416,0.339255233995969,0,0,100,5,250,0.0505050505050505,1
Regular,3,20280927,5,GRA,1,3.61402663420489e-07,78.6429381949541,3.05722871742473,86.5415606916167,0.339252868219352,0,0,100,5,250,0.0505050505050505,1
Regular,3,20280927,5,RRA,1,NaN,73.9985987239395,2.87668093614707,91.3236053703597,0.355175646883963,0,0,100,5,250,0.0505050505050505,1
Regular,3,20280927,6,GURA,1,9.27140353468303e-06,78.6704474596448,3.05829813466597,86.5093805748083,0.339127997078529,0,0,100,6,300,0.0606060606060606,1
Regular,3,20280927,6,GRA,1,2.9976915995847e-08,78.6704472275748,3.0582981256443,86.509059465234,0.339126542664096,0,0,100,6,300,0.0606060606060606,1
Regular,3,20280927,6,RRA,1,NaN,73.7583776332022,2.86734238860562,91.3853512974887,0.355474597607646,0,0,100,6,300,0.0606060606060606,1
Regular,3,20280927,7,GURA,1,7.40417086575462e-06,79.1108055415509,3.07541696828096,85.9632905520369,0.336906514639561,0,0,100,7,350,0.0707070707070707,1
Regular,3,20280927,7,GRA,1,1.82706353890146e-07,79.1108045885587,3.07541693123358,85.9627773522296,0.336904143562796,0,0,100,7,350,0.0707070707070707,1
Regular,3,20280927,7,RRA,1,NaN,74.1393384466976,2.88215216512165,90.7831715056663,0.353125820159449,0,0,100,7,350,0.0707070707070707,1
Regular,3,20280927,8,GURA,1,9.5250514249301e-06,80.4260047942146,3.12654507992922,84.2591119111767,0.33019078258411,0,0,100,8,400,0.0808080808080808,1
Regular,3,20280927,8,GRA,1,6.96095250556799e-07,80.4259798103251,3.12654410868545,84.2566693980902,0.330181603947483,0,0,100,8,400,0.0808080808080808,1
Regular,3,20280927,8,RRA,1,NaN,74.077456831627,2.8797465295361,90.7103430529116,0.352747416863404,0,0,100,8,400,0.0808080808080808,1
Regular,3,20280927,9,GURA,1,9.3829746994345e-06,80.879730938371,3.14418359432861,83.7803213424545,0.328369879670051,0,0,100,9,450,0.0909090909090909,1
Regular,3,20280927,9,GRA,1,3.30206398757072e-07,80.8797269943498,3.14418344100556,83.779696873184,0.328367070806131,0,0,100,9,450,0.0909090909090909,1
Regular,3,20280927,9,RRA,1,NaN,74.1749204419327,2.88353540817122,90.1953529424237,0.350727472140261,0,0,100,9,450,0.0909090909090909,1
Regular,3,20280927,10,GURA,1,8.28593669055522e-06,81.2146219674564,3.15720241705862,83.4216918762528,0.327023742447284,0,0,100,10,500,0.101010101010101,1
Regular,3,20280927,10,GRA,1,5.15972737431488e-08,81.2146216270501,3.1572024038254,83.4215006987539,0.327022922385098,0,0,100,10,500,0.101010101010101,1
Regular,3,20280927,10,RRA,1,NaN,74.2580568194511,2.88676731845644,90.102118346201,0.350329178965899,0,0,100,10,500,0.101010101010101,1
Regular,3,20280927,11,GURA,1,9.95324690578059e-06,81.2200802623945,3.15741460719821,83.4205403107907,0.327028595551627,0,0,100,11,550,0.111111111111111,1
Regular,3,20280927,11,GRA,1,1.89976251443286e-07,81.2200742590427,3.15741437381909,83.4210236228419,0.327030220772661,0,0,100,11,550,0.111111111111111,1
Regular,3,20280927,11,RRA,1,NaN,74.3414665206727,2.89000985414673,89.9382564779486,0.349820662983831,0,0,100,11,550,0.111111111111111,1
Regular,3,20280927,12,GURA,1,5.52498743999763e-06,81.2764035239779,3.15960416288781,83.4335104985724,0.327133634050051,0,0,100,12,600,0.121212121212121,1
Regular,3,20280927,12,GRA,1,9.13104990811166e-07,81.2764001533406,3.15960403185495,83.4326204241751,0.327129392680008,0,0,100,12,600,0.121212121212121,1
Regular,3,20280927,12,RRA,1,NaN,74.3526854624099,2.89044598829489,89.8490495757898,0.349451013691781,0,0,100,12,600,0.121212121212121,1
Regular,3,20280927,13,GURA,1,3.95486862814209e-06,81.293962598861,3.16028676846202,83.3844827271278,0.326926224093459,0,0,100,13,650,0.131313131313131,1
Regular,3,20280927,13,GRA,1,3.73612048296571e-10,81.2939625942875,3.16028676828423,83.3844517535189,0.326926078881856,0,0,100,13,650,0.131313131313131,1
Regular,3,20280927,13,RRA,1,NaN,74.3854115997351,2.89171821043126,89.6334035310564,0.348661445022827,0,0,100,13,650,0.131313131313131,1
Regular,4,20280928,4,GURA,1,9.4757492270503e-06,79.1143580612429,3.04628300764521,86.8807479551321,0.340562733851615,0,0,100,4,200,0.0404040404040404,1
Regular,4,20280928,4,GRA,1,9.2524945191283e-07,79.1143173763353,3.04628144108074,86.8814736787281,0.340565556773976,0,0,100,4,200,0.0404040404040404,1
Regular,4,20280928,4,RRA,1,NaN,74.5669964533859,2.87118773119856,90.9258675198529,0.353554975255972,0,0,100,4,200,0.0404040404040404,1
Regular,4,20280928,5,GURA,1,9.95281542515158e-06,79.1623143478373,3.04812955515621,86.9731798506156,0.340983846469871,0,0,100,5,250,0.0505050505050505,1
Regular,4,20280928,5,GRA,1,1.93747413465296e-07,79.1623115458345,3.04812944726564,86.9723759831408,0.340980718891329,0,0,100,5,250,0.0505050505050505,1
Regular,4,20280928,5,RRA,1,NaN,74.6751018341697,2.8753503079114,90.665000002991,0.352778298009247,0,0,100,5,250,0.0505050505050505,1
Regular,4,20280928,6,GURA,1,8.50942037544655e-06,79.1855148812142,3.0490228871926,86.9584008582736,0.340921234800344,0,0,100,6,300,0.0606060606060606,1
Regular,4,20280928,6,GRA,1,4.11812993246014e-09,79.1855147114218,3.04902288065478,86.9581481074395,0.340920314887218,0,0,100,6,300,0.0606060606060606,1
Regular,4,20280928,6,RRA,1,NaN,74.3985096320677,2.86470017883295,90.9558923723968,0.354145115621862,0,0,100,6,300,0.0606060606060606,1
Regular,4,20280928,7,GURA,1,9.37619969931802e-06,79.4136315190204,3.0578064740729,86.6842706410588,0.339808139582962,0,0,100,7,350,0.0707070707070707,1
Regular,4,20280928,7,GRA,1,3.438022931593e-09,79.4136316044721,3.0578064773632,86.6842768609298,0.339808112447399,0,0,100,7,350,0.0707070707070707,1
Regular,4,20280928,7,RRA,1,NaN,74.6621437752708,2.87485136036757,90.5229905199139,0.352381888033401,0,0,100,7,350,0.0707070707070707,1
Regular,4,20280928,8,GURA,1,9.95189333963253e-06,80.9640942534743,3.11750674084746,84.6184586158059,0.331639988909585,0,0,100,8,400,0.0808080808080808,1
Regular,4,20280928,8,GRA,1,2.74634197090437e-07,80.9640865720773,3.11750644507676,84.6204232459602,0.331647669984017,0,0,100,8,400,0.0808080808080808,1
Regular,4,20280928,8,RRA,1,NaN,74.6351705684218,2.8738127622711,90.3702191289641,0.351661091239572,0,0,100,8,400,0.0808080808080808,1
Regular,4,20280928,9,GURA,1,9.04755110298083e-06,81.4879867482184,3.13767911971371,84.0116259400777,0.329290342106134,0,0,100,9,450,0.0909090909090909,1
Regular,4,20280928,9,GRA,1,8.71999159891049e-07,81.4879714826803,3.13767853191713,84.0140725745849,0.329301281336038,0,0,100,9,450,0.0909090909090909,1
Regular,4,20280928,9,RRA,1,NaN,75.0331082984996,2.8891352773612,89.6455172420524,0.348950038072592,0,0,100,9,450,0.0909090909090909,1
Regular,4,20280928,10,GURA,1,7.22606639413925e-06,81.614730263463,3.14255935417785,83.8542811582646,0.328666690802121,0,0,100,10,500,0.101010101010101,1
Regular,4,20280928,10,GRA,1,1.71304551592775e-07,81.6147273801628,3.14255924315694,83.8551325708844,0.328670490038573,0,0,100,10,500,0.101010101010101,1
Regular,4,20280928,10,RRA,1,NaN,75.0271761970182,2.88890686294459,89.6369113709314,0.348715214968333,0,0,100,10,500,0.101010101010101,1
Regular,4,20280928,11,GURA,1,8.42977127746281e-06,81.7040090455496,3.14599701636053,83.7723598013245,0.328359056878245,0,0,100,11,550,0.111111111111111,1
Regular,4,20280928,11,GRA,1,9.4795907507278e-07,81.7039897084317,3.14599627178855,83.7739839712846,0.328366486340954,0,0,100,11,550,0.111111111111111,1
Regular,4,20280928,11,RRA,1,NaN,75.0310535879231,2.8890561611291,89.6531614739293,0.348837394583506,0,0,100,11,550,0.111111111111111,1
Regular,4,20280928,12,GURA,1,8.54093059743377e-06,81.8444104596441,3.15140314557002,83.7693361989275,0.328449379716618,0,0,100,12,600,0.121212121212121,1
Regular,4,20280928,12,GRA,1,1.91688216694503e-08,81.8444101154807,3.15140313231808,83.7688251439889,0.328447180622365,0,0,100,12,600,0.121212121212121,1
Regular,4,20280928,12,RRA,1,NaN,75.0916618335465,2.89138986986782,89.5880349629923,0.348570394392541,0,0,100,12,600,0.121212121212121,1
Regular,4,20280928,13,GURA,1,7.97507554040067e-06,81.8938398106345,3.15330641313979,83.7084727249906,0.328223656186091,0,0,100,13,650,0.131313131313131,1
Regular,4,20280928,13,GRA,1,7.97952758620919e-08,81.8938382149719,3.15330635169911,83.7089379965057,0.32822534562241,0,0,100,13,650,0.131313131313131,1
Regular,4,20280928,13,RRA,1,NaN,75.1797474189858,2.89478158824509,89.5284000881607,0.348407255741786,0,0,100,13,650,0.131313131313131,1
Regular,5,20280929,4,GURA,1,9.83504665796886e-06,81.1418610678528,3.05830547056595,88.9931079402995,0.339455781773953,0,0,100,4,200,0.0404040404040404,1
Regular,5,20280929,4,GRA,1,1.85651673215667e-10,81.1418608556215,3.05830546256677,88.9931179606093,0.339455837025431,0,0,100,4,200,0.0404040404040404,1
Regular,5,20280929,4,RRA,1,NaN,76.393651690691,2.87934143742129,93.2369564085468,0.352908646452221,0,0,100,4,200,0.0404040404040404,1
Regular,5,20280929,5,GURA,1,9.67205124524639e-06,81.1819255910763,3.05981553638078,89.0138537656962,0.339547445988579,0,0,100,5,250,0.0505050505050505,1
Regular,5,20280929,5,GRA,1,9.45843060882707e-07,81.1819036591712,3.05981470974869,89.0111417626618,0.339536240284171,0,0,100,5,250,0.0505050505050505,1
Regular,5,20280929,5,RRA,1,NaN,76.3804782493924,2.87884491926088,93.0758547850913,0.352362493843341,0,0,100,5,250,0.0505050505050505,1
Regular,5,20280929,6,GURA,1,9.22228042554707e-06,81.2114600966386,3.06092871691106,89.0279248259997,0.339627925249978,0,0,100,6,300,0.0606060606060606,1
Regular,5,20280929,6,GRA,1,9.32099837164358e-07,81.211360476703,3.06092496215131,89.0263073226557,0.339619911176891,0,0,100,6,300,0.0606060606060606,1
Regular,5,20280929,6,RRA,1,NaN,75.9760019801481,2.86359986608285,93.7792502471096,0.35492177729968,0,0,100,6,300,0.0606060606060606,1
Regular,5,20280929,7,GURA,1,8.24622548378784e-06,81.5697206707895,3.07443186139646,88.5453676015737,0.337730082957223,0,0,100,7,350,0.0707070707070707,1
Regular,5,20280929,7,GRA,1,9.44767807662633e-07,81.5696176448735,3.07442797826242,88.5440660953187,0.337722852681143,0,0,100,7,350,0.0707070707070707,1
Regular,5,20280929,7,RRA,1,NaN,76.3808465784033,2.87885880189327,93.2134763217644,0.352903638036621,0,0,100,7,350,0.0707070707070707,1
Regular,5,20280929,8,GURA,1,9.37564494662979e-06,83.0059868003157,3.12856594833151,86.5781209065453,0.330007554577113,0,0,100,8,400,0.0808080808080808,1
Regular,5,20280929,8,GRA,1,2.02677608318273e-07,83.0059843005792,3.12856585411432,86.576881075003,0.330002520329829,0,0,100,8,400,0.0808080808080808,1
Regular,5,20280929,8,RRA,1,NaN,76.3259695108928,2.87679043873809,92.9033250396267,0.35155295232001,0,0,100,8,400,0.0808080808080808,1
Regular,5,20280929,9,GURA,1,9.11490904798029e-06,83.4516444126282,3.14536316121026,86.163365774291,0.328505078593959,0,0,100,9,450,0.0909090909090909,1
Regular,5,20280929,9,GRA,1,2.31774460429491e-07,83.451641608153,3.14536305550721,86.1626159949036,0.328502549312922,0,0,100,9,450,0.0909090909090909,1
Regular,5,20280929,9,RRA,1,NaN,76.5932788827964,2.88686555537539,92.5654427926151,0.350302171110766,0,0,100,9,450,0.0909090909090909,1
Regular,5,20280929,10,GURA,1,7.47333999129296e-06,83.7566621866783,3.15685953946337,85.9531900302514,0.327755595472183,0,0,100,10,500,0.101010101010101,1
Regular,5,20280929,10,GRA,1,8.63672995815838e-07,83.7566196400427,3.15685793584464,85.9509343374428,0.327746889292961,0,0,100,10,500,0.101010101010101,1
Regular,5,20280929,10,RRA,1,NaN,76.6456089832021,2.88883792118312,92.325386571568,0.349335300568945,0,0,100,10,500,0.101010101010101,1
Regular,5,20280929,11,GURA,1,8.61437774801743e-06,83.7880466423572,3.15804244618045,85.9353528760495,0.327693210503943,0,0,100,11,550,0.111111111111111,1
Regular,5,20280929,11,GRA,1,5.88959832161331e-08,83.7880458730442,3.15804241718439,85.9353790926795,0.327693420643076,0,0,100,11,550,0.111111111111111,1
Regular,5,20280929,11,RRA,1,NaN,76.7920710550224,2.89435820072297,92.0608945449921,0.348386782822531,0,0,100,11,550,0.111111111111111,1
Regular,5,20280929,12,GURA,1,7.85902825128915e-06,83.8666315656554,3.16100437850075,85.8672658350664,0.327450832923198,0,0,100,12,600,0.121212121212121,1
Regular,5,20280929,12,GRA,1,8.19770803399183e-07,83.8666187442255,3.1610038952502,85.8672450682624,0.327450322929697,0,0,100,12,600,0.121212121212121,1
Regular,5,20280929,12,RRA,1,NaN,76.8906298124218,2.89807296376834,91.9979259927328,0.348131262466387,0,0,100,12,600,0.121212121212121,1
Regular,5,20280929,13,GURA,1,8.25553138383839e-06,83.8666315656484,3.16100437850049,85.8672647335397,0.327450828393583,0,0,100,13,650,0.131313131313131,1
Regular,5,20280929,13,GRA,1,1.15832157889466e-08,83.8666314412412,3.16100437381148,85.8672467483808,0.32745073524616,0,0,100,13,650,0.131313131313131,1
Regular,5,20280929,13,RRA,1,NaN,76.8349264935976,2.89597345850131,92.0438400156123,0.348282381888764,0,0,100,13,650,0.131313131313131,1
Regular,6,20280930,4,GURA,1,9.85215418936036e-06,82.6518402484574,3.06620989972836,89.8422082407802,0.34107097972495,0,0,100,4,200,0.0404040404040404,1
Regular,6,20280930,4,GRA,1,1.46811540580625e-09,82.6518399046253,3.06620988697291,89.8422225084878,0.341071038643682,0,0,100,4,200,0.0404040404040404,1
Regular,6,20280930,4,RRA,1,NaN,77.631926443561,2.87998162751946,93.8987608127332,0.3537575099093,0,0,100,4,200,0.0404040404040404,1
Regular,6,20280930,5,GURA,1,8.47555494232211e-06,82.7054337990692,3.06819810803629,89.8707881590699,0.341215941465084,0,0,100,5,250,0.0505050505050505,1
Regular,6,20280930,5,GRA,1,5.09570754893127e-07,82.7054182569159,3.068197531455,89.8701824857117,0.34121342974964,0,0,100,5,250,0.0505050505050505,1
Regular,6,20280930,5,RRA,1,NaN,77.6025500142684,2.87889182361376,93.7776866930868,0.353349128105972,0,0,100,5,250,0.0505050505050505,1
Regular,6,20280930,6,GURA,1,9.50549994627181e-06,82.7352885759392,3.06930565763371,89.8538984241002,0.341160021806707,0,0,100,6,300,0.0606060606060606,1
Regular,6,20280930,6,GRA,1,6.87096898446891e-07,82.7352875210836,3.06930561850078,89.8541606277454,0.341161082861872,0,0,100,6,300,0.0606060606060606,1
Regular,6,20280930,6,RRA,1,NaN,77.2274813508332,2.86497756295791,94.1427410866524,0.354630417800396,0,0,100,6,300,0.0606060606060606,1
Regular,6,20280930,7,GURA,1,9.76255468643217e-06,83.0834653896411,3.08222228707377,89.4286744539211,0.339500815048206,0,0,100,7,350,0.0707070707070707,1
Regular,6,20280930,7,GRA,1,8.82477989920218e-08,83.0834652967544,3.08222228362787,89.4286086513626,0.339500534735461,0,0,100,7,350,0.0707070707070707,1
Regular,6,20280930,7,RRA,1,NaN,77.4798024563309,2.874338146694,93.6645012769763,0.352588115553956,0,0,100,7,350,0.0707070707070707,1
Regular,6,20280930,8,GURA,1,9.82394526616304e-06,84.7206863347822,3.14295974984464,87.3193367030349,0.331349396657052,0,0,100,8,400,0.0808080808080808,1
Regular,6,20280930,8,GRA,1,6.18830211357113e-07,84.7206458022287,3.14295824617192,87.3206817094587,0.331355353780274,0,0,100,8,400,0.0808080808080808,1
Regular,6,20280930,8,RRA,1,NaN,77.5984039060453,2.87873801169571,93.3469265434084,0.351221486001891,0,0,100,8,400,0.0808080808080808,1
Regular,6,20280930,9,GURA,1,6.86483999601251e-06,85.1237642909563,3.1579130965078,86.9051964814145,0.329827767459459,0,0,100,9,450,0.0909090909090909,1
Regular,6,20280930,9,GRA,1,9.80426841726604e-07,85.1236685209244,3.1579095436405,86.9012916585459,0.329812248395825,0,0,100,9,450,0.0909090909090909,1
Regular,6,20280930,9,RRA,1,NaN,77.9998923275847,2.89363238995819,92.540008159319,0.34809179286563,0,0,100,9,450,0.0909090909090909,1
Regular,6,20280930,10,GURA,1,9.51986979913499e-06,85.4900372231815,3.171501053986,86.6043245993701,0.328720045942871,0,0,100,10,500,0.101010101010101,1
Regular,6,20280930,10,GRA,1,7.79472453134197e-07,85.4900025752766,3.17149976862141,86.6006686382359,0.328704308731793,0,0,100,10,500,0.101010101010101,1
Regular,6,20280930,10,RRA,1,NaN,78.1042911874901,2.89750536866986,92.2618966052987,0.347113959165483,0,0,100,10,500,0.101010101010101,1
Regular,6,20280930,11,GURA,1,9.43201382241909e-06,85.5546178115115,3.17389685834647,86.4968855303047,0.328321587677675,0,0,100,11,550,0.111111111111111,1
Regular,6,20280930,11,GRA,1,5.00932584379741e-08,85.5546173925156,3.1738968428026,86.4965051276448,0.32831993963346,0,0,100,11,550,0.111111111111111,1
Regular,6,20280930,11,RRA,1,NaN,78.1799899279783,2.90031363315355,92.2993442706859,0.347351936526876,0,0,100,11,550,0.111111111111111,1
Regular,6,20280930,12,GURA,1,7.10318833441193e-06,85.5601762581767,3.17410306505815,86.5020525197572,0.328344267111244,0,0,100,12,600,0.121212121212121,1
Regular,6,20280930,12,GRA,1,3.13702529647086e-09,85.560176243865,3.17410306452721,86.5020685216566,0.328344353821568,0,0,100,12,600,0.121212121212121,1
Regular,6,20280930,12,RRA,1,NaN,78.2606863997711,2.90330730298523,92.2035048491284,0.346977365905554,0,0,100,12,600,0.121212121212121,1
Regular,6,20280930,13,GURA,1,9.01833733735202e-06,85.563966937834,3.17424369132196,86.5217013780525,0.328429207138402,0,0,100,13,650,0.131313131313131,1
Regular,6,20280930,13,GRA,1,3.71021338742202e-09,85.5639669276498,3.17424369094415,86.5216633600439,0.328429052769569,0,0,100,13,650,0.131313131313131,1
Regular,6,20280930,13,RRA,1,NaN,78.1922670959359,2.90076909033175,92.1895680976429,0.346849832609612,0,0,100,13,650,0.131313131313131,1
Regular,7,20280931,4,GURA,1,9.76474466085619e-06,82.8909913248894,3.06910354675074,91.4398469129129,0.337132873780977,0,0,100,4,200,0.0404040404040404,1
Regular,7,20280931,4,GRA,1,9.45588973118728e-07,82.8908572190289,3.06909858137676,91.4402984844587,0.337133383791482,0,0,100,4,200,0.0404040404040404,1
Regular,7,20280931,4,RRA,1,NaN,77.7415263517387,2.87844059339046,96.8779908127155,0.354123842884086,0,0,100,4,200,0.0404040404040404,1
Regular,7,20280931,5,GURA,1,9.85706192224711e-06,82.9276121588691,3.07045946166569,91.4232695607562,0.337092677004378,0,0,100,5,250,0.0505050505050505,1
Regular,7,20280931,5,GRA,1,5.62278505752815e-08,82.9276106253318,3.07045940488528,91.4227971639367,0.337090938336884,0,0,100,5,250,0.0505050505050505,1
Regular,7,20280931,5,RRA,1,NaN,77.6990260188076,2.87686698544522,96.2615678799437,0.351871884230796,0,0,100,5,250,0.0505050505050505,1
Regular,7,20280931,6,GURA,1,8.52404482287739e-06,82.961643947543,3.07171951516067,91.3838271965171,0.336957833538155,0,0,100,6,300,0.0606060606060606,1
Regular,7,20280931,6,GRA,1,4.69957963502101e-11,82.9616439468264,3.07171951513414,91.3838347142285,0.33695786704033,0,0,100,6,300,0.0606060606060606,1
Regular,7,20280931,6,RRA,1,NaN,77.2638052329036,2.86075259670059,96.9371590255049,0.354221460399616,0,0,100,6,300,0.0606060606060606,1
Regular,7,20280931,7,GURA,1,4.62193105121855e-06,83.3783324028184,3.08714772992243,90.8763049057673,0.335063547472725,0,0,100,7,350,0.0707070707070707,1
Regular,7,20280931,7,GRA,1,4.5483447814088e-09,83.3783323213224,3.08714772690498,90.8763795268334,0.335063799985452,0,0,100,7,350,0.0707070707070707,1
Regular,7,20280931,7,RRA,1,NaN,77.717055777096,2.87753455129557,96.1793715096043,0.351451542209688,0,0,100,7,350,0.0707070707070707,1
Regular,7,20280931,8,GURA,1,8.09309179672368e-06,84.6436316440371,3.13399642031515,89.3015974803531,0.329157905808323,0,0,100,8,400,0.0808080808080808,1
Regular,7,20280931,8,GRA,1,8.65806530108432e-07,84.6435963008429,3.13399511170585,89.299993373477,0.329152588416988,0,0,100,8,400,0.0808080808080808,1
Regular,7,20280931,8,RRA,1,NaN,77.7821030870593,2.87994297863519,96.0715287107238,0.351031183668021,0,0,100,8,400,0.0808080808080808,1
Regular,7,20280931,9,GURA,1,9.71782367997776e-06,85.2140031830634,3.1551148710106,88.554712255043,0.32630242444844,0,0,100,9,450,0.0909090909090909,1
Regular,7,20280931,9,GRA,1,9.0134801255978e-07,85.2139790870484,3.15511397883687,88.5529841547809,0.326294769875475,0,0,100,9,450,0.0909090909090909,1
Regular,7,20280931,9,RRA,1,NaN,78.1411179933712,2.89323578530437,95.3060363166524,0.348280987315582,0,0,100,9,450,0.0909090909090909,1
Regular,7,20280931,10,GURA,1,9.48596975547389e-06,85.5561895601427,3.16778458827128,88.1982208738381,0.325022659501728,0,0,100,10,500,0.101010101010101,1
Regular,7,20280931,10,GRA,1,8.94978072942876e-07,85.5561407637474,3.16778278154672,88.1973835484699,0.325016595678384,0,0,100,10,500,0.101010101010101,1
Regular,7,20280931,10,RRA,1,NaN,78.2245738227373,2.89632580241975,94.9848039574146,0.347151414189694,0,0,100,10,500,0.101010101010101,1
Regular,7,20280931,11,GURA,1,9.99160421955025e-06,85.5789547071844,3.16862748558028,88.1555693545119,0.324827571042056,0,0,100,11,550,0.111111111111111,1
Regular,7,20280931,11,GRA,1,6.20448064369086e-07,85.5789498266647,3.16862730487524,88.1547557671413,0.324823964622713,0,0,100,11,550,0.111111111111111,1
Regular,7,20280931,11,RRA,1,NaN,78.2598988929119,2.89763374067008,94.9057656362616,0.346951747786366,0,0,100,11,550,0.111111111111111,1
Regular,7,20280931,12,GURA,1,5.91936900207202e-06,85.6042657818159,3.16956464784221,88.2195994556605,0.325127126901463,0,0,100,12,600,0.121212121212121,1
Regular,7,20280931,12,GRA,1,6.50862493257799e-09,85.6042656942698,3.16956464460075,88.2193012379573,0.32512592647921,0,0,100,12,600,0.121212121212121,1
Regular,7,20280931,12,RRA,1,NaN,78.3686117766941,2.90165891990682,94.8042986639419,0.346508727975722,0,0,100,12,600,0.121212121212121,1
Regular,7,20280931,13,GURA,1,7.77239190341561e-06,85.6128207095789,3.16988140070908,88.2116038766041,0.325110897708207,0,0,100,13,650,0.131313131313131,1
Regular,7,20280931,13,GRA,1,9.71316711763587e-08,85.6128203705207,3.16988138815518,88.2111812968648,0.325109175144126,0,0,100,13,650,0.131313131313131,1
Regular,7,20280931,13,RRA,1,NaN,78.3921253364219,2.90252952777872,94.6454399378634,0.345963433427221,0,0,100,13,650,0.131313131313131,1
Regular,8,20280932,4,GURA,1,8.97262302501645e-06,81.5477875303127,3.07375402823581,88.6282909490981,0.338711318522456,0,0,100,4,200,0.0404040404040404,1
Regular,8,20280932,4,GRA,1,8.20294846202692e-07,81.5477126715049,3.0737512066073,88.6303448724166,0.338719449090768,0,0,100,4,200,0.0404040404040404,1
Regular,8,20280932,4,RRA,1,NaN,76.3102374195361,2.87633676850817,93.5999665646116,0.354532573162336,0,0,100,4,200,0.0404040404040404,1
Regular,8,20280932,5,GURA,1,9.5278680802835e-06,81.6020245106771,3.07579836496061,88.8075877132118,0.339513149500707,0,0,100,5,250,0.0505050505050505,1
Regular,8,20280932,5,GRA,1,5.25827961126986e-08,81.6020238337699,3.07579833944617,88.8072224768394,0.339511627901756,0,0,100,5,250,0.0505050505050505,1
Regular,8,20280932,5,RRA,1,NaN,76.2459595385447,2.87391396340692,93.8347426926046,0.355264876702535,0,0,100,5,250,0.0505050505050505,1
Regular,8,20280932,6,GURA,1,8.9177052942091e-06,81.6290723626603,3.07681787078053,88.7733948564459,0.339390322347387,0,0,100,6,300,0.0606060606060606,1
Regular,8,20280932,6,GRA,1,1.71115164873584e-07,81.629071383275,3.07681783386488,88.7727540344284,0.339387676121308,0,0,100,6,300,0.0606060606060606,1
Regular,8,20280932,6,RRA,1,NaN,75.7684406234584,2.85591499944656,94.4357090914295,0.357548769340857,0,0,100,6,300,0.0606060606060606,1
Regular,8,20280932,7,GURA,1,8.42309075110848e-06,82.0434813832667,3.09243805417242,88.2150542092439,0.337202232508007,0,0,100,7,350,0.0707070707070707,1
Regular,8,20280932,7,GRA,1,9.76856693299578e-08,82.0434792264584,3.09243797287655,88.2136193635124,0.337196227990391,0,0,100,7,350,0.0707070707070707,1
Regular,8,20280932,7,RRA,1,NaN,76.2123346565343,2.8726465517498,93.4715484908227,0.35392436878576,0,0,100,7,350,0.0707070707070707,1
Regular,8,20280932,8,GURA,1,9.4652466344769e-06,83.4040415949777,3.14372120431122,86.562038511649,0.330778496314692,0,0,100,8,400,0.0808080808080808,1
Regular,8,20280932,8,GRA,1,1.79472611805757e-07,83.404038219752,3.14372107708994,86.5627296339341,0.330781646022256,0,0,100,8,400,0.0808080808080808,1
Regular,8,20280932,8,RRA,1,NaN,76.3039572567677,2.87610005239125,93.1322308948661,0.352498884676396,0,0,100,8,400,0.0808080808080808,1
Regular,8,20280932,9,GURA,1,8.56048036013135e-06,83.9031528937919,3.16253404291457,85.8928000794964,0.328131099984921,0,0,100,9,450,0.0909090909090909,1
Regular,8,20280932,9,GRA,1,4.15396169883611e-07,83.9031151794042,3.16253262135852,85.8978863318546,0.32815136709733,0,0,100,9,450,0.0909090909090909,1
Regular,8,20280932,9,RRA,1,NaN,76.6989711701044,2.89098918236154,92.1623963235953,0.348862499131828,0,0,100,9,450,0.0909090909090909,1
Regular,8,20280932,10,GURA,1,7.27563966407274e-06,84.057802432357,3.16836319728559,85.7693918348142,0.327652174113339,0,0,100,10,500,0.101010101010101,1
Regular,8,20280932,10,GRA,1,7.42355969472324e-07,84.0577959882965,3.16836295439173,85.7687395254732,0.327649198285483,0,0,100,10,500,0.101010101010101,1
Regular,8,20280932,10,RRA,1,NaN,76.6266848684031,2.88826451848322,92.2829628506272,0.349337468684897,0,0,100,10,500,0.101010101010101,1
Regular,8,20280932,11,GURA,1,9.86220470977628e-06,84.1720200348692,3.17266836394246,85.6355978914791,0.327168211126496,0,0,100,11,550,0.111111111111111,1
Regular,8,20280932,11,GRA,1,7.82899079696713e-07,84.1719842126647,3.17266701370785,85.6342362178422,0.327163438944358,0,0,100,11,550,0.111111111111111,1
Regular,8,20280932,11,RRA,1,NaN,76.7603728356835,2.89330357521792,92.0536528104102,0.348546816849894,0,0,100,11,550,0.111111111111111,1
Regular,8,20280932,12,GURA,1,9.25092362891178e-06,84.2759475495439,3.17658566969104,85.6009181004386,0.32711907223545,0,0,100,12,600,0.121212121212121,1
Regular,8,20280932,12,GRA,1,1.61289145990165e-07,84.2759462989435,3.17658562255256,85.6012688735751,0.327120581748698,0,0,100,12,600,0.121212121212121,1
Regular,8,20280932,12,RRA,1,NaN,76.9106441781734,2.89896770367922,91.864006216728,0.34790501389061,0,0,100,12,600,0.121212121212121,1
Regular,8,20280932,13,GURA,1,9.91993019994197e-06,84.3036650764861,3.1776304173497,85.5725029905844,0.327016417757764,0,0,100,13,650,0.131313131313131,1
Regular,8,20280932,13,GRA,1,1.29879598702439e-08,84.3036649287255,3.17763041178021,85.5724544897487,0.327016232039549,0,0,100,13,650,0.131313131313131,1
Regular,8,20280932,13,RRA,1,NaN,76.8455379519733,2.89651367603351,91.9470700242444,0.348195245870236,0,0,100,13,650,0.131313131313131,1
Regular,9,20280933,4,GURA,1,9.81735104588211e-06,82.884647588713,3.08179253474711,90.6323283893451,0.337946459233631,0,0,100,4,200,0.0404040404040404,1
Regular,9,20280933,4,GRA,1,1.30799499246226e-07,82.8846450698738,3.08179244109237,90.6331351252079,0.337950179865047,0,0,100,4,200,0.0404040404040404,1
Regular,9,20280933,4,RRA,1,NaN,77.2303525746319,2.87155620424933,96.6206011883858,0.356425466085084,0,0,100,4,200,0.0404040404040404,1
Regular,9,20280933,5,GURA,1,9.54190964463919e-06,82.9338835100259,3.0836232102601,90.7117063348661,0.338316453638436,0,0,100,5,250,0.0505050505050505,1
Regular,9,20280933,5,GRA,1,2.69854412479061e-07,82.9338764897232,3.08362294923328,90.710108640318,0.338309947012846,0,0,100,5,250,0.0505050505050505,1
Regular,9,20280933,5,RRA,1,NaN,77.1816979106218,2.86974714087403,96.0200534002696,0.354204679217557,0,0,100,5,250,0.0505050505050505,1
Regular,9,20280933,6,GURA,1,9.95522583124853e-06,82.9676187078011,3.08487754243966,90.7114595304083,0.338333052991615,0,0,100,6,300,0.0606060606060606,1
Regular,9,20280933,6,GRA,1,4.74479981669084e-07,82.9675989507107,3.08487680783735,90.7123076933043,0.3383357008933,0,0,100,6,300,0.0606060606060606,1
Regular,9,20280933,6,RRA,1,NaN,76.6804387848818,2.85110947181685,96.6824711497198,0.356654739246755,0,0,100,6,300,0.0606060606060606,1
Regular,9,20280933,7,GURA,1,9.84681841131874e-06,83.315588963139,3.09781566990249,90.2493182970658,0.336546669247051,0,0,100,7,350,0.0707070707070707,1
Regular,9,20280933,7,GRA,1,1.56655226529648e-07,83.3155747349922,3.09781514087573,90.2489633852703,0.336545644996283,0,0,100,7,350,0.0707070707070707,1
Regular,9,20280933,7,RRA,1,NaN,77.135169179537,2.86801712331011,96.2149527717078,0.355056574519203,0,0,100,7,350,0.0707070707070707,1
Regular,9,20280933,8,GURA,1,8.60196950824843e-06,84.7634391833205,3.15164921000666,88.2697948579507,0.328952604517832,0,0,100,8,400,0.0808080808080808,1
Regular,9,20280933,8,GRA,1,8.69447098843777e-07,84.7634206743611,3.15164852181199,88.2700319788351,0.328953267920689,0,0,100,8,400,0.0808080808080808,1
Regular,9,20280933,8,RRA,1,NaN,77.3276820184605,2.87517507893998,95.6773662099142,0.353046784663369,0,0,100,8,400,0.0808080808080808,1
Regular,9,20280933,9,GURA,1,9.1097379950611e-06,85.0724934958459,3.16314037635508,87.8928038503308,0.327509393294802,0,0,100,9,450,0.0909090909090909,1
Regular,9,20280933,9,GRA,1,9.84396567329945e-07,85.072463249428,3.16313925174169,87.8947763968131,0.327517111080726,0,0,100,9,450,0.0909090909090909,1
Regular,9,20280933,9,RRA,1,NaN,77.5247488184697,2.88250235860856,95.0101639752853,0.350558553790175,0,0,100,9,450,0.0909090909090909,1
Regular,9,20280933,10,GURA,1,7.6925238161607e-06,85.4300806275906,3.1764360756817,87.5247425218721,0.326126718187824,0,0,100,10,500,0.101010101010101,1
Regular,9,20280933,10,GRA,1,5.33019008875653e-07,85.4300642989994,3.17643546855684,87.5229880388601,0.326120497870131,0,0,100,10,500,0.101010101010101,1
Regular,9,20280933,10,RRA,1,NaN,77.5463387310558,2.88330510837429,94.863203045588,0.350073264690685,0,0,100,10,500,0.101010101010101,1
Regular,9,20280933,11,GURA,1,5.00799185942924e-06,85.4778913481372,3.17821375979991,87.489443967708,0.32602855740911,0,0,100,11,550,0.111111111111111,1
Regular,9,20280933,11,GRA,1,7.18459499885198e-07,85.4778565294945,3.1782124651834,87.4896180272283,0.326029718536505,0,0,100,11,550,0.111111111111111,1
Regular,9,20280933,11,RRA,1,NaN,77.6656572364669,2.88774157387098,94.7156849662824,0.34953701618326,0,0,100,11,550,0.111111111111111,1
Regular,9,20280933,12,GURA,1,8.88934140874653e-06,85.5877514514645,3.18229854577838,87.475600916087,0.326089500870666,0,0,100,12,600,0.121212121212121,1
Regular,9,20280933,12,GRA,1,7.01085393131021e-07,85.5877483686431,3.18229843115382,87.4761035935119,0.326091778266184,0,0,100,12,600,0.121212121212121,1
Regular,9,20280933,12,RRA,1,NaN,77.7622663425061,2.89133366517428,94.7278204622359,0.349623308207308,0,0,100,12,600,0.121212121212121,1
Regular,9,20280933,13,GURA,1,8.68265321329886e-06,85.6038167641448,3.18289588149889,87.463045191727,0.326069046798347,0,0,100,13,650,0.131313131313131,1
Regular,9,20280933,13,GRA,1,2.65950972327345e-09,85.6038166856501,3.18289587858032,87.4630630135472,0.326069050394324,0,0,100,13,650,0.131313131313131,1
Regular,9,20280933,13,RRA,1,NaN,77.7796777746822,2.89198105191308,94.6300167980404,0.349247713737784,0,0,100,13,650,0.131313131313131,1
Regular,10,20280934,4,GURA,1,9.95828117567044e-06,81.4154112594775,3.07131895426679,88.4708224249281,0.340145509974899,0,0,100,4,200,0.0404040404040404,1
Regular,10,20280934,4,GRA,1,1.41830674189045e-07,81.4154107128965,3.07131893364754,88.4709032571591,0.340145796703939,0,0,100,4,200,0.0404040404040404,1
Regular,10,20280934,4,RRA,1,NaN,76.2674081492173,2.87711543328014,92.941458876829,0.354030215371869,0,0,100,4,200,0.0404040404040404,1
Regular,10,20280934,5,GURA,1,9.39882351502774e-06,81.4780253091506,3.07368100973749,88.6043211924333,0.340717696231207,0,0,100,5,250,0.0505050505050505,1
Regular,10,20280934,5,GRA,1,6.96103445842951e-07,81.4780134905801,3.07368056389316,88.6047135499091,0.340720612427487,0,0,100,5,250,0.0505050505050505,1
Regular,10,20280934,5,RRA,1,NaN,76.2820324878033,2.87766712254386,92.6019752779574,0.352885241958482,0,0,100,5,250,0.0505050505050505,1
Regular,10,20280934,6,GURA,1,9.98631746185197e-06,81.5034939489671,3.07464178995094,88.5957474123747,0.340684585080095,0,0,100,6,300,0.0606060606060606,1
Regular,10,20280934,6,GRA,1,2.72162843476008e-08,81.5034937845453,3.07464178374828,88.5956997080503,0.340684390078214,0,0,100,6,300,0.0606060606060606,1
Regular,10,20280934,6,RRA,1,NaN,75.897496766041,2.86316087817844,93.0453340961745,0.3544422700778,0,0,100,6,300,0.0606060606060606,1
Regular,10,20280934,7,GURA,1,9.99034211091043e-06,81.9091637356042,3.08994529681281,88.087777602029,0.338677840822312,0,0,100,7,350,0.0707070707070707,1
Regular,10,20280934,7,GRA,1,1.99770569296267e-08,81.9091635355198,3.08994528926482,88.0874987294114,0.338676631904538,0,0,100,7,350,0.0707070707070707,1
Regular,10,20280934,7,RRA,1,NaN,76.395542293625,2.88194917200749,92.4185660610844,0.352287446232103,0,0,100,7,350,0.0707070707070707,1
Regular,10,20280934,8,GURA,1,9.45871732582759e-06,83.5420543490779,3.15154454213779,85.739086203097,0.329487049453044,0,0,100,8,400,0.0808080808080808,1
Regular,10,20280934,8,GRA,1,1.42513467795873e-07,83.5420496301531,3.15154436412084,85.7389405520114,0.329485763362656,0,0,100,8,400,0.0808080808080808,1
Regular,10,20280934,8,RRA,1,NaN,76.4347306563982,2.88342751572044,92.3747159424772,0.351966590456162,0,0,100,8,400,0.0808080808080808,1
Regular,10,20280934,9,GURA,1,8.40387378886476e-06,83.8513712846302,3.16321322933522,85.5072769037775,0.328646948842255,0,0,100,9,450,0.0909090909090909,1
Regular,10,20280934,9,GRA,1,2.63416370464791e-07,83.8513202679007,3.16321130477762,85.5055700771271,0.328640884650592,0,0,100,9,450,0.0909090909090909,1
Regular,10,20280934,9,RRA,1,NaN,76.6277049274472,2.89070728655485,91.8448031456622,0.349862340286571,0,0,100,9,450,0.0909090909090909,1
Regular,10,20280934,10,GURA,1,8.59922119644807e-06,84.0924991034994,3.17230954696154,85.2476076270759,0.327677359141068,0,0,100,10,500,0.101010101010101,1
Regular,10,20280934,10,GRA,1,6.7627847419858e-08,84.0924982680157,3.17230951544372,85.2474086211761,0.327676293423842,0,0,100,10,500,0.101010101010101,1
Regular,10,20280934,10,RRA,1,NaN,76.5842077962436,2.88906639865101,91.9281474566541,0.35011286235731,0,0,100,10,500,0.101010101010101,1
Regular,10,20280934,11,GURA,1,9.20556144379248e-06,84.1833715436592,3.17573762333634,85.2647818294865,0.327826349982382,0,0,100,11,550,0.111111111111111,1
Regular,10,20280934,11,GRA,1,9.73998804308743e-07,84.183336560045,3.17573630361277,85.2604265570851,0.327807425331599,0,0,100,11,550,0.111111111111111,1
Regular,10,20280934,11,RRA,1,NaN,76.7447582001043,2.8951230099346,91.6264044415809,0.349070788524491,0,0,100,11,550,0.111111111111111,1
Regular,10,20280934,12,GURA,1,8.33911181885583e-06,84.185532450281,3.17581914148338,85.2704031917063,0.327857246268623,0,0,100,12,600,0.121212121212121,1
Regular,10,20280934,12,GRA,1,6.56378115809398e-08,84.1855314109175,3.17581910227438,85.2701234319413,0.327855906971973,0,0,100,12,600,0.121212121212121,1
Regular,10,20280934,12,RRA,1,NaN,76.7726711183512,2.89617599822705,91.6293058484399,0.349011277572365,0,0,100,12,600,0.121212121212121,1
Regular,10,20280934,13,GURA,1,7.99218335956198e-06,84.2024378176456,3.17645688038824,85.2776733554406,0.327890287400464,0,0,100,13,650,0.131313131313131,1
Regular,10,20280934,13,GRA,1,4.44167749786961e-08,84.2024370360638,3.17645685090382,85.2775041701629,0.327889441635993,0,0,100,13,650,0.131313131313131,1
Regular,10,20280934,13,RRA,1,NaN,76.9083445437494,2.90129414915903,91.3649323381265,0.348167270149624,0,0,100,13,650,0.131313131313131,1
Regular,11,20280935,4,GURA,1,9.25677624863397e-06,82.8968030566068,3.06043570447897,90.4414970279948,0.339432728521524,0,0,100,4,200,0.0404040404040404,1
Regular,11,20280935,4,GRA,1,8.52496110102081e-07,82.8962460437309,3.06041514033137,90.4337077308412,0.339400922534178,0,0,100,4,200,0.0404040404040404,1
Regular,11,20280935,4,RRA,1,NaN,77.8723630431969,2.87494030483669,94.8868908825493,0.353266683069965,0,0,100,4,200,0.0404040404040404,1
Regular,11,20280935,5,GURA,1,9.05678697904477e-06,82.9543315632783,3.06255957764839,90.4833889805283,0.339637570262771,0,0,100,5,250,0.0505050505050505,1
Regular,11,20280935,5,GRA,1,8.279654657294e-07,82.9542299073426,3.06255582465136,90.4917057334513,0.339670855338835,0,0,100,5,250,0.0505050505050505,1
Regular,11,20280935,5,RRA,1,NaN,77.7260890666946,2.86954007124725,94.8234876458245,0.352976565497425,0,0,100,5,250,0.0505050505050505,1
Regular,11,20280935,6,GURA,1,9.99041231253273e-06,82.9891769491393,3.06384602126374,90.5461738919838,0.339929868055964,0,0,100,6,300,0.0606060606060606,1
Regular,11,20280935,6,GRA,1,1.22855020491869e-07,82.9891759500591,3.06384598437908,90.546280412579,0.339930343544376,0,0,100,6,300,0.0606060606060606,1
Regular,11,20280935,6,RRA,1,NaN,77.3351010696639,2.85510533333198,95.3927447583678,0.355019281539674,0,0,100,6,300,0.0606060606060606,1
Regular,11,20280935,7,GURA,1,9.69469425626812e-06,83.1583679394271,3.0700923194135,90.2999666504301,0.338981058386435,0,0,100,7,350,0.0707070707070707,1
Regular,11,20280935,7,GRA,1,1.56982822729931e-07,83.1583649530978,3.07009220916233,90.2997233504229,0.338979679836953,0,0,100,7,350,0.0707070707070707,1
Regular,11,20280935,7,RRA,1,NaN,77.7803945259338,2.87154495394809,94.7290590957389,0.352563508445396,0,0,100,7,350,0.0707070707070707,1
Regular,11,20280935,8,GURA,1,8.32293563846065e-06,84.5063177430862,3.11985676816005,88.4033364760303,0.331642321692738,0,0,100,8,400,0.0808080808080808,1
Regular,11,20280935,8,GRA,1,3.63324206866536e-07,84.5062149276272,3.11985297235502,88.4041887209497,0.331645836882593,0,0,100,8,400,0.0808080808080808,1
Regular,11,20280935,8,RRA,1,NaN,77.8662926488067,2.87471619424319,94.5010589292839,0.351632937951737,0,0,100,8,400,0.0808080808080808,1
Regular,11,20280935,9,GURA,1,7.76271050995092e-06,85.2241109437556,3.14635670372766,87.5412469522918,0.328333569675374,0,0,100,9,450,0.0909090909090909,1
Regular,11,20280935,9,GRA,1,7.98628905018542e-07,85.2241008624451,3.14635633153957,87.5423725575383,0.328338219927565,0,0,100,9,450,0.0909090909090909,1
Regular,11,20280935,9,RRA,1,NaN,78.0254937683711,2.8805936801358,94.0247161176615,0.34980763549393,0,0,100,9,450,0.0909090909090909,1
Regular,11,20280935,10,GURA,1,9.19877883021059e-06,85.4220899121591,3.15366581434829,87.3655351557448,0.327734762601339,0,0,100,10,500,0.101010101010101,1
Regular,11,20280935,10,GRA,1,5.12974497941517e-07,85.4220565874349,3.15366458404541,87.3639356909768,0.327726988453173,0,0,100,10,500,0.101010101010101,1
Regular,11,20280935,10,RRA,1,NaN,78.2585825000867,2.88919899482288,93.6326129501176,0.348588200737462,0,0,100,10,500,0.101010101010101,1
Regular,11,20280935,11,GURA,1,9.39409062539198e-06,85.5947361740921,3.16003967636447,87.2214317857249,0.327200864344646,0,0,100,11,550,0.111111111111111,1
Regular,11,20280935,11,GRA,1,5.70149940998675e-07,85.594721788149,3.16003914525528,87.2228985906334,0.327207177938154,0,0,100,11,550,0.111111111111111,1
Regular,11,20280935,11,RRA,1,NaN,78.2915485879636,2.89041605734706,93.5456865178301,0.348291401502959,0,0,100,11,550,0.111111111111111,1
Regular,11,20280935,12,GURA,1,9.22695324589995e-06,85.6806500003737,3.16321149640777,87.3329860630529,0.327727697579044,0,0,100,12,600,0.121212121212121,1
Regular,11,20280935,12,GRA,1,3.57789851983445e-07,85.6806465839342,3.16321137027753,87.3321996411472,0.327724342979316,0,0,100,12,600,0.121212121212121,1
Regular,11,20280935,12,RRA,1,NaN,78.3212791746888,2.89151366962853,93.4940159771935,0.348105087767283,0,0,100,12,600,0.121212121212121,1
Regular,11,20280935,13,GURA,1,7.34503598565084e-06,85.7421925542057,3.16548356266542,87.3018696147068,0.327635057895388,0,0,100,13,650,0.131313131313131,1
Regular,11,20280935,13,GRA,1,4.3464031705785e-07,85.7421857345144,3.16548331089182,87.3008084239529,0.327630814779014,0,0,100,13,650,0.131313131313131,1
Regular,11,20280935,13,RRA,1,NaN,78.1922397512997,2.88674971198404,93.6193768170021,0.348618785388179,0,0,100,13,650,0.131313131313131,1
Regular,12,20280936,4,GURA,1,9.99344771912547e-06,80.6582799467424,3.04159163104086,89.4899912527201,0.338235324024177,0,0,100,4,200,0.0404040404040404,1
Regular,12,20280936,4,GRA,1,7.77585423421989e-10,80.6582795694061,3.04159161681166,89.4900597866574,0.338235605639932,0,0,100,4,200,0.0404040404040404,1
Regular,12,20280936,4,RRA,1,NaN,76.3251358941085,2.87819049360911,93.8360455992943,0.352353603196193,0,0,100,4,200,0.0404040404040404,1
Regular,12,20280936,5,GURA,1,9.91803243977074e-06,80.7018146781232,3.04323330843238,89.4980630303626,0.338299397576513,0,0,100,5,250,0.0505050505050505,1
Regular,12,20280936,5,GRA,1,9.90427953919347e-07,80.7017635227862,3.04323137938498,89.4994444333063,0.338306332055895,0,0,100,5,250,0.0505050505050505,1
Regular,12,20280936,5,RRA,1,NaN,76.5125713826391,2.88525861127355,93.5601716134683,0.35141954460669,0,0,100,5,250,0.0505050505050505,1
Regular,12,20280936,6,GURA,1,9.61700692414524e-06,80.7301141047023,3.04430046854418,89.4865867069894,0.338269656666239,0,0,100,6,300,0.0606060606060606,1
Regular,12,20280936,6,GRA,1,7.30842963988436e-07,80.7300543214622,3.044298214142,89.4874262974718,0.338272858824765,0,0,100,6,300,0.0606060606060606,1
Regular,12,20280936,6,RRA,1,NaN,76.0971973203433,2.86959502072259,94.1187196087124,0.353491233147438,0,0,100,6,300,0.0606060606060606,1
Regular,12,20280936,7,GURA,1,7.92640303615144e-06,81.1123353444513,3.05871387935327,88.9758057299587,0.336286430753295,0,0,100,7,350,0.0707070707070707,1
Regular,12,20280936,7,GRA,1,4.89631284704905e-07,81.1123287641901,3.05871363121424,88.9754371229991,0.336285495904286,0,0,100,7,350,0.0707070707070707,1
Regular,12,20280936,7,RRA,1,NaN,76.3504942941377,2.87914674878039,93.7031148522478,0.351906784537625,0,0,100,7,350,0.0707070707070707,1
Regular,12,20280936,8,GURA,1,9.16777114667866e-06,82.7187842810451,3.11929242931075,87.0278646370783,0.328813205130995,0,0,100,8,400,0.0808080808080808,1
Regular,12,20280936,8,GRA,1,8.19293014723752e-07,82.7187479911942,3.11929106083492,87.0260576715636,0.328805376744784,0,0,100,8,400,0.0808080808080808,1
Regular,12,20280936,8,RRA,1,NaN,76.4914564983557,2.88446237739193,93.2242236888693,0.350006608136878,0,0,100,8,400,0.0808080808080808,1
Regular,12,20280936,9,GURA,1,6.94997309480527e-06,83.1034221385768,3.1337969698145,86.6936484970247,0.327569585020008,0,0,100,9,450,0.0909090909090909,1
Regular,12,20280936,9,GRA,1,1.39305200627445e-08,83.1034217159477,3.13379695387732,86.693613994911,0.327569502189399,0,0,100,9,450,0.0909090909090909,1
Regular,12,20280936,9,RRA,1,NaN,76.6356221017176,2.88989880491008,92.7542924512157,0.348265009980164,0,0,100,9,450,0.0909090909090909,1
Regular,12,20280936,10,GURA,1,7.59872234823433e-06,83.4002911915583,3.14499178363472,86.4703632986357,0.326798898463761,0,0,100,10,500,0.101010101010101,1
Regular,12,20280936,10,GRA,1,2.57983291501853e-07,83.4002871146953,3.14499162989784,86.469341340896,0.326794754701467,0,0,100,10,500,0.101010101010101,1
Regular,12,20280936,10,RRA,1,NaN,76.8667506906505,2.8986145719988,92.2884331984825,0.3465426352327,0,0,100,10,500,0.101010101010101,1
Regular,12,20280936,11,GURA,1,7.98505579169273e-06,83.4019178293853,3.1450531234997,86.4726426988838,0.326818043592334,0,0,100,11,550,0.111111111111111,1
Regular,12,20280936,11,GRA,1,6.99218079407019e-07,83.4019127714986,3.1450529327688,86.4731011062982,0.326819878765418,0,0,100,11,550,0.111111111111111,1
Regular,12,20280936,11,RRA,1,NaN,76.8550171713907,2.898172105658,92.2781253786974,0.346540120748135,0,0,100,11,550,0.111111111111111,1
Regular,12,20280936,12,GURA,1,9.91604576938698e-06,83.483815869576,3.14814146599606,86.3995023421943,0.326544572863015,0,0,100,12,600,0.121212121212121,1
Regular,12,20280936,12,GRA,1,2.23825000884842e-07,83.4838138666973,3.1481413904683,86.3988032738573,0.326541597914409,0,0,100,12,600,0.121212121212121,1
Regular,12,20280936,12,RRA,1,NaN,76.9412326316668,2.90142325634725,92.2398997643193,0.346400892477245,0,0,100,12,600,0.121212121212121,1
Regular,12,20280936,13,GURA,1,5.04279440249888e-06,83.5121769368356,3.14921095055339,86.3608630442569,0.326416501326341,0,0,100,13,650,0.131313131313131,1
Regular,12,20280936,13,GRA,1,1.05948879705461e-07,83.5121747636851,3.14921086860475,86.3610808741233,0.326417112834941,0,0,100,13,650,0.131313131313131,1
Regular,12,20280936,13,RRA,1,NaN,76.9776266385227,2.90279565985927,92.1092232362895,0.345919582362424,0,0,100,13,650,0.131313131313131,1
Regular,13,20280937,4,GURA,1,9.36810453211478e-06,83.5267328913935,3.0619169732676,91.822830225475,0.338573200755742,0,0,100,4,200,0.0404040404040404,1
Regular,13,20280937,4,GRA,1,5.96103778082332e-07,83.5267303890192,3.06191688153574,91.8239426496599,0.338577562213527,0,0,100,4,200,0.0404040404040404,1
Regular,13,20280937,4,RRA,1,NaN,78.5879753378058,2.88087235369836,96.1061025635248,0.351842910963534,0,0,100,4,200,0.0404040404040404,1
Regular,13,20280937,5,GURA,1,9.58084967805917e-06,83.5583455493965,3.06307582781343,91.8501542812784,0.338729798278117,0,0,100,5,250,0.0505050505050505,1
Regular,13,20280937,5,GRA,1,6.8527758422405e-07,83.5583280843405,3.06307518758066,91.8523746718541,0.338737810620867,0,0,100,5,250,0.0505050505050505,1
Regular,13,20280937,5,RRA,1,NaN,78.567994249641,2.88013988840398,95.7989467838613,0.350671817220473,0,0,100,5,250,0.0505050505050505,1
Regular,13,20280937,6,GURA,1,9.92274795663661e-06,83.5964526134664,3.06447275383026,91.8284308051873,0.338648536073185,0,0,100,6,300,0.0606060606060606,1
Regular,13,20280937,6,GRA,1,3.68612903546235e-11,83.5964526123537,3.06447275378947,91.8284262053363,0.338648528502146,0,0,100,6,300,0.0606060606060606,1
Regular,13,20280937,6,RRA,1,NaN,78.2231289879377,2.86749784241766,96.8393546247867,0.354405728940435,0,0,100,6,300,0.0606060606060606,1
Regular,13,20280937,7,GURA,1,9.57167476300924e-06,83.9849501457313,3.07871426845602,91.3258584886645,0.336718707381153,0,0,100,7,350,0.0707070707070707,1
Regular,13,20280937,7,GRA,1,5.20983715144565e-08,83.9849448236861,3.07871407336087,91.3250688214889,0.336715910907934,0,0,100,7,350,0.0707070707070707,1
Regular,13,20280937,7,RRA,1,NaN,78.5103895572253,2.87802821972807,96.565800615449,0.353403548497745,0,0,100,7,350,0.0707070707070707,1
Regular,13,20280937,8,GURA,1,9.87759805326505e-06,85.3630506333684,3.12923257712076,89.4168150130129,0.329560453949207,0,0,100,8,400,0.0808080808080808,1
Regular,13,20280937,8,GRA,1,8.30922318211067e-07,85.3629445791288,3.12922868939206,89.4121428553791,0.329543555150402,0,0,100,8,400,0.0808080808080808,1
Regular,13,20280937,8,RRA,1,NaN,78.6226571737993,2.88214371795046,96.2063375876335,0.352002682417158,0,0,100,8,400,0.0808080808080808,1
Regular,13,20280937,9,GURA,1,9.98084027514778e-06,85.9044727321873,3.14907998952022,88.8235647959625,0.327391147339875,0,0,100,9,450,0.0909090909090909,1
Regular,13,20280937,9,GRA,1,4.58467001306388e-07,85.9044452423986,3.14907898180153,88.8236822720618,0.327390985144946,0,0,100,9,450,0.0909090909090909,1
Regular,13,20280937,9,RRA,1,NaN,78.9970819942603,2.89586935611798,95.1952617344071,0.348421883054229,0,0,100,9,450,0.0909090909090909,1
Regular,13,20280937,10,GURA,1,9.78154544029053e-06,86.2317187727876,3.16107615136522,88.6492723886049,0.326853151626904,0,0,100,10,500,0.101010101010101,1
Regular,13,20280937,10,GRA,1,1.52199368049347e-07,86.231712802611,3.16107593251091,88.6496815372934,0.326854601828189,0,0,100,10,500,0.101010101010101,1
Regular,13,20280937,10,RRA,1,NaN,79.1199017594334,2.90037167424558,94.873594770309,0.347262064358965,0,0,100,10,500,0.101010101010101,1
Regular,13,20280937,11,GURA,1,7.96202975905658e-06,86.261958794105,3.16218468789405,88.5397245105192,0.326413978322518,0,0,100,11,550,0.111111111111111,1
Regular,13,20280937,11,GRA,1,7.32344686544141e-07,86.2618984312706,3.1621824751176,88.5392191507483,0.326410853982889,0,0,100,11,550,0.111111111111111,1
Regular,13,20280937,11,RRA,1,NaN,79.1356317426284,2.90094830283941,95.0682416417769,0.347964578818402,0,0,100,11,550,0.111111111111111,1
Regular,13,20280937,12,GURA,1,8.5026941825106e-06,86.2848040536479,3.16302214777703,88.587896756294,0.326634285751381,0,0,100,12,600,0.121212121212121,1
Regular,13,20280937,12,GRA,1,1.14267045024344e-08,86.2848039700052,3.16302214471086,88.5878365447956,0.326634084736698,0,0,100,12,600,0.121212121212121,1
Regular,13,20280937,12,RRA,1,NaN,79.1710905621307,2.90224814969714,95.0624530465325,0.347894744919249,0,0,100,12,600,0.121212121212121,1
Regular,13,20280937,13,GURA,1,4.81886048930846e-06,86.3182296267059,3.16424746003269,88.5418126783132,0.326457819130098,0,0,100,13,650,0.131313131313131,1
Regular,13,20280937,13,GRA,1,1.10564729837826e-07,86.3182283565074,3.16424741346985,88.5413194800616,0.326455680412956,0,0,100,13,650,0.131313131313131,1
Regular,13,20280937,13,RRA,1,NaN,79.199651176059,2.90329512263056,94.9441103691761,0.347453267715684,0,0,100,13,650,0.131313131313131,1
Regular,14,20280938,4,GURA,1,9.84350558397296e-06,82.2250801560494,3.06491979150431,90.000639994747,0.338918148810417,0,0,100,4,200,0.0404040404040404,1
Regular,14,20280938,4,GRA,1,2.32211692411072e-08,82.2250801355962,3.06491979074193,90.0007044913606,0.338918292632705,0,0,100,4,200,0.0404040404040404,1
Regular,14,20280938,4,RRA,1,NaN,77.0758973333984,2.87298525871619,95.0273197778083,0.35520479059597,0,0,100,4,200,0.0404040404040404,1
Regular,14,20280938,5,GURA,1,9.82936814963864e-06,82.2636633036288,3.06635796891211,90.0696035353022,0.339222328668475,0,0,100,5,250,0.0505050505050505,1
Regular,14,20280938,5,GRA,1,6.72702722774295e-08,82.2636619407669,3.06635791811176,90.0690807321958,0.339220394504558,0,0,100,5,250,0.0505050505050505,1
Regular,14,20280938,5,RRA,1,NaN,77.0650660672448,2.87258152591425,94.9614370304632,0.354910559392597,0,0,100,5,250,0.0505050505050505,1
Regular,14,20280938,6,GURA,1,9.53858110364081e-06,82.2950729272937,3.06752875496706,90.0443029847987,0.339140343506121,0,0,100,6,300,0.0606060606060606,1
Regular,14,20280938,6,GRA,1,2.80010697120613e-09,82.2950729642783,3.06752875634565,90.0442805894066,0.339140218094194,0,0,100,6,300,0.0606060606060606,1
Regular,14,20280938,6,RRA,1,NaN,76.5788179106786,2.85445674457243,95.5137915618516,0.356906930826647,0,0,100,6,300,0.0606060606060606,1
Regular,14,20280938,7,GURA,1,9.30118346431641e-06,82.7344610124606,3.08390683858612,89.4872355078791,0.336972891480157,0,0,100,7,350,0.0707070707070707,1
Regular,14,20280938,7,GRA,1,3.83378156173055e-09,82.734461018847,3.08390683882417,89.4873284310797,0.336973241214451,0,0,100,7,350,0.0707070707070707,1
Regular,14,20280938,7,RRA,1,NaN,77.0308743449728,2.87130703781283,94.8416807020325,0.354467884828714,0,0,100,7,350,0.0707070707070707,1
Regular,14,20280938,8,GURA,1,7.96276451708877e-06,84.282733505658,3.14161831783353,87.4440020221078,0.329206349812966,0,0,100,8,400,0.0808080808080808,1
Regular,14,20280938,8,GRA,1,6.54054378526744e-07,84.2825824985227,3.14161268907942,87.4421002133887,0.329193896249697,0,0,100,8,400,0.0808080808080808,1
Regular,14,20280938,8,RRA,1,NaN,77.1240657738281,2.87478072557519,94.5851495722575,0.353413791765268,0,0,100,8,400,0.0808080808080808,1
Regular,14,20280938,9,GURA,1,8.40174699945351e-06,84.7397180097329,3.15865230367205,86.9834463547717,0.327496440577627,0,0,100,9,450,0.0909090909090909,1
Regular,14,20280938,9,GRA,1,9.30885586534233e-07,84.7396668260749,3.1586503958137,86.9843809666829,0.32749919251541,0,0,100,9,450,0.0909090909090909,1
Regular,14,20280938,9,RRA,1,NaN,77.5557273540487,2.89087080560843,93.5844843410016,0.349909893450195,0,0,100,9,450,0.0909090909090909,1
Regular,14,20280938,10,GURA,1,7.07347009409887e-06,84.9434302669481,3.16624562833317,86.8607186199207,0.327079763590921,0,0,100,10,500,0.101010101010101,1
Regular,14,20280938,10,GRA,1,1.9077778626417e-07,84.9434265354032,3.16624548924074,86.8608689456427,0.327079981886185,0,0,100,10,500,0.101010101010101,1
Regular,14,20280938,10,RRA,1,NaN,77.5844729909834,2.8919422922083,93.5252222460438,0.349719534428445,0,0,100,10,500,0.101010101010101,1
Regular,14,20280938,11,GURA,1,9.15828412217934e-06,84.9590633300376,3.16682834694377,86.7871230884693,0.326791617534535,0,0,100,11,550,0.111111111111111,1
Regular,14,20280938,11,GRA,1,2.63051193540776e-07,84.9590617023448,3.16682828627191,86.7873836573423,0.32679241083212,0,0,100,11,550,0.111111111111111,1
Regular,14,20280938,11,RRA,1,NaN,77.5684408071132,2.89134469646803,93.6037687286347,0.350041532325216,0,0,100,11,550,0.111111111111111,1
Regular,14,20280938,12,GURA,1,6.97637098667769e-06,85.0130659831177,3.16884128265517,86.7897599252656,0.326807467294224,0,0,100,12,600,0.121212121212121,1
Regular,14,20280938,12,GRA,1,1.23849990444239e-08,85.01306559515,3.16884126819376,86.7897443835683,0.326807439938807,0,0,100,12,600,0.121212121212121,1
Regular,14,20280938,12,RRA,1,NaN,77.5810740127284,2.89181559612354,93.4836189018715,0.349518418960827,0,0,100,12,600,0.121212121212121,1
Regular,14,20280938,13,GURA,1,6.12757127527175e-06,85.0362957797723,3.16970716765502,86.7751768304262,0.326765448471304,0,0,100,13,650,0.131313131313131,1
Regular,14,20280938,13,GRA,1,5.33312805033316e-07,85.0362925428796,3.16970704700064,86.7749510413148,0.326764375509699,0,0,100,13,650,0.131313131313131,1
Regular,14,20280938,13,RRA,1,NaN,77.5508434508957,2.89068875931057,93.4364074990829,0.349434932297373,0,0,100,13,650,0.131313131313131,1
Regular,15,20280939,4,GURA,1,9.26245948917881e-06,78.2695332991604,3.0566083017571,86.3269692036827,0.338785192898624,0,0,100,4,200,0.0404040404040404,1
Regular,15,20280939,4,GRA,1,8.57942896034846e-07,78.2693857343838,3.05660253900751,86.3272401869272,0.338786258574404,0,0,100,4,200,0.0404040404040404,1
Regular,15,20280939,4,RRA,1,NaN,73.7337099870581,2.87947379479532,90.3682441223909,0.352441515824015,0,0,100,4,200,0.0404040404040404,1
Regular,15,20280939,5,GURA,1,9.73810407245423e-06,78.2954038329884,3.05761860659905,86.3548035622788,0.338957090974826,0,0,100,5,250,0.0505050505050505,1
Regular,15,20280939,5,GRA,1,2.95386603384054e-07,78.2954021066898,3.05761853918305,86.353868620648,0.338953216899334,0,0,100,5,250,0.0505050505050505,1
Regular,15,20280939,5,RRA,1,NaN,73.8162083603405,2.88269554918719,90.2256759744073,0.35198227743527,0,0,100,5,250,0.0505050505050505,1
Regular,15,20280939,6,GURA,1,9.44263386770672e-06,78.3197940133606,3.05857110017688,86.3367451038305,0.33889237120702,0,0,100,6,300,0.0606060606060606,1
Regular,15,20280939,6,GRA,1,9.56411705738873e-07,78.3196088873295,3.05856387057247,86.3362506414555,0.338889756414404,0,0,100,6,300,0.0606060606060606,1
Regular,15,20280939,6,RRA,1,NaN,73.5120792771073,2.8708185973078,90.785877158183,0.354052532168618,0,0,100,6,300,0.0606060606060606,1
Regular,15,20280939,7,GURA,1,9.92754711504062e-06,78.7552611724386,3.07557711104055,85.7795769471132,0.336649954703951,0,0,100,7,350,0.0707070707070707,1
Regular,15,20280939,7,GRA,1,9.38579657081161e-07,78.7551016322463,3.07557088062298,85.7790683781153,0.336647259012794,0,0,100,7,350,0.0707070707070707,1
Regular,15,20280939,7,RRA,1,NaN,73.8111509218108,2.88249804438623,90.2969160936769,0.352021975100091,0,0,100,7,350,0.0707070707070707,1
Regular,15,20280939,8,GURA,1,6.41434762371773e-06,79.91097244979,3.12071033895038,84.1741713459594,0.330195526848474,0,0,100,8,400,0.0808080808080808,1
Regular,15,20280939,8,GRA,1,6.94591008262868e-08,79.9109679572476,3.12071016350609,84.1741295033548,0.33019530638875,0,0,100,8,400,0.0808080808080808,1
Regular,15,20280939,8,RRA,1,NaN,73.5644187609356,2.87286257654258,90.7332889047471,0.353512135240769,0,0,100,8,400,0.0808080808080808,1
Regular,15,20280939,9,GURA,1,9.57109837074199e-06,80.3251703002011,3.13688573357421,83.7418910322813,0.328535470159336,0,0,100,9,450,0.0909090909090909,1
Regular,15,20280939,9,GRA,1,4.03342625509876e-08,80.3251699868972,3.13688572133896,83.7418547855115,0.328535401142591,0,0,100,9,450,0.0909090909090909,1
Regular,15,20280939,9,RRA,1,NaN,73.8473547221718,2.88391188744974,89.9650399914159,0.35071251966482,0,0,100,9,450,0.0909090909090909,1
Regular,15,20280939,10,GURA,1,8.64754706597637e-06,80.6052336825597,3.14782286355892,83.4419193127963,0.32739489126742,0,0,100,10,500,0.101010101010101,1
Regular,15,20280939,10,GRA,1,4.79876613583681e-07,80.6052286551136,3.14782266722539,83.4429610218756,0.327399175822416,0,0,100,10,500,0.101010101010101,1
Regular,15,20280939,10,RRA,1,NaN,73.8805905987415,2.88520982614896,89.7173145513887,0.349720755306562,0,0,100,10,500,0.101010101010101,1
Regular,15,20280939,11,GURA,1,8.37159300459689e-06,80.7511875739315,3.15352270431733,83.2886613914564,0.326796571759305,0,0,100,11,550,0.111111111111111,1
Regular,15,20280939,11,GRA,1,2.55285278699245e-07,80.7511789532247,3.15352236765857,83.2882529274852,0.326794480825171,0,0,100,11,550,0.111111111111111,1
Regular,15,20280939,11,RRA,1,NaN,73.9189078361188,2.88670620387004,89.6260780362328,0.349249248218363,0,0,100,11,550,0.111111111111111,1
Regular,15,20280939,12,GURA,1,8.67047720021219e-06,80.8833475243863,3.15868385942702,83.2699275975383,0.326755954093483,0,0,100,12,600,0.121212121212121,1
Regular,15,20280939,12,GRA,1,3.27314609304377e-08,80.8833473459298,3.15868385245788,83.2700146061275,0.326756294446658,0,0,100,12,600,0.121212121212121,1
Regular,15,20280939,12,RRA,1,NaN,74.0385688651175,2.89137924686924,89.5509058854998,0.348861998128383,0,0,100,12,600,0.121212121212121,1
Regular,15,20280939,13,GURA,1,8.17057977897662e-06,80.9866733429231,3.16271897425923,83.1662599818044,0.326317961434818,0,0,100,13,650,0.131313131313131,1
Regular,15,20280939,13,GRA,1,7.02237757596381e-07,80.9866673447394,3.16271874001613,83.1671213641341,0.326321736422583,0,0,100,13,650,0.131313131313131,1
Regular,15,20280939,13,RRA,1,NaN,74.0577872823313,2.89212977100201,89.4251942447171,0.348395858791616,0,0,100,13,650,0.131313131313131,1
Regular,16,20280940,4,GURA,1,9.78486742297946e-06,79.3521084875238,3.04827814351487,87.1569069068913,0.339283148707585,0,0,100,4,200,0.0404040404040404,1
Regular,16,20280940,4,GRA,1,7.81502903465987e-07,79.3520468800837,3.04827577689077,87.1561353819338,0.339279589515891,0,0,100,4,200,0.0404040404040404,1
Regular,16,20280940,4,RRA,1,NaN,74.927714872342,2.87831690855177,91.3227290841015,0.353180571897327,0,0,100,4,200,0.0404040404040404,1
Regular,16,20280940,5,GURA,1,9.77291037784767e-06,79.4171933780925,3.05077835243402,87.2186517325699,0.339605375438389,0,0,100,5,250,0.0505050505050505,1
Regular,16,20280940,5,GRA,1,1.95405650753745e-07,79.4171837791989,3.05077798369653,87.2196027808718,0.339609769473077,0,0,100,5,250,0.0505050505050505,1
Regular,16,20280940,5,RRA,1,NaN,74.897169721506,2.87714352932521,91.4273438967948,0.353511569000997,0,0,100,5,250,0.0505050505050505,1
Regular,16,20280940,6,GURA,1,9.24871065066668e-06,79.4468804686739,3.05191876963388,87.1922212558759,0.339501853056561,0,0,100,6,300,0.0606060606060606,1
Regular,16,20280940,6,GRA,1,5.65495768004102e-09,79.4468803018108,3.0519187632239,87.19250034112,0.339503117389012,0,0,100,6,300,0.0606060606060606,1
Regular,16,20280940,6,RRA,1,NaN,74.4721253392443,2.86081562670021,92.002959498503,0.355682854295505,0,0,100,6,300,0.0606060606060606,1
Regular,16,20280940,7,GURA,1,9.84336426412824e-06,79.7541148040108,3.06372104845413,86.8086854959548,0.338000338786297,0,0,100,7,350,0.0707070707070707,1
Regular,16,20280940,7,GRA,1,9.16100583016826e-10,79.7541147728211,3.06372104725599,86.808711427125,0.338000472987344,0,0,100,7,350,0.0707070707070707,1
Regular,16,20280940,7,RRA,1,NaN,74.8415727079646,2.87500779324392,91.2624249060387,0.352946281841222,0,0,100,7,350,0.0707070707070707,1
Regular,16,20280940,8,GURA,1,8.54854161502772e-06,81.3586491932773,3.12535856763975,84.7431578029484,0.329775939167947,0,0,100,8,400,0.0808080808080808,1
Regular,16,20280940,8,GRA,1,9.37623876568426e-07,81.3585941559073,3.12535645340214,84.7419831160085,0.329772279343152,0,0,100,8,400,0.0808080808080808,1
Regular,16,20280940,8,RRA,1,NaN,75.0206359121803,2.88188643153246,90.8109922424859,0.351173756073843,0,0,100,8,400,0.0808080808080808,1
Regular,16,20280940,9,GURA,1,9.99590648476101e-06,81.7378060700169,3.13992372088341,84.3776046490324,0.328429181128977,0,0,100,9,450,0.0909090909090909,1
Regular,16,20280940,9,GRA,1,3.55657190702797e-07,81.7377899865379,3.13992310304328,84.37701737835,0.32842590764434,0,0,100,9,450,0.0909090909090909,1
Regular,16,20280940,9,RRA,1,NaN,75.2707399052111,2.8914940720866,90.3394223306772,0.349421737434461,0,0,100,9,450,0.0909090909090909,1
Regular,16,20280940,10,GURA,1,7.12365911326174e-06,81.905634260023,3.1463707707881,84.2139515567322,0.327806992283427,0,0,100,10,500,0.101010101010101,1
Regular,16,20280940,10,GRA,1,5.24345659133597e-07,81.905614260634,3.14637000251992,84.2139374023837,0.32780686265774,0,0,100,10,500,0.101010101010101,1
Regular,16,20280940,10,RRA,1,NaN,75.4835258450903,2.89966815519723,89.8972750462532,0.347691459824115,0,0,100,10,500,0.101010101010101,1
Regular,16,20280940,11,GURA,1,9.16770211389917e-06,81.916782640878,3.14679903118777,84.2473419831966,0.327958532104934,0,0,100,11,550,0.111111111111111,1
Regular,16,20280940,11,GRA,1,3.06534792956928e-07,81.9167809465319,3.14679896610018,84.2473367685986,0.327958558207358,0,0,100,11,550,0.111111111111111,1
Regular,16,20280940,11,RRA,1,NaN,75.5045475008155,2.90047569333213,89.8588313283429,0.347583913092251,0,0,100,11,550,0.111111111111111,1
Regular,16,20280940,12,GURA,1,8.09897188958075e-06,81.9815591656989,3.14928739436536,84.1586958135149,0.327632007889879,0,0,100,12,600,0.121212121212121,1
Regular,16,20280940,12,GRA,1,2.45966631650383e-07,81.9815570212041,3.14928731198549,84.1586291654784,0.327631977216803,0,0,100,12,600,0.121212121212121,1
Regular,16,20280940,12,RRA,1,NaN,75.5180037012315,2.90099260765746,89.8806227507631,0.347682342317158,0,0,100,12,600,0.121212121212121,1
Regular,16,20280940,13,GURA,1,9.33991869089823e-06,82.05107621347,3.15195786275444,84.1383791699373,0.327565689454044,0,0,100,13,650,0.131313131313131,1
Regular,16,20280940,13,GRA,1,3.19445604590642e-08,82.0510757021528,3.1519578431124,84.138477607119,0.327566210450331,0,0,100,13,650,0.131313131313131,1
Regular,16,20280940,13,RRA,1,NaN,75.5357988564443,2.90167620112119,89.7625556523729,0.347172362965922,0,0,100,13,650,0.131313131313131,1
Regular,17,20280941,4,GURA,1,9.23293126575686e-06,82.3288834883047,3.07738203473945,89.3073171058671,0.338651721787008,0,0,100,4,200,0.0404040404040404,1
Regular,17,20280941,4,GRA,1,9.96596717728522e-07,82.3287121501493,3.07737563026827,89.3074379195378,0.338652325078718,0,0,100,4,200,0.0404040404040404,1
Regular,17,20280941,4,RRA,1,NaN,76.883332910145,2.87383209201644,94.0968446921809,0.353748331917593,0,0,100,4,200,0.0404040404040404,1
Regular,17,20280941,5,GURA,1,9.93627833523192e-06,82.4007229905716,3.0800673328304,89.4366950129365,0.339279349942844,0,0,100,5,250,0.0505050505050505,1
Regular,17,20280941,5,GRA,1,2.47055156031099e-07,82.4007212147587,3.08006726645206,89.4366381275093,0.339279218802869,0,0,100,5,250,0.0505050505050505,1
Regular,17,20280941,5,RRA,1,NaN,76.9706744774361,2.87709684381046,94.0666554584174,0.353697013581783,0,0,100,5,250,0.0505050505050505,1
Regular,17,20280941,6,GURA,1,8.96012816653524e-06,82.4264282294569,3.08102817229515,89.3993865867696,0.339139080266035,0,0,100,6,300,0.0606060606060606,1
Regular,17,20280941,6,GRA,1,4.87187357469705e-07,82.4264263033335,3.08102810029833,89.3997317245078,0.339140450819887,0,0,100,6,300,0.0606060606060606,1
Regular,17,20280941,6,RRA,1,NaN,76.5822073654422,2.86257628114903,94.6195909813859,0.355759575505579,0,0,100,6,300,0.0606060606060606,1
Regular,17,20280941,7,GURA,1,9.43370547545896e-06,82.8212207890809,3.09578517468555,88.9346725373452,0.337309308578449,0,0,100,7,350,0.0707070707070707,1
Regular,17,20280941,7,GRA,1,5.82078014096704e-09,82.8212207409454,3.09578517288628,88.934622573734,0.337309112295851,0,0,100,7,350,0.0707070707070707,1
Regular,17,20280941,7,RRA,1,NaN,76.8561419085749,2.87281571603522,94.2679593231156,0.354341558705486,0,0,100,7,350,0.0707070707070707,1
Regular,17,20280941,8,GURA,1,9.30379273000881e-06,84.1143047865289,3.14411952946543,87.0844549628916,0.330085161601354,0,0,100,8,400,0.0808080808080808,1
Regular,17,20280941,8,GRA,1,1.57421255774332e-07,84.1142959657305,3.14411919975166,87.085025575585,0.330087299213131,0,0,100,8,400,0.0808080808080808,1
Regular,17,20280941,8,RRA,1,NaN,76.7696408920842,2.86958238329881,94.2109100568287,0.354026558177378,0,0,100,8,400,0.0808080808080808,1
Regular,17,20280941,9,GURA,1,6.61715903760296e-06,84.3941604079975,3.15458028910819,86.7828431571725,0.328974590535638,0,0,100,9,450,0.0909090909090909,1
Regular,17,20280941,9,GRA,1,7.09433195262412e-08,84.3941602354381,3.15458028265807,86.7826560638921,0.328973861559482,0,0,100,9,450,0.0909090909090909,1
Regular,17,20280941,9,RRA,1,NaN,77.1117098126571,2.88236862193355,93.2693577554168,0.350497614506603,0,0,100,9,450,0.0909090909090909,1
Regular,17,20280941,10,GURA,1,9.43575812684116e-06,84.7487074636817,3.16783294957683,86.4156900234407,0.327600396334215,0,0,100,10,500,0.101010101010101,1
Regular,17,20280941,10,GRA,1,2.50031188589071e-07,84.748704997646,3.16783285739856,86.41549248308,0.327599845401187,0,0,100,10,500,0.101010101010101,1
Regular,17,20280941,10,RRA,1,NaN,77.3381474166955,2.890832662561,92.7062978616073,0.348523479222205,0,0,100,10,500,0.101010101010101,1
Regular,17,20280941,11,GURA,1,9.77975584248725e-06,84.8265675764601,3.17074329285048,86.4769200775137,0.32789790578529,0,0,100,11,550,0.111111111111111,1
Regular,17,20280941,11,GRA,1,6.2754779595188e-09,84.8265673397393,3.17074328400206,86.4766534639931,0.327896744569459,0,0,100,11,550,0.111111111111111,1
Regular,17,20280941,11,RRA,1,NaN,77.3409586892044,2.89093774548144,92.8325149740099,0.349077664659794,0,0,100,11,550,0.111111111111111,1
Regular,17,20280941,12,GURA,1,8.33054223292606e-06,84.9007137674565,3.1735148129592,86.4128825983575,0.327670193682844,0,0,100,12,600,0.121212121212121,1
Regular,17,20280941,12,GRA,1,8.80402564540979e-08,84.9007111448997,3.17351471493031,86.4121289478137,0.327666892162005,0,0,100,12,600,0.121212121212121,1
Regular,17,20280941,12,RRA,1,NaN,77.3268325122354,2.89040972127679,92.8217284481921,0.348985395643773,0,0,100,12,600,0.121212121212121,1
Regular,17,20280941,13,GURA,1,9.92710429414956e-06,85.0123374190811,3.17768720793903,86.2822606955589,0.327167997952752,0,0,100,13,650,0.131313131313131,1
Regular,17,20280941,13,GRA,1,8.69051724436062e-07,85.0123134916639,3.17768631355299,86.2791412499083,0.327154368015367,0,0,100,13,650,0.131313131313131,1
Regular,17,20280941,13,RRA,1,NaN,77.417244413017,2.89378923946534,92.5889313705855,0.348133491549124,0,0,100,13,650,0.131313131313131,1
Regular,18,20280942,4,GURA,1,9.99884308328092e-06,78.4501433675341,3.058894310055,86.2959690005588,0.338402735757207,0,0,100,4,200,0.0404040404040404,1
Regular,18,20280942,4,GRA,1,6.51458884551835e-07,78.4501413408024,3.05889423102955,86.2964021100749,0.338404642746692,0,0,100,4,200,0.0404040404040404,1
Regular,18,20280942,4,RRA,1,NaN,73.811064896957,2.87800935397448,90.532719134127,0.35296099821682,0,0,100,4,200,0.0404040404040404,1
Regular,18,20280942,5,GURA,1,8.67105237034593e-06,78.499249295856,3.06080902733003,86.3976477351708,0.338877045475899,0,0,100,5,250,0.0505050505050505,1
Regular,18,20280942,5,GRA,1,4.93255310207339e-07,78.4992394162646,3.06080864210924,86.3968579426612,0.338873981518261,0,0,100,5,250,0.0505050505050505,1
Regular,18,20280942,5,RRA,1,NaN,73.9010449192193,2.88151781637241,90.2522972208446,0.351884402281035,0,0,100,5,250,0.0505050505050505,1
Regular,18,20280942,6,GURA,1,8.8201545196398e-06,78.5346978467535,3.06219122200789,86.344304218798,0.338673826058934,0,0,100,6,300,0.0606060606060606,1
Regular,18,20280942,6,GRA,1,2.55499748548997e-07,78.5346954021299,3.06219112668818,86.3449522413072,0.338676615178498,0,0,100,6,300,0.0606060606060606,1
Regular,18,20280942,6,RRA,1,NaN,73.5636434211705,2.86836200201334,90.9317093890031,0.354482328315758,0,0,100,6,300,0.0606060606060606,1
Regular,18,20280942,7,GURA,1,9.36518432226308e-06,78.8632222575235,3.07500090479088,85.9549530494553,0.337120253563465,0,0,100,7,350,0.0707070707070707,1
Regular,18,20280942,7,GRA,1,9.52229241857458e-07,78.8631960920357,3.07499988455742,85.9604157398391,0.337143809601865,0,0,100,7,350,0.0707070707070707,1
Regular,18,20280942,7,RRA,1,NaN,73.8717040896656,2.88037377134302,90.3678528118294,0.352290124597361,0,0,100,7,350,0.0707070707070707,1
Regular,18,20280942,8,GURA,1,7.8231010505192e-06,80.3866141866955,3.13440034887216,83.7912940618286,0.328476524597512,0,0,100,8,400,0.0808080808080808,1
Regular,18,20280942,8,GRA,1,1.10246837273146e-07,80.386611165551,3.13440023107299,83.7915326464821,0.328477746522193,0,0,100,8,400,0.0808080808080808,1
Regular,18,20280942,8,RRA,1,NaN,74.0050543608073,2.88557330786559,90.2017587072663,0.351709382256645,0,0,100,8,400,0.0808080808080808,1
Regular,18,20280942,9,GURA,1,9.48068862172136e-06,80.5748738547187,3.14174088902428,83.5922433816897,0.327665759404571,0,0,100,9,450,0.0909090909090909,1
Regular,18,20280942,9,GRA,1,1.78815522011152e-07,80.5748683207585,3.14174067324648,83.5929094988575,0.327668520081532,0,0,100,9,450,0.0909090909090909,1
Regular,18,20280942,9,RRA,1,NaN,74.29519475602,2.89688633759295,89.584061614367,0.349126898523383,0,0,100,9,450,0.0909090909090909,1
Regular,18,20280942,10,GURA,1,9.37264129063919e-06,80.892139340529,3.15411156863892,83.2695496084401,0.326468628091526,0,0,100,10,500,0.101010101010101,1
Regular,18,20280942,10,GRA,1,2.62198063688746e-07,80.892133036315,3.15411132282771,83.269400369123,0.326467640782779,0,0,100,10,500,0.101010101010101,1
Regular,18,20280942,10,RRA,1,NaN,74.4422312353299,2.90261952086866,89.2845659262657,0.34794421256507,0,0,100,10,500,0.101010101010101,1
Regular,18,20280942,11,GURA,1,9.95605131492994e-06,80.9299883805572,3.15558736215839,83.2968507349291,0.326588802963362,0,0,100,11,550,0.111111111111111,1
Regular,18,20280942,11,GRA,1,3.38316998184927e-07,80.9299814294912,3.1555870911254,83.2967655115479,0.326588146062096,0,0,100,11,550,0.111111111111111,1
Regular,18,20280942,11,RRA,1,NaN,74.4822141768108,2.90417851855745,89.3107204440581,0.348093124045075,0,0,100,11,550,0.111111111111111,1
Regular,18,20280942,12,GURA,1,8.09599815099205e-06,80.9395841340038,3.15596151565714,83.3082605190075,0.326632232085377,0,0,100,12,600,0.121212121212121,1
Regular,18,20280942,12,GRA,1,2.61416290477936e-08,80.9395839780573,3.15596150957654,83.30816333438,0.326631873035037,0,0,100,12,600,0.121212121212121,1
Regular,18,20280942,12,RRA,1,NaN,74.5443904452949,2.90660286892473,89.1665371055479,0.347561194687192,0,0,100,12,600,0.121212121212121,1
Regular,18,20280942,13,GURA,1,7.07846452030481e-06,80.9553531127334,3.15657637290584,83.2942864078967,0.32659187892205,0,0,100,13,650,0.131313131313131,1
Regular,18,20280942,13,GRA,1,1.50180384454159e-09,80.9553530903118,3.15657637203159,83.2942181827914,0.326591569323859,0,0,100,13,650,0.131313131313131,1
Regular,18,20280942,13,RRA,1,NaN,74.5524163918377,2.90691581318664,89.1230155007647,0.347398032874418,0,0,100,13,650,0.131313131313131,1
Regular,19,20280943,4,GURA,1,9.90072129525288e-06,81.7583950799697,3.072704241864,87.8563242276746,0.340891895678259,0,0,100,4,200,0.0404040404040404,1
Regular,19,20280943,4,GRA,1,8.148859980627e-07,81.7582191508206,3.0726976299651,87.8551231836262,0.340887432429572,0,0,100,4,200,0.0404040404040404,1
Regular,19,20280943,4,RRA,1,NaN,76.5880070776507,2.87838691052122,91.6241448783021,0.352488017564775,0,0,100,4,200,0.0404040404040404,1
Regular,19,20280943,5,GURA,1,9.25726712708297e-06,81.8336224295629,3.07553149154244,88.0156117853507,0.341611896687798,0,0,100,5,250,0.0505050505050505,1
Regular,19,20280943,5,GRA,1,9.85982782094114e-07,81.8333815682663,3.07552243931573,88.0226486225946,0.341642603177604,0,0,100,5,250,0.0505050505050505,1
Regular,19,20280943,5,RRA,1,NaN,76.6059165589575,2.87905999784305,91.4243086963579,0.351717010122528,0,0,100,5,250,0.0505050505050505,1
Regular,19,20280943,6,GURA,1,9.99662013967395e-06,81.863441741734,3.07665218290273,88.0182495951801,0.341638286323044,0,0,100,6,300,0.0606060606060606,1
Regular,19,20280943,6,GRA,1,1.71901137887179e-07,81.8634409805961,3.07665215429709,88.0174393129272,0.341634645726401,0,0,100,6,300,0.0606060606060606,1
Regular,19,20280943,6,RRA,1,NaN,76.3035986374186,2.86769806297391,91.8966812352941,0.353394242383346,0,0,100,6,300,0.0606060606060606,1
Regular,19,20280943,7,GURA,1,9.9268419049281e-06,82.2879365838735,3.09260586081942,87.4417509371385,0.339332542880052,0,0,100,7,350,0.0707070707070707,1
Regular,19,20280943,7,GRA,1,9.38718293082332e-07,82.2877852423128,3.09260017298938,87.4412669788867,0.339329873423965,0,0,100,7,350,0.0707070707070707,1
Regular,19,20280943,7,RRA,1,NaN,76.8348360586373,2.88766341914337,91.2796865699664,0.351219373883618,0,0,100,7,350,0.0707070707070707,1
Regular,19,20280943,8,GURA,1,8.7439475038309e-06,83.8698099765507,3.15205699215605,85.3197313249769,0.330926319431045,0,0,100,8,400,0.0808080808080808,1
Regular,19,20280943,8,GRA,1,4.11088582705373e-08,83.8698094421539,3.15205697207195,85.3196708020799,0.330926124157046,0,0,100,8,400,0.0808080808080808,1
Regular,19,20280943,8,RRA,1,NaN,76.8915564445453,2.88979512647703,91.1492775022659,0.350577526747303,0,0,100,8,400,0.0808080808080808,1
Regular,19,20280943,9,GURA,1,8.26154998279094e-06,84.3460329984885,3.16995475663822,84.9611797501323,0.329611665590636,0,0,100,9,450,0.0909090909090909,1
Regular,19,20280943,9,GRA,1,5.06664275858791e-07,84.346018661838,3.16995421782766,84.9594204800742,0.329603379216423,0,0,100,9,450,0.0909090909090909,1
Regular,19,20280943,9,RRA,1,NaN,77.0679261963504,2.89642358443511,90.7124055388369,0.348720029032906,0,0,100,9,450,0.0909090909090909,1
Regular,19,20280943,10,GURA,1,9.79063878503439e-06,84.5827689630831,3.17885194208199,84.8150596708044,0.329083687150695,0,0,100,10,500,0.101010101010101,1
Regular,19,20280943,10,GRA,1,7.90640429018105e-08,84.5827676527045,3.17885189283438,84.8147401384614,0.329082509691149,0,0,100,10,500,0.101010101010101,1
Regular,19,20280943,10,RRA,1,NaN,77.2082276991691,2.90169649888542,90.3857646068412,0.347483194988732,0,0,100,10,500,0.101010101010101,1
Regular,19,20280943,11,GURA,1,9.61821656275674e-06,84.6515887453684,3.18143837784489,84.7588472371788,0.328906867205775,0,0,100,11,550,0.111111111111111,1
Regular,19,20280943,11,GRA,1,3.31645085976722e-07,84.6515816142022,3.18143810983615,84.7590314304547,0.328908164644115,0,0,100,11,550,0.111111111111111,1
Regular,19,20280943,11,RRA,1,NaN,77.3205483358136,2.90591781580741,90.2969634501558,0.347353427466922,0,0,100,11,550,0.111111111111111,1
Regular,19,20280943,12,GURA,1,4.42342952666763e-06,84.6907910705819,3.18291170851456,84.7296275126062,0.328796273947688,0,0,100,12,600,0.121212121212121,1
Regular,19,20280943,12,GRA,1,2.02728122876292e-07,84.6907885347847,3.18291161321236,84.7296628789875,0.328795923309846,0,0,100,12,600,0.121212121212121,1
Regular,19,20280943,12,RRA,1,NaN,77.3566853989597,2.90727594553964,90.1673401897766,0.346832838758135,0,0,100,12,600,0.121212121212121,1
Regular,19,20280943,13,GURA,1,7.66276261998655e-06,84.6917452198443,3.18294756805514,84.727037505445,0.328792908847192,0,0,100,13,650,0.131313131313131,1
Regular,19,20280943,13,GRA,1,3.59881829125008e-08,84.69174446944,3.18294753985289,84.7272452530424,0.328793604636569,0,0,100,13,650,0.131313131313131,1
Regular,19,20280943,13,RRA,1,NaN,77.34803003043,2.90695065310246,90.2247624513863,0.347009351144862,0,0,100,13,650,0.131313131313131,1
Regular,20,20280944,4,GURA,1,9.89713425525451e-06,82.0863392276841,3.04794949666495,90.7685873046265,0.338617730189238,0,0,100,4,200,0.0404040404040404,1
Regular,20,20280944,4,GRA,1,1.85024184013352e-08,82.0863389369966,3.04794948587143,90.7685897594211,0.33861778107505,0,0,100,4,200,0.0404040404040404,1
Regular,20,20280944,4,RRA,1,NaN,77.6016447416276,2.88142821638763,95.3300599632235,0.352663842151124,0,0,100,4,200,0.0404040404040404,1
Regular,20,20280944,5,GURA,1,9.02746173636615e-06,82.1408785899043,3.04997459880973,90.8835476399098,0.339184608152015,0,0,100,5,250,0.0505050505050505,1
Regular,20,20280944,5,GRA,1,9.25268503128079e-07,82.140833652235,3.04997293022824,90.8871932744265,0.339200072213429,0,0,100,5,250,0.0505050505050505,1
Regular,20,20280944,5,RRA,1,NaN,77.7235276401308,2.88595385271933,95.1981790377486,0.352328556492902,0,0,100,5,250,0.0505050505050505,1
Regular,20,20280944,6,GURA,1,9.65915186412758e-06,82.1698646016304,3.05105087898841,90.8848091120068,0.339199218755908,0,0,100,6,300,0.0606060606060606,1
Regular,20,20280944,6,GRA,1,1.21481008007873e-09,82.1698643728746,3.05105087049448,90.8847915415386,0.339199172257872,0,0,100,6,300,0.0606060606060606,1
Regular,20,20280944,6,RRA,1,NaN,77.2673039559062,2.86901380201441,95.7660187898593,0.354206343540237,0,0,100,6,300,0.0606060606060606,1
Regular,20,20280944,7,GURA,1,8.6278863520306e-06,82.4201469987645,3.06034411966093,90.6105096351243,0.338183262904107,0,0,100,7,350,0.0707070707070707,1
Regular,20,20280944,7,GRA,1,3.52702679237184e-09,82.4201468033114,3.06034411240356,90.6104480956638,0.338183011683219,0,0,100,7,350,0.0707070707070707,1
Regular,20,20280944,7,RRA,1,NaN,77.3763677353976,2.87306345138277,95.5892625987379,0.353696455484154,0,0,100,7,350,0.0707070707070707,1
Regular,20,20280944,8,GURA,1,9.75869092201265e-06,84.0869588746016,3.12223454461826,88.4050554790809,0.32962446463432,0,0,100,8,400,0.0808080808080808,1
Regular,20,20280944,8,GRA,1,6.97648308785148e-07,84.0869370825329,3.12223373545652,88.4069922292405,0.329633124840172,0,0,100,8,400,0.0808080808080808,1
Regular,20,20280944,8,RRA,1,NaN,77.4034521279417,2.87406912250173,95.5291567830076,0.353391699540877,0,0,100,8,400,0.0808080808080808,1
Regular,20,20280944,9,GURA,1,9.88897882336914e-06,84.5180333159511,3.13824077828513,88.0188221609648,0.328268650950176,0,0,100,9,450,0.0909090909090909,1
Regular,20,20280944,9,GRA,1,1.04125824124548e-07,84.5180320592373,3.13824073162207,88.0189055087351,0.328269255366101,0,0,100,9,450,0.0909090909090909,1
Regular,20,20280944,9,RRA,1,NaN,77.6915372735158,2.88476601777944,94.7120107469804,0.350335835805438,0,0,100,9,450,0.0909090909090909,1
Regular,20,20280944,10,GURA,1,9.49898492308421e-06,84.7558627792044,3.14707162882171,87.7159889277475,0.327140323262168,0,0,100,10,500,0.101010101010101,1
Regular,20,20280944,10,GRA,1,8.2968025818467e-07,84.7558522909588,3.14707123938246,87.7158331618753,0.327139250814078,0,0,100,10,500,0.101010101010101,1
Regular,20,20280944,10,RRA,1,NaN,77.8272804119404,2.8898062989557,94.4622197403555,0.349388573313154,0,0,100,10,500,0.101010101010101,1
Regular,20,20280944,11,GURA,1,9.1142356630769e-06,84.9199288616823,3.15316356979768,87.6354296943496,0.326926357947173,0,0,100,11,550,0.111111111111111,1
Regular,20,20280944,11,GRA,1,5.54424505720149e-08,84.9199278396115,3.15316353184715,87.6354281688653,0.326926361403224,0,0,100,11,550,0.111111111111111,1
Regular,20,20280944,11,RRA,1,NaN,77.7793223888163,2.88802556864396,94.3981279394396,0.349241265100553,0,0,100,11,550,0.111111111111111,1
Regular,20,20280944,12,GURA,1,9.91186728782623e-06,85.0019670810895,3.15620973255634,87.568136674172,0.326702979121667,0,0,100,12,600,0.121212121212121,1
Regular,20,20280944,12,GRA,1,5.67915357485539e-08,85.0019657634266,3.15620968363017,87.5679295723336,0.326701957397699,0,0,100,12,600,0.121212121212121,1
Regular,20,20280944,12,RRA,1,NaN,77.7539406371365,2.88708311831684,94.5515152936511,0.349749171100903,0,0,100,12,600,0.121212121212121,1
Regular,20,20280944,13,GURA,1,8.5338581889971e-06,85.0219786899138,3.15695278400213,87.583203059198,0.326761405839883,0,0,100,13,650,0.131313131313131,1
Regular,20,20280944,13,GRA,1,3.79230557204018e-08,85.0219781481228,3.15695276388488,87.5832779832012,0.326761722280757,0,0,100,13,650,0.131313131313131,1
Regular,20,20280944,13,RRA,1,NaN,77.8080849176977,2.88909355067668,94.3429811103607,0.348988134744998,0,0,100,13,650,0.131313131313131,1
Clustered,1,20290925,4,GURA,1,9.88569859217137e-06,82.2819850906895,2.98903253107633,94.2228820558834,0.347814350772027,0,0,100,4,200,0.0404040404040404,1
Clustered,1,20290925,4,GRA,1,1.92132265582073e-07,82.2817751061356,2.9890249030316,94.2235946014343,0.347817066166708,0,0,100,4,200,0.0404040404040404,1
Clustered,1,20290925,4,RRA,1,NaN,75.7690877382915,2.75244049897571,120.280978360872,0.438826418314797,0,0,100,4,200,0.0404040404040404,1
Clustered,1,20290925,5,GURA,1,9.98175557143099e-06,82.5485103948804,2.99871451436469,94.0746432794592,0.347387248591761,0,0,100,5,250,0.0505050505050505,1
Clustered,1,20290925,5,GRA,1,4.11625798331438e-07,82.5478734120355,2.99869137488351,94.0748648361035,0.347387821938559,0,0,100,5,250,0.0505050505050505,1
Clustered,1,20290925,5,RRA,1,NaN,76.3689059541834,2.77422991202958,126.499243342417,0.460226910208204,0,0,100,5,250,0.0505050505050505,1
Clustered,1,20290925,6,GURA,1,9.99783501498541e-06,82.7020591952812,3.00429243471992,93.9760876296739,0.347056122624289,0,0,100,6,300,0.0606060606060606,1
Clustered,1,20290925,6,GRA,1,6.91162049344521e-07,82.7011942805695,3.00426101522746,93.9784923004169,0.347065536691102,0,0,100,6,300,0.0606060606060606,1
Clustered,1,20290925,6,RRA,1,NaN,76.8220545304655,2.79069130190034,103.63290803001,0.379495972378596,0,0,100,6,300,0.0606060606060606,1
Clustered,1,20290925,7,GURA,1,9.94987767555244e-06,82.7391293092173,3.00563906942208,93.9580295091925,0.346974001117749,0,0,100,7,350,0.0707070707070707,1
Clustered,1,20290925,7,GRA,1,5.7203557523963e-07,82.7382721699891,3.00560793238723,93.9590677702687,0.34697783998581,0,0,100,7,350,0.0707070707070707,1
Clustered,1,20290925,7,RRA,1,NaN,76.6196627324039,2.7833390768931,103.457628537548,0.378585869766676,0,0,100,7,350,0.0707070707070707,1
Clustered,1,20290925,8,GURA,1,9.49429238872312e-06,82.8538330600378,3.00980587753033,93.9373225231417,0.346963547377049,0,0,100,8,400,0.0808080808080808,1
Clustered,1,20290925,8,GRA,1,7.01133383353817e-07,82.8530875635297,3.00977879610647,93.938831368127,0.346969175251829,0,0,100,8,400,0.0808080808080808,1
Clustered,1,20290925,8,RRA,1,NaN,77.1165060092052,2.80138775079868,99.8938214086953,0.365511554171728,0,0,100,8,400,0.0808080808080808,1
Clustered,1,20290925,9,GURA,1,9.43725041935295e-06,83.9753844605372,3.05054813256552,92.3325033423918,0.34084817604308,0,0,100,9,450,0.0909090909090909,1
Clustered,1,20290925,9,GRA,1,2.31179738417921e-07,83.9751822823612,3.0505407881007,92.3327964795271,0.340849329086542,0,0,100,9,450,0.0909090909090909,1
Clustered,1,20290925,9,RRA,1,NaN,77.0812899238722,2.80010846682709,99.9339140888408,0.365785908311586,0,0,100,9,450,0.0909090909090909,1
Clustered,1,20290925,10,GURA,1,9.32916272233797e-06,84.6562235383873,3.07528076571577,91.4085607214842,0.337336680945715,0,0,100,10,500,0.101010101010101,1
Clustered,1,20290925,10,GRA,1,4.92488737550699e-07,84.6554540904372,3.07525281421519,91.4093620372029,0.337339563034658,0,0,100,10,500,0.101010101010101,1
Clustered,1,20290925,10,RRA,1,NaN,76.8158037030626,2.79046423000322,100.488030109116,0.367738520985387,0,0,100,10,500,0.101010101010101,1
Clustered,1,20290925,11,GURA,1,9.04033015913797e-06,85.2974538174237,3.098574542134,90.6609819981171,0.334560372102514,0,0,100,11,550,0.111111111111111,1
Clustered,1,20290925,11,GRA,1,4.92309441992984e-07,85.2970045374803,3.09855822127878,90.6611514137451,0.334560835990734,0,0,100,11,550,0.111111111111111,1
Clustered,1,20290925,11,RRA,1,NaN,76.9849226834678,2.79660776352999,99.9611617455751,0.365881938586917,0,0,100,11,550,0.111111111111111,1
Clustered,1,20290925,12,GURA,1,9.6019330726449e-06,85.7860449528964,3.11632344302299,90.1265635149403,0.332576658668456,0,0,100,12,600,0.121212121212121,1
Clustered,1,20290925,12,GRA,1,6.2964585721856e-07,85.7855650365898,3.11630600924995,90.1284909172516,0.332584265955172,0,0,100,12,600,0.121212121212121,1
Clustered,1,20290925,12,RRA,1,NaN,77.0595713784718,2.79931950386444,99.8476173362406,0.36545783439292,0,0,100,12,600,0.121212121212121,1
Clustered,1,20290925,13,GURA,1,8.46011370825295e-06,86.0750196026083,3.12682093682668,89.8959503649172,0.331824313790141,0,0,100,13,650,0.131313131313131,1
Clustered,1,20290925,13,GRA,1,4.17027377365086e-07,86.0746283979763,3.12680672565555,89.8968064464977,0.331828167418515,0,0,100,13,650,0.131313131313131,1
Clustered,1,20290925,13,RRA,1,NaN,77.2322176809986,2.80559117334415,99.1773563063153,0.36316326371272,0,0,100,13,650,0.131313131313131,1
Clustered,2,20290926,4,GURA,1,9.18953390538491e-06,79.8537623013474,2.98721047702187,91.2224273063005,0.34680039938082,0,0,100,4,200,0.0404040404040404,1
Clustered,2,20290926,4,GRA,1,1.93196867576687e-07,79.8536102546744,2.98720478918198,91.2228146261863,0.346801743875943,0,0,100,4,200,0.0404040404040404,1
Clustered,2,20290926,4,RRA,1,NaN,73.5910697062212,2.75293246186801,102.06019711197,0.386253741587773,0,0,100,4,200,0.0404040404040404,1
Clustered,2,20290926,5,GURA,1,9.61988049752449e-06,80.1193857231148,2.99714705415461,91.116111762027,0.346536173527874,0,0,100,5,250,0.0505050505050505,1
Clustered,2,20290926,5,GRA,1,5.27409858335838e-07,80.1189516822823,2.99713081733263,91.1179769320749,0.346543847584462,0,0,100,5,250,0.0505050505050505,1
Clustered,2,20290926,5,RRA,1,NaN,74.3967372862915,2.78307128772697,101.260078781109,0.384082924499697,0,0,100,5,250,0.0505050505050505,1
Clustered,2,20290926,6,GURA,1,9.99997810424702e-06,80.2195429829285,3.00089378827511,91.0804923128905,0.346440497403821,0,0,100,6,300,0.0606060606060606,1
Clustered,2,20290926,6,GRA,1,9.29072272158138e-07,80.2186701979788,3.00086113868828,91.083334912328,0.346452207931472,0,0,100,6,300,0.0606060606060606,1
Clustered,2,20290926,6,RRA,1,NaN,74.9253756032635,2.80284686089351,99.7075963773832,0.377370458485956,0,0,100,6,300,0.0606060606060606,1
Clustered,2,20290926,7,GURA,1,9.95650218982291e-06,80.2680927409273,3.00270996251125,91.0752095452996,0.346447344760892,0,0,100,7,350,0.0707070707070707,1
Clustered,2,20290926,7,GRA,1,7.62708744713841e-07,80.2666249901061,3.0026550561361,91.0781511927483,0.346458914017038,0,0,100,7,350,0.0707070707070707,1
Clustered,2,20290926,7,RRA,1,NaN,74.6211861983756,2.79146758769344,99.7682549109458,0.377318733794814,0,0,100,7,350,0.0707070707070707,1
Clustered,2,20290926,8,GURA,1,9.91182289666881e-06,80.3652045222991,3.00634276981295,91.126011838606,0.346636471263359,0,0,100,8,400,0.0808080808080808,1
Clustered,2,20290926,8,GRA,1,7.24366337484831e-07,80.3645549962831,3.00631847201076,91.1273512135392,0.346641708539748,0,0,100,8,400,0.0808080808080808,1
Clustered,2,20290926,8,RRA,1,NaN,74.985569724626,2.80509863344382,96.6946205272688,0.364735392795296,0,0,100,8,400,0.0808080808080808,1
Clustered,2,20290926,9,GURA,1,9.02452815410015e-06,81.5682550401032,3.05134710032413,89.4665169372975,0.340249530079686,0,0,100,9,450,0.0909090909090909,1
Clustered,2,20290926,9,GRA,1,3.30986405039699e-07,81.5679491309536,3.05133565671784,89.4672795523098,0.340252590786485,0,0,100,9,450,0.0909090909090909,1
Clustered,2,20290926,9,RRA,1,NaN,75.0082222106754,2.8059460292547,96.570992359583,0.364195519549852,0,0,100,9,450,0.0909090909090909,1
Clustered,2,20290926,10,GURA,1,9.78997229950096e-06,82.0760400643989,3.07034258282784,88.80354203898,0.337713969416915,0,0,100,10,500,0.101010101010101,1
Clustered,2,20290926,10,GRA,1,9.72803081534341e-07,82.0755778144367,3.07032529074429,88.8048320277541,0.33771941255748,0,0,100,10,500,0.101010101010101,1
Clustered,2,20290926,10,RRA,1,NaN,74.8755467782835,2.80098283866402,96.7830758329891,0.364996681823253,0,0,100,10,500,0.101010101010101,1
Clustered,2,20290926,11,GURA,1,9.41187348502126e-06,82.8107644757243,3.09782753026153,88.0048976622079,0.334657426942096,0,0,100,11,550,0.111111111111111,1
Clustered,2,20290926,11,GRA,1,4.25349370308496e-07,82.8101322996086,3.09780388149331,88.0043436294053,0.334654888463711,0,0,100,11,550,0.111111111111111,1
Clustered,2,20290926,11,RRA,1,NaN,74.9237560185456,2.8027862746381,96.494350484489,0.363858464622827,0,0,100,11,550,0.111111111111111,1
Clustered,2,20290926,12,GURA,1,9.93729126719245e-06,83.126395348681,3.10963481176456,87.6476564925414,0.333257062280995,0,0,100,12,600,0.121212121212121,1
Clustered,2,20290926,12,GRA,1,4.13325032473265e-07,83.1257816417622,3.10961185390152,87.6477128770503,0.333257426777207,0,0,100,12,600,0.121212121212121,1
Clustered,2,20290926,12,RRA,1,NaN,74.882192446379,2.80123144322302,96.4566410288925,0.363599987178196,0,0,100,12,600,0.121212121212121,1
Clustered,2,20290926,13,GURA,1,7.97924485596013e-06,83.3795137315882,3.11910359399293,87.3920421412704,0.332286365942798,0,0,100,13,650,0.131313131313131,1
Clustered,2,20290926,13,GRA,1,5.88199883588619e-07,83.3792434364251,3.1190934826529,87.392850385539,0.332289818309784,0,0,100,13,650,0.131313131313131,1
Clustered,2,20290926,13,RRA,1,NaN,74.9578963437448,2.80406341342512,96.2742680940713,0.362879668368554,0,0,100,13,650,0.131313131313131,1
Clustered,3,20290927,4,GURA,1,9.85556902222129e-06,80.3878113656891,2.99617824067338,91.15771300536,0.346798795748838,0,0,100,4,200,0.0404040404040404,1
Clustered,3,20290927,4,GRA,1,3.21185351431894e-07,80.3876921609916,2.99617379772968,91.1578244417666,0.346799354634562,0,0,100,4,200,0.0404040404040404,1
Clustered,3,20290927,4,RRA,1,NaN,73.3708242053364,2.73464426073589,104.68875813572,0.394793228006514,0,0,100,4,200,0.0404040404040404,1
Clustered,3,20290927,5,GURA,1,9.4873889935343e-06,80.6285833320353,3.00515218478599,90.9530174187268,0.346187002308375,0,0,100,5,250,0.0505050505050505,1
Clustered,3,20290927,5,GRA,1,5.53699400740481e-07,80.6280764678606,3.00513329317313,90.9535641918883,0.346189091316975,0,0,100,5,250,0.0505050505050505,1
Clustered,3,20290927,5,RRA,1,NaN,74.4042455917869,2.77316147645463,102.023963309626,0.386008403898483,0,0,100,5,250,0.0505050505050505,1
Clustered,3,20290927,6,GURA,1,9.95429339312182e-06,80.8120194123683,3.01198913162048,90.9939572276538,0.346531334609889,0,0,100,6,300,0.0606060606060606,1
Clustered,3,20290927,6,GRA,1,6.33121543996756e-07,80.8111449291988,3.01195653827829,90.9955000345079,0.346537385472704,0,0,100,6,300,0.0606060606060606,1
Clustered,3,20290927,6,RRA,1,NaN,75.0419085757248,2.79692816352944,99.2574000597433,0.376132235036259,0,0,100,6,300,0.0606060606060606,1
Clustered,3,20290927,7,GURA,1,9.90336965855931e-06,80.887210412977,3.01479161667501,91.0186520717585,0.346684012058883,0,0,100,7,350,0.0707070707070707,1
Clustered,3,20290927,7,GRA,1,6.30828087358178e-07,80.8861929248366,3.01475369331605,91.0208767182607,0.346693061405993,0,0,100,7,350,0.0707070707070707,1
Clustered,3,20290927,7,RRA,1,NaN,75.0396557561928,2.79684419745614,98.4892012538544,0.373135509897533,0,0,100,7,350,0.0707070707070707,1
Clustered,3,20290927,8,GURA,1,9.81444857117708e-06,80.9328793866227,3.01649377005854,90.9971956071163,0.346623185528577,0,0,100,8,400,0.0808080808080808,1
Clustered,3,20290927,8,GRA,1,6.1643318873392e-07,80.9317709966074,3.01645245864591,90.9983138200536,0.34662705953877,0,0,100,8,400,0.0808080808080808,1
Clustered,3,20290927,8,RRA,1,NaN,75.5211437708135,2.81479000152822,96.7514192434881,0.365513453075786,0,0,100,8,400,0.0808080808080808,1
Clustered,3,20290927,9,GURA,1,9.9452330708516e-06,82.1323020296371,3.06119810972545,89.2670192589352,0.339893795064159,0,0,100,9,450,0.0909090909090909,1
Clustered,3,20290927,9,GRA,1,7.15985209372991e-07,82.1317409832508,3.06117719865763,89.2680148198175,0.339897733779643,0,0,100,9,450,0.0909090909090909,1
Clustered,3,20290927,9,RRA,1,NaN,75.3702847201847,2.80916725104871,97.190397790828,0.366999344579478,0,0,100,9,450,0.0909090909090909,1
Clustered,3,20290927,10,GURA,1,9.99828428049909e-06,82.9476130713725,3.0915860150699,88.4340831912809,0.336717782892409,0,0,100,10,500,0.101010101010101,1
Clustered,3,20290927,10,GRA,1,3.18303118410139e-07,82.9471473527151,3.0915686570142,88.4366166071228,0.336728800312595,0,0,100,10,500,0.101010101010101,1
Clustered,3,20290927,10,RRA,1,NaN,75.4589093885513,2.81247042970771,96.6275362171394,0.365073580305828,0,0,100,10,500,0.101010101010101,1
Clustered,3,20290927,11,GURA,1,9.66038665950464e-06,83.5323783726839,3.11338112358106,87.7297097195006,0.333997294516587,0,0,100,11,550,0.111111111111111,1
Clustered,3,20290927,11,GRA,1,9.64072300185627e-07,83.5316567472532,3.11335422748355,87.7296293113934,0.3339972452011,0,0,100,11,550,0.111111111111111,1
Clustered,3,20290927,11,RRA,1,NaN,75.5489867913136,2.81582775402775,96.008487100502,0.36271139163965,0,0,100,11,550,0.111111111111111,1
Clustered,3,20290927,12,GURA,1,9.68708464554879e-06,83.9586246395192,3.12926798215034,87.1912279786375,0.331874470401976,0,0,100,12,600,0.121212121212121,1
Clustered,3,20290927,12,GRA,1,6.54346574742887e-07,83.9580133345885,3.12924519786873,87.1948891034517,0.331889264492901,0,0,100,12,600,0.121212121212121,1
Clustered,3,20290927,12,RRA,1,NaN,75.5893250411778,2.8173312230793,95.6959867804014,0.36149175575035,0,0,100,12,600,0.121212121212121,1
Clustered,3,20290927,13,GURA,1,7.06285048579502e-06,84.1576799070443,3.13668708028372,87.0148809334343,0.331231011611936,0,0,100,13,650,0.131313131313131,1
Clustered,3,20290927,13,GRA,1,7.70416123107957e-07,84.1569571246024,3.13666014106261,87.0194286700928,0.331249779086939,0,0,100,13,650,0.131313131313131,1
Clustered,3,20290927,13,RRA,1,NaN,75.6406954925361,2.81924587936809,95.5180585566849,0.360790232698486,0,0,100,13,650,0.131313131313131,1
Clustered,4,20290928,4,GURA,1,9.27147715401588e-06,78.2052707706684,2.9924552209186,90.2560855759861,0.345455242922157,0,0,100,4,200,0.0404040404040404,1
Clustered,4,20290928,4,GRA,1,2.63146010480967e-07,78.2051972000766,2.99245240580525,90.2561481674267,0.345455450269101,0,0,100,4,200,0.0404040404040404,1
Clustered,4,20290928,4,RRA,1,NaN,71.8991444732071,2.75115689950562,103.933722515388,0.395361427379323,0,0,100,4,200,0.0404040404040404,1
Clustered,4,20290928,5,GURA,1,8.80994760521503e-06,78.3327113052623,2.99733161977694,90.1220868110776,0.345042406990003,0,0,100,5,250,0.0505050505050505,1
Clustered,4,20290928,5,GRA,1,7.01903639627297e-07,78.3322695054981,2.99731471470139,90.1228496563879,0.345045451922046,0,0,100,5,250,0.0505050505050505,1
Clustered,4,20290928,5,RRA,1,NaN,72.526265463383,2.77515312716018,101.879304404595,0.387507505329278,0,0,100,5,250,0.0505050505050505,1
Clustered,4,20290928,6,GURA,1,9.89685532104545e-06,78.4965210278619,3.00359965330971,89.9683375674669,0.344523937351682,0,0,100,6,300,0.0606060606060606,1
Clustered,4,20290928,6,GRA,1,9.8753066945671e-07,78.4958694813075,3.00357472245954,89.9709181514596,0.344534737032034,0,0,100,6,300,0.0606060606060606,1
Clustered,4,20290928,6,RRA,1,NaN,72.8895723653267,2.789054743059,98.4878273055691,0.374494546565219,0,0,100,6,300,0.0606060606060606,1
Clustered,4,20290928,7,GURA,1,9.95545801529829e-06,78.5408788040144,3.0052969642138,89.9452453456777,0.344451205883064,0,0,100,7,350,0.0707070707070707,1
Clustered,4,20290928,7,GRA,1,6.06289355799548e-07,78.5399813601256,3.00526262432054,89.9489306090148,0.344466933477149,0,0,100,7,350,0.0707070707070707,1
Clustered,4,20290928,7,RRA,1,NaN,72.5689139707105,2.77678503441092,98.8475482337204,0.375592766938369,0,0,100,7,350,0.0707070707070707,1
Clustered,4,20290928,8,GURA,1,9.96446912893134e-06,78.6122782381512,3.00802900014115,90.0236321969155,0.34480843827616,0,0,100,8,400,0.0808080808080808,1
Clustered,4,20290928,8,GRA,1,9.79868202266772e-07,78.6112706772163,3.00799044671693,90.0281114950798,0.344826106234338,0,0,100,8,400,0.0808080808080808,1
Clustered,4,20290928,8,RRA,1,NaN,73.1782284116942,2.80009991027714,96.6961254111819,0.367202614251641,0,0,100,8,400,0.0808080808080808,1
Clustered,4,20290928,9,GURA,1,9.61101501673056e-06,79.7269478394947,3.05068084234141,88.424770326228,0.338499518342716,0,0,100,9,450,0.0909090909090909,1
Clustered,4,20290928,9,GRA,1,9.26236879185264e-07,79.7262216794351,3.05065305647173,88.4275278235305,0.338510126245974,0,0,100,9,450,0.0909090909090909,1
Clustered,4,20290928,9,RRA,1,NaN,73.1848771902972,2.80035431988467,96.5420334323753,0.366635903203655,0,0,100,9,450,0.0909090909090909,1
Clustered,4,20290928,10,GURA,1,8.87014417116916e-06,80.4459869519786,3.07819423530065,87.60095531818,0.335236310969745,0,0,100,10,500,0.101010101010101,1
Clustered,4,20290928,10,GRA,1,8.92861556335658e-07,80.4452818575313,3.07816725548792,87.6028709876642,0.335241878816203,0,0,100,10,500,0.101010101010101,1
Clustered,4,20290928,10,RRA,1,NaN,73.2305358445615,2.8021014077342,96.197983305259,0.365418832421729,0,0,100,10,500,0.101010101010101,1
Clustered,4,20290928,11,GURA,1,9.73644514701277e-06,80.9646679092918,3.09804110141859,86.9908610558148,0.332878841254621,0,0,100,11,550,0.111111111111111,1
Clustered,4,20290928,11,GRA,1,8.56458396358557e-07,80.9642406782028,3.09802475380046,86.991210346906,0.332880620621341,0,0,100,11,550,0.111111111111111,1
Clustered,4,20290928,11,RRA,1,NaN,73.247328186833,2.80274395179558,95.7871997692809,0.36378017521881,0,0,100,11,550,0.111111111111111,1
Clustered,4,20290928,12,GURA,1,9.94145451826967e-06,81.4048366153986,3.11488376598192,86.4595361434205,0.330867546561775,0,0,100,12,600,0.121212121212121,1
Clustered,4,20290928,12,GRA,1,3.41992181598005e-07,81.4045191511998,3.11487161849634,86.4618070157873,0.330877117902169,0,0,100,12,600,0.121212121212121,1
Clustered,4,20290928,12,RRA,1,NaN,73.3570730477744,2.80694324141963,95.62746447736,0.363151370539696,0,0,100,12,600,0.121212121212121,1
Clustered,4,20290928,13,GURA,1,8.43922224191829e-06,81.6640673478415,3.1248029996995,86.176052247793,0.329769395201781,0,0,100,13,650,0.131313131313131,1
Clustered,4,20290928,13,GRA,1,8.13026376745955e-07,81.6635884514538,3.1247846751546,86.1767426151648,0.329772122800688,0,0,100,13,650,0.131313131313131,1
Clustered,4,20290928,13,RRA,1,NaN,73.417980186625,2.80927379898753,95.601551395752,0.362983801798712,0,0,100,13,650,0.131313131313131,1
Clustered,5,20290929,4,GURA,1,9.16810855855488e-06,78.3880743749952,2.97928142245644,90.161537100808,0.347738771078926,0,0,100,4,200,0.0404040404040404,1
Clustered,5,20290929,4,GRA,1,2.68965452240365e-07,78.3880044773356,2.97927876586869,90.1617898789316,0.347740197057376,0,0,100,4,200,0.0404040404040404,1
Clustered,5,20290929,4,RRA,1,NaN,72.0187478936657,2.73720357820929,104.178898740905,0.39815518688621,0,0,100,4,200,0.0404040404040404,1
Clustered,5,20290929,5,GURA,1,9.6922623775697e-06,78.6045230391439,2.9875079478451,89.9460186759203,0.346965930159756,0,0,100,5,250,0.0505050505050505,1
Clustered,5,20290929,5,GRA,1,9.93307745731048e-07,78.6038521805996,2.98748245064525,89.946975438994,0.346969816298217,0,0,100,5,250,0.0505050505050505,1
Clustered,5,20290929,5,RRA,1,NaN,72.6558432049222,2.76141754494204,100.932130712968,0.386186521808592,0,0,100,5,250,0.0505050505050505,1
Clustered,5,20290929,6,GURA,1,9.69138668693859e-06,78.755904781269,2.99326148644913,89.8750423997134,0.346865837805768,0,0,100,6,300,0.0606060606060606,1
Clustered,5,20290929,6,GRA,1,9.11381273636854e-07,78.7550084827131,2.99322742099137,89.8781136350513,0.346878795358127,0,0,100,6,300,0.0606060606060606,1
Clustered,5,20290929,6,RRA,1,NaN,73.255487668432,2.78420812405063,99.0827474297061,0.379093278532126,0,0,100,6,300,0.0606060606060606,1
Clustered,5,20290929,7,GURA,1,9.9394998187563e-06,78.8100736771155,2.99532027391594,89.8073016564571,0.346617898748786,0,0,100,7,350,0.0707070707070707,1
Clustered,5,20290929,7,GRA,1,5.52418813119332e-07,78.8093533435122,2.99529289632643,89.8078924786614,0.346619841193767,0,0,100,7,350,0.0707070707070707,1
Clustered,5,20290929,7,RRA,1,NaN,73.027621565477,2.77554765812192,98.6461834341662,0.377127837291009,0,0,100,7,350,0.0707070707070707,1
Clustered,5,20290929,8,GURA,1,9.98957047926297e-06,78.8726249697606,2.99769764962792,89.8217504347657,0.34670118393183,0,0,100,8,400,0.0808080808080808,1
Clustered,5,20290929,8,GRA,1,4.98902835146956e-07,78.8720395914266,2.99767540125903,89.821584857197,0.346699959446233,0,0,100,8,400,0.0808080808080808,1
Clustered,5,20290929,8,RRA,1,NaN,73.6084648022604,2.79762366239306,96.0277197648077,0.367220610698267,0,0,100,8,400,0.0808080808080808,1
Clustered,5,20290929,9,GURA,1,9.69252464244619e-06,79.7961061338883,3.03279623188308,88.6042576771499,0.341892160621638,0,0,100,9,450,0.0909090909090909,1
Clustered,5,20290929,9,GRA,1,9.62799048060135e-07,79.7944097416185,3.03273175740766,88.6047986095055,0.341893728994223,0,0,100,9,450,0.0909090909090909,1
Clustered,5,20290929,9,RRA,1,NaN,73.5973613556713,2.79720165569865,95.9500992268595,0.366980206495069,0,0,100,9,450,0.0909090909090909,1
Clustered,5,20290929,10,GURA,1,9.82820670003548e-06,80.5901839189277,3.0629766032191,87.6095961313957,0.33799290960102,0,0,100,10,500,0.101010101010101,1
Clustered,5,20290929,10,GRA,1,8.38869609945215e-07,80.5896917263421,3.06295789654416,87.6129873533019,0.338007987275656,0,0,100,10,500,0.101010101010101,1
Clustered,5,20290929,10,RRA,1,NaN,73.417204965016,2.7903544842112,96.1534468420146,0.367702595992028,0,0,100,10,500,0.101010101010101,1
Clustered,5,20290929,11,GURA,1,8.52875114176754e-06,81.3268725128404,3.09097579390569,86.703471338211,0.334418705135543,0,0,100,11,550,0.111111111111111,1
Clustered,5,20290929,11,GRA,1,8.66054828720872e-07,81.3264530962002,3.09095985321299,86.7049075874226,0.334424335949898,0,0,100,11,550,0.111111111111111,1
Clustered,5,20290929,11,RRA,1,NaN,73.5456461888232,2.79523612666788,95.4726186461682,0.365091649579759,0,0,100,11,550,0.111111111111111,1
Clustered,5,20290929,12,GURA,1,6.68621137478453e-06,81.7794115216131,3.1081753624947,86.1672883753908,0.332398895762647,0,0,100,12,600,0.121212121212121,1
Clustered,5,20290929,12,GRA,1,9.73754313884499e-07,81.7784423428356,3.10813852709149,86.1681226128947,0.332401872501535,0,0,100,12,600,0.121212121212121,1
Clustered,5,20290929,12,RRA,1,NaN,73.679536907472,2.80032488709337,94.8988749316233,0.363052605067873,0,0,100,12,600,0.121212121212121,1
Clustered,5,20290929,13,GURA,1,9.41457619418884e-06,81.9212691560839,3.11356692005473,86.0237950809403,0.331861690699608,0,0,100,13,650,0.131313131313131,1
Clustered,5,20290929,13,GRA,1,7.70520071282407e-07,81.9203415026623,3.11353166289823,86.023757681312,0.331858904223472,0,0,100,13,650,0.131313131313131,1
Clustered,5,20290929,13,RRA,1,NaN,73.729797633039,2.80223513743636,94.7806945825402,0.362631161354908,0,0,100,13,650,0.131313131313131,1
Clustered,6,20290930,4,GURA,1,9.16947664464374e-06,76.1073088563178,2.98525440233058,88.1722713748529,0.34581110709873,0,0,100,4,200,0.0404040404040404,1
Clustered,6,20290930,4,GRA,1,5.15391030753897e-07,76.1070411433526,2.98524390148224,88.1723545731658,0.345811563172674,0,0,100,4,200,0.0404040404040404,1
Clustered,6,20290930,4,RRA,1,NaN,69.7474887243701,2.73579503591454,105.807028941693,0.418000076777557,0,0,100,4,200,0.0404040404040404,1
Clustered,6,20290930,5,GURA,1,9.72907708174375e-06,76.2270357307286,2.98995060279126,88.014925862248,0.345208369873544,0,0,100,5,250,0.0505050505050505,1
Clustered,6,20290930,5,GRA,1,9.83916747284938e-07,76.2261425051361,2.98991556666041,88.0169021871553,0.345216848572028,0,0,100,5,250,0.0505050505050505,1
Clustered,6,20290930,5,RRA,1,NaN,70.4288457138892,2.76252077333826,105.541538952066,0.417830494820727,0,0,100,5,250,0.0505050505050505,1
Clustered,6,20290930,6,GURA,1,9.65721795864738e-06,76.30289666559,2.992926193351,87.9468679885605,0.34493851225892,0,0,100,6,300,0.0606060606060606,1
Clustered,6,20290930,6,GRA,1,6.93541811069793e-07,76.3022539708836,2.9929009841138,87.9490121580996,0.344947462337735,0,0,100,6,300,0.0606060606060606,1
Clustered,6,20290930,6,RRA,1,NaN,70.9453202587655,2.78277911556522,97.935337967756,0.381261135185667,0,0,100,6,300,0.0606060606060606,1
Clustered,6,20290930,7,GURA,1,9.74816059695627e-06,76.3678955442886,2.99547572757705,87.9553555628547,0.345019433379892,0,0,100,7,350,0.0707070707070707,1
Clustered,6,20290930,7,GRA,1,7.20601623293779e-07,76.3671307178319,2.99544572780986,87.9568825935755,0.345025396876863,0,0,100,7,350,0.0707070707070707,1
Clustered,6,20290930,7,RRA,1,NaN,70.9247314685581,2.78197153509063,98.1751295382547,0.382272832621774,0,0,100,7,350,0.0707070707070707,1
Clustered,6,20290930,8,GURA,1,9.99489890673999e-06,76.4665345178887,2.99934477030903,87.8897271982576,0.344869657663167,0,0,100,8,400,0.0808080808080808,1
Clustered,6,20290930,8,GRA,1,8.22893321205677e-07,76.465668112962,2.99931078619948,87.8883503023364,0.344863390964854,0,0,100,8,400,0.0808080808080808,1
Clustered,6,20290930,8,RRA,1,NaN,71.3406924864928,2.79828730658023,94.7300641077566,0.369212116521835,0,0,100,8,400,0.0808080808080808,1
Clustered,6,20290930,9,GURA,1,9.144573304809e-06,77.2141790619539,3.02867058934124,86.8325245351774,0.340555099986219,0,0,100,9,450,0.0909090909090909,1
Clustered,6,20290930,9,GRA,1,8.03015304849848e-07,77.2137178213193,3.02865249750938,86.8328831164972,0.340556451445218,0,0,100,9,450,0.0909090909090909,1
Clustered,6,20290930,9,RRA,1,NaN,71.3520387750934,2.79873235658271,94.1417245690753,0.367066329249492,0,0,100,9,450,0.0909090909090909,1
Clustered,6,20290930,10,GURA,1,9.48139923195868e-06,78.0141030538329,3.06004703207941,85.7839650203782,0.336363574947664,0,0,100,10,500,0.101010101010101,1
Clustered,6,20290930,10,GRA,1,6.15853206028191e-07,78.0135929938675,3.06002702534445,85.7849160196492,0.336367180113555,0,0,100,10,500,0.101010101010101,1
Clustered,6,20290930,10,RRA,1,NaN,71.3598805279093,2.79903994369185,94.0150532674724,0.366691316175698,0,0,100,10,500,0.101010101010101,1
Clustered,6,20290930,11,GURA,1,8.31905126830179e-06,78.7805435999827,3.09011011076267,84.8469351064466,0.332670555243831,0,0,100,11,550,0.111111111111111,1
Clustered,6,20290930,11,GRA,1,7.33280814894932e-07,78.780219866458,3.09009741254821,84.8461955083985,0.332666403191414,0,0,100,11,550,0.111111111111111,1
Clustered,6,20290930,11,RRA,1,NaN,71.3972025416636,2.80050387281427,93.6903146897288,0.36539705412339,0,0,100,11,550,0.111111111111111,1
Clustered,6,20290930,12,GURA,1,9.95126803005064e-06,79.1995922744362,3.10654699335649,84.3758862168128,0.330797063961483,0,0,100,12,600,0.121212121212121,1
Clustered,6,20290930,12,GRA,1,5.38591631461494e-07,79.1994202608746,3.10654024624837,84.3767541085277,0.33080067689678,0,0,100,12,600,0.121212121212121,1
Clustered,6,20290930,12,RRA,1,NaN,71.4537218533396,2.80272080212806,93.5389426105048,0.364784915686652,0,0,100,12,600,0.121212121212121,1
Clustered,6,20290930,13,GURA,1,9.69666552208537e-06,79.3673064040153,3.11312545935644,84.2198006701316,0.330171409488557,0,0,100,13,650,0.131313131313131,1
Clustered,6,20290930,13,GRA,1,1.94898975655199e-07,79.3669504503465,3.11311149733002,84.2207557168136,0.330175557398095,0,0,100,13,650,0.131313131313131,1
Clustered,6,20290930,13,RRA,1,NaN,71.5295817471335,2.80569635185268,93.2546121705239,0.363767623947687,0,0,100,13,650,0.131313131313131,1
Clustered,7,20290931,4,GURA,1,9.46817786839915e-06,78.7940317478854,2.97837236858093,90.3653080288989,0.347626181768393,0,0,100,4,200,0.0404040404040404,1
Clustered,7,20290931,4,GRA,1,2.13721020157363e-07,78.7938180935496,2.97836429256101,90.3656857776824,0.347627730883465,0,0,100,4,200,0.0404040404040404,1
Clustered,7,20290931,4,RRA,1,NaN,72.8348956378987,2.75312020243481,106.643529798317,0.405178811571957,0,0,100,4,200,0.0404040404040404,1
Clustered,7,20290931,5,GURA,1,9.2535087716783e-06,79.0337079368818,2.98743200067334,90.1299478806294,0.346861406539298,0,0,100,5,250,0.0505050505050505,1
Clustered,7,20290931,5,GRA,1,5.28969449460244e-07,79.0331343711164,2.98741032019337,90.1306652361046,0.346864339497613,0,0,100,5,250,0.0505050505050505,1
Clustered,7,20290931,5,RRA,1,NaN,73.4613167894973,2.77679858781031,103.983505372517,0.394994489352162,0,0,100,5,250,0.0505050505050505,1
Clustered,7,20290931,6,GURA,1,9.71366868540713e-06,79.1233296793317,2.99081965473058,90.1017847213756,0.346862859484538,0,0,100,6,300,0.0606060606060606,1
Clustered,7,20290931,6,GRA,1,9.91740925652745e-07,79.1225759578108,2.99079116445915,90.1027531765528,0.346866814106681,0,0,100,6,300,0.0606060606060606,1
Clustered,7,20290931,6,RRA,1,NaN,73.8062871985889,2.78983828525471,98.6837939496989,0.376111857223901,0,0,100,6,300,0.0606060606060606,1
Clustered,7,20290931,7,GURA,1,9.79176871496179e-06,79.1891981427435,2.993309447511,90.0629172425969,0.346740575052149,0,0,100,7,350,0.0707070707070707,1
Clustered,7,20290931,7,GRA,1,5.06943923460823e-07,79.1883870484692,2.9932787885801,90.0641383608071,0.34674533218441,0,0,100,7,350,0.0707070707070707,1
Clustered,7,20290931,7,RRA,1,NaN,73.744817336184,2.78751475724597,98.5769532853282,0.375748612433861,0,0,100,7,350,0.0707070707070707,1
Clustered,7,20290931,8,GURA,1,9.9799052719618e-06,79.2877005696366,2.99703278670293,90.0103367087465,0.346585437437658,0,0,100,8,400,0.0808080808080808,1
Clustered,7,20290931,8,GRA,1,6.82356641941047e-07,79.2868111771228,2.99699916814034,90.0123371911955,0.346593998608745,0,0,100,8,400,0.0808080808080808,1
Clustered,7,20290931,8,RRA,1,NaN,74.1267001644437,2.80194972444455,94.9632085473227,0.363276532447271,0,0,100,8,400,0.0808080808080808,1
Clustered,7,20290931,9,GURA,1,9.80230607794397e-06,80.4114216756776,3.03950884507918,88.5290438646782,0.340798250606654,0,0,100,9,450,0.0909090909090909,1
Clustered,7,20290931,9,GRA,1,4.62669168233598e-07,80.4109974397889,3.03949280918889,88.5300149024105,0.340802254417348,0,0,100,9,450,0.0909090909090909,1
Clustered,7,20290931,9,RRA,1,NaN,74.0589362964244,2.79938828638103,95.0622124692724,0.363552199476714,0,0,100,9,450,0.0909090909090909,1
Clustered,7,20290931,10,GURA,1,8.22788364018834e-06,81.0824705659109,3.06487413516908,87.7450758029336,0.337720527915659,0,0,100,10,500,0.101010101010101,1
Clustered,7,20290931,10,GRA,1,8.75469624469057e-07,81.0819492839737,3.06485443098992,87.745499897091,0.337722332361346,0,0,100,10,500,0.101010101010101,1
Clustered,7,20290931,10,RRA,1,NaN,73.8815089348155,2.79268162675817,95.1525047266574,0.363763880858878,0,0,100,10,500,0.101010101010101,1
Clustered,7,20290931,11,GURA,1,8.37887726490294e-06,81.9230449009639,3.09664739664237,86.7249839555221,0.333729501324496,0,0,100,11,550,0.111111111111111,1
Clustered,7,20290931,11,GRA,1,2.86211972202327e-07,81.9226906121259,3.09663400471328,86.7250066907389,0.333729405756138,0,0,100,11,550,0.111111111111111,1
Clustered,7,20290931,11,RRA,1,NaN,74.0538360329794,2.79919549914347,94.6934837837294,0.362134678553691,0,0,100,11,550,0.111111111111111,1
Clustered,7,20290931,12,GURA,1,9.69942370332433e-06,82.2900523185771,3.11052008125357,86.3179544353659,0.332159151487235,0,0,100,12,600,0.121212121212121,1
Clustered,7,20290931,12,GRA,1,7.4536885930922e-07,82.2891608598647,3.11048638458978,86.3195580493175,0.332165399278161,0,0,100,12,600,0.121212121212121,1
Clustered,7,20290931,12,RRA,1,NaN,74.083643702731,2.80032221315963,94.7689797595899,0.362359000794813,0,0,100,12,600,0.121212121212121,1
Clustered,7,20290931,13,GURA,1,9.80515124382464e-06,82.486037573428,3.11792821934155,86.1642287260337,0.331584036530059,0,0,100,13,650,0.131313131313131,1
Clustered,7,20290931,13,GRA,1,9.64098506308581e-07,82.4853137583119,3.11790085951627,86.1653544731776,0.331587843420128,0,0,100,13,650,0.131313131313131,1
Clustered,7,20290931,13,RRA,1,NaN,74.144650488073,2.8026282371024,94.5371028883607,0.361537339678135,0,0,100,13,650,0.131313131313131,1
Clustered,8,20290932,4,GURA,1,9.46446205318807e-06,77.2528351316241,2.97566044903212,88.7624187940375,0.347338887073214,0,0,100,4,200,0.0404040404040404,1
Clustered,8,20290932,4,GRA,1,9.82667432624549e-07,77.2525401604777,2.97564908719702,88.7626731455499,0.347339663380117,0,0,100,4,200,0.0404040404040404,1
Clustered,8,20290932,4,RRA,1,NaN,71.2472531323837,2.74433466276019,104.159474772932,0.40434133905303,0,0,100,4,200,0.0404040404040404,1
Clustered,8,20290932,5,GURA,1,9.98324361844993e-06,77.3877011067646,2.98085527906602,88.7221042708368,0.347286016418915,0,0,100,5,250,0.0505050505050505,1
Clustered,8,20290932,5,GRA,1,8.73004376126987e-07,77.3873814141178,2.98084296499673,88.7230959139615,0.347290161792582,0,0,100,5,250,0.0505050505050505,1
Clustered,8,20290932,5,RRA,1,NaN,72.2025127077407,2.78112979308914,104.500541894079,0.405231609685681,0,0,100,5,250,0.0505050505050505,1
Clustered,8,20290932,6,GURA,1,9.63763499939319e-06,77.4636746131785,2.98378166173955,88.6600905417319,0.347075061633896,0,0,100,6,300,0.0606060606060606,1
Clustered,8,20290932,6,GRA,1,3.61878881150737e-07,77.4628623603218,2.98375037500818,88.6620361215519,0.347083176810336,0,0,100,6,300,0.0606060606060606,1
Clustered,8,20290932,6,RRA,1,NaN,72.5988359304908,2.79639555436458,106.312640562908,0.410048744184129,0,0,100,6,300,0.0606060606060606,1
Clustered,8,20290932,7,GURA,1,9.9472963697167e-06,77.5220729751321,2.98603107686661,88.6444717736827,0.347018777202956,0,0,100,7,350,0.0707070707070707,1
Clustered,8,20290932,7,GRA,1,6.34103519968484e-07,77.5209185306839,2.98598660944119,88.6471438849769,0.347029868601762,0,0,100,7,350,0.0707070707070707,1
Clustered,8,20290932,7,RRA,1,NaN,72.4178203669499,2.78942311313093,106.458198223855,0.410317523472961,0,0,100,7,350,0.0707070707070707,1
Clustered,8,20290932,8,GURA,1,9.85695781352547e-06,77.5886040015468,2.98859374972643,88.6971133019734,0.34727469730587,0,0,100,8,400,0.0808080808080808,1
Clustered,8,20290932,8,GRA,1,8.36877046022494e-07,77.5871067045973,2.98853607614972,88.7007333063448,0.347289380641468,0,0,100,8,400,0.0808080808080808,1
Clustered,8,20290932,8,RRA,1,NaN,72.7992413083969,2.80411486143975,93.249915795431,0.362871789730672,0,0,100,8,400,0.0808080808080808,1
Clustered,8,20290932,9,GURA,1,9.40793567849596e-06,78.6453392025151,3.02929756515617,87.2511295229541,0.341516700066044,0,0,100,9,450,0.0909090909090909,1
Clustered,8,20290932,9,GRA,1,6.73092915202033e-07,78.6444176546443,3.02926206854887,87.2517377879882,0.341518750352198,0,0,100,9,450,0.0909090909090909,1
Clustered,8,20290932,9,RRA,1,NaN,72.8163714361972,2.80477468762859,93.0060065657828,0.362070733705832,0,0,100,9,450,0.0909090909090909,1
Clustered,8,20290932,10,GURA,1,9.92613078665272e-06,79.3388007170871,3.05600863664399,86.3605204221769,0.337904906879485,0,0,100,10,500,0.101010101010101,1
Clustered,8,20290932,10,GRA,1,1.70190447459283e-07,79.3384132462181,3.05599371186177,86.3612391249313,0.337908225067303,0,0,100,10,500,0.101010101010101,1
Clustered,8,20290932,10,RRA,1,NaN,72.6208845376183,2.79724483281596,93.1921436862531,0.362657350171201,0,0,100,10,500,0.101010101010101,1
Clustered,8,20290932,11,GURA,1,8.3208124586065e-06,80.0274599138389,3.08253473023195,85.5211791590481,0.334551773079118,0,0,100,11,550,0.111111111111111,1
Clustered,8,20290932,11,GRA,1,7.23916915047469e-07,80.0268676718749,3.08251191798194,85.5216722308776,0.334553698070458,0,0,100,11,550,0.111111111111111,1
Clustered,8,20290932,11,RRA,1,NaN,72.7363597458592,2.80169276031818,92.9676965893662,0.3616692312878,0,0,100,11,550,0.111111111111111,1
Clustered,8,20290932,12,GURA,1,9.197900837421e-06,80.4949955333996,3.10054348355822,84.9986482808197,0.33251665249888,0,0,100,12,600,0.121212121212121,1
Clustered,8,20290932,12,GRA,1,4.7846917525214e-07,80.4945843066054,3.10052764373428,84.9985903018946,0.332515854248301,0,0,100,12,600,0.121212121212121,1
Clustered,8,20290932,12,RRA,1,NaN,72.6412561055444,2.79802951429541,92.9950622508077,0.3616991043661,0,0,100,12,600,0.121212121212121,1
Clustered,8,20290932,13,GURA,1,9.62230443946055e-06,80.82484321109,3.11324870903034,84.7448908020034,0.331597232442103,0,0,100,13,650,0.131313131313131,1
Clustered,8,20290932,13,GRA,1,8.65305088377534e-07,80.8240986091041,3.11322002810652,84.745913899014,0.331601737178961,0,0,100,13,650,0.131313131313131,1
Clustered,8,20290932,13,RRA,1,NaN,72.753580584326,2.80235608054245,92.8664738962979,0.361145782805325,0,0,100,13,650,0.131313131313131,1
Clustered,9,20290933,4,GURA,1,9.69083574986485e-06,76.9656005904059,2.9584695754085,90.0838396845095,0.345187401045101,0,0,100,4,200,0.0404040404040404,1
Clustered,9,20290933,4,GRA,1,4.03224751432962e-07,76.9651756675759,2.95845324186137,90.0849265070923,0.34519178083715,0,0,100,4,200,0.0404040404040404,1
Clustered,9,20290933,4,RRA,1,NaN,71.321357513988,2.74151133315873,100.08903477313,0.382369870689379,0,0,100,4,200,0.0404040404040404,1
Clustered,9,20290933,5,GURA,1,9.94384758357114e-06,77.2232424084242,2.9683730319412,89.915233201584,0.344680306133036,0,0,100,5,250,0.0505050505050505,1
Clustered,9,20290933,5,GRA,1,3.66520486345673e-07,77.2229297398036,2.96836101331737,89.915673138775,0.344682173556405,0,0,100,5,250,0.0505050505050505,1
Clustered,9,20290933,5,RRA,1,NaN,72.0640114046066,2.77005809851364,98.6741389603607,0.37694216346698,0,0,100,5,250,0.0505050505050505,1
Clustered,9,20290933,6,GURA,1,9.96179403500719e-06,77.37389138868,2.97416380627719,89.8113037650265,0.344376165721739,0,0,100,6,300,0.0606060606060606,1
Clustered,9,20290933,6,GRA,1,5.99571617383729e-07,77.3731499317921,2.97413530552325,89.8124810929281,0.344381559782819,0,0,100,6,300,0.0606060606060606,1
Clustered,9,20290933,6,RRA,1,NaN,72.3863110078267,2.78244692628836,96.9303191737624,0.370201146092906,0,0,100,6,300,0.0606060606060606,1
Clustered,9,20290933,7,GURA,1,9.96977626144258e-06,77.4252695295248,2.97613872319286,89.8190440264467,0.344440971124672,0,0,100,7,350,0.0707070707070707,1
Clustered,9,20290933,7,GRA,1,9.92961203974871e-07,77.4239675310877,2.97608867586348,89.8215944704144,0.344451702184281,0,0,100,7,350,0.0707070707070707,1
Clustered,9,20290933,7,RRA,1,NaN,72.1861741641713,2.77475389513768,96.8062008275308,0.369559527151846,0,0,100,7,350,0.0707070707070707,1
Clustered,9,20290933,8,GURA,1,9.96482925685882e-06,77.5123697988469,2.979486757832,89.8995771608194,0.344818248025663,0,0,100,8,400,0.0808080808080808,1
Clustered,9,20290933,8,GRA,1,9.85977634093964e-07,77.5107883830901,2.97942597002074,89.9020582455901,0.344827930077061,0,0,100,8,400,0.0808080808080808,1
Clustered,9,20290933,8,RRA,1,NaN,72.6673025844547,2.79324792081089,95.9168277236653,0.366196729010509,0,0,100,8,400,0.0808080808080808,1
Clustered,9,20290933,9,GURA,1,9.9841950316204e-06,78.7958549781812,3.02882245877398,88.2037710922963,0.338107970465016,0,0,100,9,450,0.0909090909090909,1
Clustered,9,20290933,9,GRA,1,4.93961643855532e-07,78.7955161232998,3.02880943358027,88.2039463652398,0.338108545781875,0,0,100,9,450,0.0909090909090909,1
Clustered,9,20290933,9,RRA,1,NaN,72.6473296952505,2.79248018581512,95.9660758112514,0.366292474786018,0,0,100,9,450,0.0909090909090909,1
Clustered,9,20290933,10,GURA,1,8.71138255220671e-06,79.2551731859421,3.04647812484646,87.5790472144995,0.335685118905445,0,0,100,10,500,0.101010101010101,1
Clustered,9,20290933,10,GRA,1,4.84499550421721e-07,79.2549235166322,3.04646852784401,87.5800785291589,0.33568922879345,0,0,100,10,500,0.101010101010101,1
Clustered,9,20290933,10,RRA,1,NaN,72.4629616224678,2.78539328816448,96.237675245574,0.367297472425626,0,0,100,10,500,0.101010101010101,1
Clustered,9,20290933,11,GURA,1,9.74205069326217e-06,79.7809855558982,3.06668975039028,86.9412676693995,0.333221634907041,0,0,100,11,550,0.111111111111111,1
Clustered,9,20290933,11,GRA,1,9.11258736523314e-07,79.7807038865868,3.06667892334441,86.9421119906653,0.333225145958622,0,0,100,11,550,0.111111111111111,1
Clustered,9,20290933,11,RRA,1,NaN,72.5707693424654,2.78953729350141,95.8467367916304,0.365756802733124,0,0,100,11,550,0.111111111111111,1
Clustered,9,20290933,12,GURA,1,8.72547945718338e-06,80.4702423640148,3.09318399302353,86.2262089330408,0.330519881032235,0,0,100,12,600,0.121212121212121,1
Clustered,9,20290933,12,GRA,1,4.8437514290541e-07,80.4696813796642,3.09316242942732,86.2275843706112,0.330525596821212,0,0,100,12,600,0.121212121212121,1
Clustered,9,20290933,12,RRA,1,NaN,72.7159532911344,2.79511799827966,95.2440279513688,0.363544163550742,0,0,100,12,600,0.121212121212121,1
Clustered,9,20290933,13,GURA,1,9.97377495792762e-06,80.6488414206399,3.10004913629752,86.0357423050796,0.329826300094198,0,0,100,13,650,0.131313131313131,1
Clustered,9,20290933,13,GRA,1,9.60446400354586e-07,80.6471418814249,3.09998380795575,86.0369140576976,0.329829672586276,0,0,100,13,650,0.131313131313131,1
Clustered,9,20290933,13,RRA,1,NaN,72.7137717016217,2.7950341404763,95.2643825075571,0.363557845682922,0,0,100,13,650,0.131313131313131,1
Clustered,10,20290934,4,GURA,1,9.37575163817428e-06,78.777337015533,2.98237836492878,90.1864071888874,0.346516151635814,0,0,100,4,200,0.0404040404040404,1
Clustered,10,20290934,4,GRA,1,9.01768168647896e-07,78.7772635282875,2.98237558282444,90.1865882719322,0.346516855400056,0,0,100,4,200,0.0404040404040404,1
Clustered,10,20290934,4,RRA,1,NaN,72.4808647844729,2.7440044458715,101.960536532936,0.388372274420082,0,0,100,4,200,0.0404040404040404,1
Clustered,10,20290934,5,GURA,1,9.70634397390313e-06,78.9578235474842,2.98921128348689,90.0905610842934,0.346308794116183,0,0,100,5,250,0.0505050505050505,1
Clustered,10,20290934,5,GRA,1,5.56844357620958e-07,78.9572957542654,2.98919130211742,90.0912162986668,0.346311621702462,0,0,100,5,250,0.0505050505050505,1
Clustered,10,20290934,5,RRA,1,NaN,73.5476326362573,2.784390494475,100.064958111242,0.381771029130299,0,0,100,5,250,0.0505050505050505,1
Clustered,10,20290934,6,GURA,1,9.44777450939682e-06,79.0503996106894,2.99271605857162,90.084117327932,0.346367368796354,0,0,100,6,300,0.0606060606060606,1
Clustered,10,20290934,6,GRA,1,6.45966094860908e-07,79.0495512053837,2.99268393936419,90.086166774145,0.346375863362794,0,0,100,6,300,0.0606060606060606,1
Clustered,10,20290934,6,RRA,1,NaN,73.9937849976135,2.8012810774825,97.7215625386268,0.37266440153684,0,0,100,6,300,0.0606060606060606,1
Clustered,10,20290934,7,GURA,1,9.89310409593713e-06,79.1041227452304,2.9947499266893,90.0745199732048,0.346399811120004,0,0,100,7,350,0.0707070707070707,1
Clustered,10,20290934,7,GRA,1,6.13015656743591e-07,79.1031658363092,2.99471369971626,90.0751455634124,0.34640163859139,0,0,100,7,350,0.0707070707070707,1
Clustered,10,20290934,7,RRA,1,NaN,73.7788465722638,2.79314386779961,98.1715338158871,0.373846673937295,0,0,100,7,350,0.0707070707070707,1
Clustered,10,20290934,8,GURA,1,9.95957112692736e-06,79.2247870304788,2.99931807493317,90.020477763915,0.346267121413623,0,0,100,8,400,0.0808080808080808,1
Clustered,10,20290934,8,GRA,1,9.06639675951477e-07,79.2240226996859,2.99928913864633,90.0221023185761,0.346273432711192,0,0,100,8,400,0.0808080808080808,1
Clustered,10,20290934,8,RRA,1,NaN,74.0627412666904,2.80389164662347,95.9314198188177,0.365295467388755,0,0,100,8,400,0.0808080808080808,1
Clustered,10,20290934,9,GURA,1,9.9991972390967e-06,80.367493970681,3.04257905055159,88.5254355722514,0.340337812886405,0,0,100,9,450,0.0909090909090909,1
Clustered,10,20290934,9,GRA,1,7.61283321635157e-07,80.367141518104,3.04256570728587,88.5258303981609,0.34033903429293,0,0,100,9,450,0.0909090909090909,1
Clustered,10,20290934,9,RRA,1,NaN,73.8308975954083,2.79511443257344,96.0193841292998,0.365654475316765,0,0,100,9,450,0.0909090909090909,1
Clustered,10,20290934,10,GURA,1,9.99673093105002e-06,81.0545237010613,3.06858884831291,87.7550163742778,0.337297002092728,0,0,100,10,500,0.101010101010101,1
Clustered,10,20290934,10,GRA,1,2.15368375063604e-07,81.0542647038834,3.06857904311246,87.7558211309791,0.337300251649016,0,0,100,10,500,0.101010101010101,1
Clustered,10,20290934,10,RRA,1,NaN,73.8154354413204,2.79452906125252,95.702423703301,0.364710647469206,0,0,100,10,500,0.101010101010101,1
Clustered,10,20290934,11,GURA,1,9.71695429541342e-06,81.7688123076048,3.09563062158395,86.9676540065374,0.334243902643707,0,0,100,11,550,0.111111111111111,1
Clustered,10,20290934,11,GRA,1,5.22190194343893e-07,81.7686070681416,3.09562285156077,86.96908926765,0.33425040481098,0,0,100,11,550,0.111111111111111,1
Clustered,10,20290934,11,RRA,1,NaN,73.7827027942985,2.79328985792319,95.5444247158574,0.364227719977467,0,0,100,11,550,0.111111111111111,1
Clustered,10,20290934,12,GURA,1,9.45577837541123e-06,82.1864555323892,3.11144189631148,86.4681518055403,0.33229701321881,0,0,100,12,600,0.121212121212121,1
Clustered,10,20290934,12,GRA,1,1.5784512688558e-07,82.1863936964154,3.11143955530482,86.4681136685166,0.332296691316642,0,0,100,12,600,0.121212121212121,1
Clustered,10,20290934,12,RRA,1,NaN,73.8928881892509,2.7974612928877,95.2275658332185,0.362957863368768,0,0,100,12,600,0.121212121212121,1
Clustered,10,20290934,13,GURA,1,9.97709049954665e-06,82.4119149401206,3.11997741280977,86.2385489272181,0.331401461166956,0,0,100,13,650,0.131313131313131,1
Clustered,10,20290934,13,GRA,1,8.64085035361725e-07,82.4114221810877,3.11995875777605,86.2394293785141,0.331404898583398,0,0,100,13,650,0.131313131313131,1
Clustered,10,20290934,13,RRA,1,NaN,73.9853289604706,2.80096094604389,94.9826535298433,0.362075954895723,0,0,100,13,650,0.131313131313131,1
Clustered,11,20290935,4,GURA,1,9.24457053486094e-06,79.9202802780429,3.00026558836426,91.3401788847696,0.346706012342972,0,0,100,4,200,0.0404040404040404,1
Clustered,11,20290935,4,GRA,1,6.0287349056769e-07,79.9200115756671,3.00025550108117,91.3405867251011,0.346707537009965,0,0,100,4,200,0.0404040404040404,1
Clustered,11,20290935,4,RRA,1,NaN,72.6342504515287,2.72674271671973,108.284209246502,0.407621153897766,0,0,100,4,200,0.0404040404040404,1
Clustered,11,20290935,5,GURA,1,9.4133005745789e-06,80.1525864157276,3.00898653013819,91.1903360399279,0.346219508826304,0,0,100,5,250,0.0505050505050505,1
Clustered,11,20290935,5,GRA,1,6.0751011420377e-07,80.1521046910377,3.00896844584213,91.1910949075216,0.3462224856979,0,0,100,5,250,0.0505050505050505,1
Clustered,11,20290935,5,RRA,1,NaN,73.1655241636521,2.74668711920357,106.806664616048,0.401944595532193,0,0,100,5,250,0.0505050505050505,1
Clustered,11,20290935,6,GURA,1,9.75211589349101e-06,80.3520598907409,3.01647490981844,91.1129891129604,0.346124420767001,0,0,100,6,300,0.0606060606060606,1
Clustered,11,20290935,6,GRA,1,5.88740726089449e-07,80.3514364847693,3.01645150670377,91.1142905724506,0.346129550984961,0,0,100,6,300,0.0606060606060606,1
Clustered,11,20290935,6,RRA,1,NaN,73.915169118748,2.77482933735446,100.281515154885,0.37686345686625,0,0,100,6,300,0.0606060606060606,1
Clustered,11,20290935,7,GURA,1,9.98760284076639e-06,80.4112953217011,3.01869865108291,91.0404975004926,0.345830808838821,0,0,100,7,350,0.0707070707070707,1
Clustered,11,20290935,7,GRA,1,3.34788583001396e-07,80.4104594884973,3.01866727329506,91.0411282065724,0.345832907189334,0,0,100,7,350,0.0707070707070707,1
Clustered,11,20290935,7,RRA,1,NaN,73.8661972328034,2.77299089705262,99.9190642326009,0.375552954123338,0,0,100,7,350,0.0707070707070707,1
Clustered,11,20290935,8,GURA,1,9.89311796928405e-06,80.5222564372776,3.02286421225903,91.1329682864909,0.34636102226729,0,0,100,8,400,0.0808080808080808,1
Clustered,11,20290935,8,GRA,1,7.1822018469952e-07,80.5209250596133,3.02281423137085,91.1351297256589,0.346368540202402,0,0,100,8,400,0.0808080808080808,1
Clustered,11,20290935,8,RRA,1,NaN,74.6019618973235,2.80061203897573,96.6366478456039,0.363666571148114,0,0,100,8,400,0.0808080808080808,1
Clustered,11,20290935,9,GURA,1,9.71373164659894e-06,81.821341224082,3.07163280226718,89.2273515999847,0.338885648005327,0,0,100,9,450,0.0909090909090909,1
Clustered,11,20290935,9,GRA,1,6.64010928161296e-07,81.8206350322114,3.0716062913095,89.2280447565261,0.338888539353559,0,0,100,9,450,0.0909090909090909,1
Clustered,11,20290935,9,RRA,1,NaN,74.5287417233977,2.79786330026461,96.5802548177764,0.363431904098357,0,0,100,9,450,0.0909090909090909,1
Clustered,11,20290935,10,GURA,1,9.86500579003291e-06,82.5626663783029,3.09946268902759,88.3718838667819,0.33561005331432,0,0,100,10,500,0.101010101010101,1
Clustered,11,20290935,10,GRA,1,1.602980516677e-07,82.56251125961,3.09945686575876,88.3722442693014,0.335611360403021,0,0,100,10,500,0.101010101010101,1
Clustered,11,20290935,10,RRA,1,NaN,74.6527733480446,2.80251953788042,96.6222183785719,0.363870453156353,0,0,100,10,500,0.101010101010101,1
Clustered,11,20290935,11,GURA,1,9.61818295763806e-06,83.1286240609734,3.12070915305248,87.7996165122744,0.333455410771253,0,0,100,11,550,0.111111111111111,1
Clustered,11,20290935,11,GRA,1,1.26014096029531e-07,83.1284336161467,3.12070200361484,87.7996537221094,0.333455708261637,0,0,100,11,550,0.111111111111111,1
Clustered,11,20290935,11,RRA,1,NaN,74.7900049921501,2.80767131385033,96.0205940061854,0.361602156447945,0,0,100,11,550,0.111111111111111,1
Clustered,11,20290935,12,GURA,1,9.18816743578077e-06,83.517470569807,3.13530673448676,87.3537431845113,0.331723424919628,0,0,100,12,600,0.121212121212121,1
Clustered,11,20290935,12,GRA,1,9.8140373877998e-07,83.5170895435438,3.13529243048304,87.3540328737763,0.331724440238929,0,0,100,12,600,0.121212121212121,1
Clustered,11,20290935,12,RRA,1,NaN,74.8147247930913,2.80859931319989,95.8081003832013,0.360760391790283,0,0,100,12,600,0.121212121212121,1
Clustered,11,20290935,13,GURA,1,9.47064215139903e-06,83.6601604942839,3.14066341828122,87.1992737848979,0.331145936560018,0,0,100,13,650,0.131313131313131,1
Clustered,11,20290935,13,GRA,1,6.23810091111485e-07,83.6597874183189,3.1406494127375,87.1992132627336,0.331145047840601,0,0,100,13,650,0.131313131313131,1
Clustered,11,20290935,13,RRA,1,NaN,74.7919644287164,2.80774487252758,95.8983767611355,0.361036490618207,0,0,100,13,650,0.131313131313131,1
Clustered,12,20290936,4,GURA,1,7.45995477302586e-06,76.8157301662051,2.97022421317184,88.8522599178223,0.347203467119612,0,0,100,4,200,0.0404040404040404,1
Clustered,12,20290936,4,GRA,1,1.51406797678502e-07,76.8155530076055,2.97021736300247,88.8527740249137,0.347205564716402,0,0,100,4,200,0.0404040404040404,1
Clustered,12,20290936,4,RRA,1,NaN,70.8122651007516,2.73808898173215,105.597216796348,0.409643809812052,0,0,100,4,200,0.0404040404040404,1
Clustered,12,20290936,5,GURA,1,9.8690166545623e-06,76.981860403407,2.97664795023728,88.7678720663627,0.346955138098687,0,0,100,5,250,0.0505050505050505,1
Clustered,12,20290936,5,GRA,1,5.62197324595424e-07,76.9814723385882,2.97663294498355,88.7683347015063,0.346957047011614,0,0,100,5,250,0.0505050505050505,1
Clustered,12,20290936,5,RRA,1,NaN,71.4368767134313,2.76224076069454,104.506306990852,0.405135664968305,0,0,100,5,250,0.0505050505050505,1
Clustered,12,20290936,6,GURA,1,9.98380054895165e-06,77.1170205927321,2.98187417234207,88.6765388256561,0.346696664843817,0,0,100,6,300,0.0606060606060606,1
Clustered,12,20290936,6,GRA,1,4.1818083518089e-07,77.1162127476152,2.98184293549615,88.6774551806623,0.34669987059323,0,0,100,6,300,0.0606060606060606,1
Clustered,12,20290936,6,RRA,1,NaN,71.9083633389746,2.78047167496621,98.9504819897316,0.385422742071202,0,0,100,6,300,0.0606060606060606,1
Clustered,12,20290936,7,GURA,1,9.83738669546597e-06,77.1552393966965,2.98335197404607,88.6871982786444,0.346768858349275,0,0,100,7,350,0.0707070707070707,1
Clustered,12,20290936,7,GRA,1,6.16511804349927e-07,77.1539316344555,2.98330140696736,88.6887013622328,0.346775956656628,0,0,100,7,350,0.0707070707070707,1
Clustered,12,20290936,7,RRA,1,NaN,71.7294229789534,2.77355261048685,97.5400117397516,0.379675856780684,0,0,100,7,350,0.0707070707070707,1
Clustered,12,20290936,8,GURA,1,9.80466494482357e-06,77.1939284700336,2.98484795959697,88.6274217995352,0.346533413259709,0,0,100,8,400,0.0808080808080808,1
Clustered,12,20290936,8,GRA,1,6.64719384153856e-07,77.1925387828229,2.98479422473573,88.6303826325407,0.346545460536756,0,0,100,8,400,0.0808080808080808,1
Clustered,12,20290936,8,RRA,1,NaN,72.452686475121,2.8015189494668,94.4692959840453,0.367015699944992,0,0,100,8,400,0.0808080808080808,1
Clustered,12,20290936,9,GURA,1,9.99418112002104e-06,77.9836302746402,3.01538326032448,87.6212632924065,0.342535588629969,0,0,100,9,450,0.0909090909090909,1
Clustered,12,20290936,9,GRA,1,9.59877799924574e-07,77.9826265109275,3.01534444791877,87.6226286764868,0.342540860626047,0,0,100,9,450,0.0909090909090909,1
Clustered,12,20290936,9,RRA,1,NaN,72.3533205730424,2.79767678058188,94.0806650697065,0.36553457245474,0,0,100,9,450,0.0909090909090909,1
Clustered,12,20290936,10,GURA,1,9.89793979400133e-06,78.8106748614579,3.04736248973261,86.618723731772,0.338568170021233,0,0,100,10,500,0.101010101010101,1
Clustered,12,20290936,10,GRA,1,9.52285167482754e-07,78.8102819586033,3.04734729740717,86.6187398277986,0.338568714961189,0,0,100,10,500,0.101010101010101,1
Clustered,12,20290936,10,RRA,1,NaN,72.3578805665028,2.79785310127763,93.8981709144858,0.364687281308698,0,0,100,10,500,0.101010101010101,1
Clustered,12,20290936,11,GURA,1,9.31204787946172e-06,79.4740974807639,3.07301496902514,85.8573987140046,0.335619472557479,0,0,100,11,550,0.111111111111111,1
Clustered,12,20290936,11,GRA,1,7.51299756137562e-07,79.4736084633643,3.07299606025062,85.8578019497112,0.33562106612452,0,0,100,11,550,0.111111111111111,1
Clustered,12,20290936,11,RRA,1,NaN,72.5423156423049,2.80498462924359,93.5856668867935,0.363579447945752,0,0,100,11,550,0.111111111111111,1
Clustered,12,20290936,12,GURA,1,7.16489343588478e-06,79.9365304582932,3.09089580702348,85.3196823552295,0.333519788720045,0,0,100,12,600,0.121212121212121,1
Clustered,12,20290936,12,GRA,1,7.22582015046168e-07,79.9361483006822,3.09088103018303,85.320757536869,0.333523881494494,0,0,100,12,600,0.121212121212121,1
Clustered,12,20290936,12,RRA,1,NaN,72.5688033914055,2.80600882771909,93.4408446949203,0.363029469888902,0,0,100,12,600,0.121212121212121,1
Clustered,12,20290936,13,GURA,1,9.47129960238158e-06,80.2032224775383,3.10120795391459,84.9563466248452,0.332110820882295,0,0,100,13,650,0.131313131313131,1
Clustered,12,20290936,13,GRA,1,6.18990642464416e-07,80.2021954135283,3.10116824055921,84.9573796463921,0.332113879716265,0,0,100,13,650,0.131313131313131,1
Clustered,12,20290936,13,RRA,1,NaN,72.6324876710027,2.80847129977851,93.1678679109824,0.362001230754018,0,0,100,13,650,0.131313131313131,1
Clustered,13,20290937,4,GURA,1,9.79837082226709e-06,81.9266613123506,3.00016250777226,93.187959720114,0.34639142399889,0,0,100,4,200,0.0404040404040404,1
Clustered,13,20290937,4,GRA,1,5.76924955091668e-10,81.9266617931055,3.00016252537756,93.1879499675641,0.346391391735089,0,0,100,4,200,0.0404040404040404,1
Clustered,13,20290937,4,RRA,1,NaN,74.9635334762017,2.74517207198247,106.075493153337,0.390469922987858,0,0,100,4,200,0.0404040404040404,1
Clustered,13,20290937,5,GURA,1,9.69686817242632e-06,82.1418337919421,3.00804214543397,93.0476631723984,0.346021703311501,0,0,100,5,250,0.0505050505050505,1
Clustered,13,20290937,5,GRA,1,5.0674120880934e-07,82.1414026552523,3.0080263571654,93.0484958286088,0.346024940017585,0,0,100,5,250,0.0505050505050505,1
Clustered,13,20290937,5,RRA,1,NaN,75.8367884549069,2.77715075639203,101.57123407293,0.375112385540595,0,0,100,5,250,0.0505050505050505,1
Clustered,13,20290937,6,GURA,1,9.70675536038357e-06,82.2177751847604,3.01082312681258,93.0561961468676,0.346084618202669,0,0,100,6,300,0.0606060606060606,1
Clustered,13,20290937,6,GRA,1,8.43590704366185e-07,82.2166252500329,3.01078101608818,93.0579936985856,0.346091731862283,0,0,100,6,300,0.0606060606060606,1
Clustered,13,20290937,6,RRA,1,NaN,76.2349640303027,2.79173198567292,99.7195915585129,0.367464474712244,0,0,100,6,300,0.0606060606060606,1
Clustered,13,20290937,7,GURA,1,9.98064803781062e-06,82.2748853748606,3.01291450766963,93.0482312242202,0.346054890084264,0,0,100,7,350,0.0707070707070707,1
Clustered,13,20290937,7,GRA,1,8.93436702149994e-07,82.2740937237537,3.01288551732714,93.0494688557576,0.34605910545466,0,0,100,7,350,0.0707070707070707,1
Clustered,13,20290937,7,RRA,1,NaN,76.1124359037845,2.78724499346014,99.704526099526,0.367376421913732,0,0,100,7,350,0.0707070707070707,1
Clustered,13,20290937,8,GURA,1,9.68659729494448e-06,82.3402718691755,3.01530896761241,92.9891930515878,0.345876203810646,0,0,100,8,400,0.0808080808080808,1
Clustered,13,20290937,8,GRA,1,5.18249280382222e-07,82.339630400166,3.01528547695331,92.9902668845943,0.345880165632349,0,0,100,8,400,0.0808080808080808,1
Clustered,13,20290937,8,RRA,1,NaN,76.6432715064048,2.80668424616812,98.0976002598911,0.361559268561546,0,0,100,8,400,0.0808080808080808,1
Clustered,13,20290937,9,GURA,1,9.89807119466946e-06,83.5214651283541,3.05856438256348,91.4641300514381,0.340064242222006,0,0,100,9,450,0.0909090909090909,1
Clustered,13,20290937,9,GRA,1,8.20352144501705e-07,83.5209829996926,3.05854672696381,91.4644045019733,0.340064711084434,0,0,100,9,450,0.0909090909090909,1
Clustered,13,20290937,9,RRA,1,NaN,76.6799690425942,2.80802811360321,98.1420665257934,0.361622906882158,0,0,100,9,450,0.0909090909090909,1
Clustered,13,20290937,10,GURA,1,8.9005600010239e-06,84.3063379747203,3.08730650447247,90.3988676201299,0.33609954456887,0,0,100,10,500,0.101010101010101,1
Clustered,13,20290937,10,GRA,1,9.72129673720021e-07,84.3056322368162,3.08728066028004,90.3993943667642,0.336101950195302,0,0,100,10,500,0.101010101010101,1
Clustered,13,20290937,10,RRA,1,NaN,76.6838155589149,2.80816897341448,98.0637349861497,0.361676979208532,0,0,100,10,500,0.101010101010101,1
Clustered,13,20290937,11,GURA,1,8.33406456024477e-06,84.9005981567039,3.10906837160205,89.6571107058973,0.333276397762147,0,0,100,11,550,0.111111111111111,1
Clustered,13,20290937,11,GRA,1,8.74621190464159e-07,84.8998403989584,3.10904062243783,89.6576320113119,0.33327764301659,0,0,100,11,550,0.111111111111111,1
Clustered,13,20290937,11,RRA,1,NaN,76.7638035592085,2.81109814196241,97.8278764071389,0.360534525531426,0,0,100,11,550,0.111111111111111,1
Clustered,13,20290937,12,GURA,1,9.45316376643746e-06,85.324746497942,3.12460072615833,89.2701494754424,0.331955028412769,0,0,100,12,600,0.121212121212121,1
Clustered,13,20290937,12,GRA,1,4.93199305271816e-07,85.3242467845919,3.12458242660562,89.2715065791784,0.331960094988138,0,0,100,12,600,0.121212121212121,1
Clustered,13,20290937,12,RRA,1,NaN,76.8395258288587,2.81387109902875,97.489336072906,0.359376282566411,0,0,100,12,600,0.121212121212121,1
Clustered,13,20290937,13,GURA,1,9.74067352643715e-06,85.6201802852372,3.13541954091258,88.9811131515112,0.330918330893582,0,0,100,13,650,0.131313131313131,1
Clustered,13,20290937,13,GRA,1,1.70576869691088e-07,85.6199469108092,3.13541099471775,88.983505718723,0.330928203368121,0,0,100,13,650,0.131313131313131,1
Clustered,13,20290937,13,RRA,1,NaN,76.84239161182,2.8139760442866,97.4010555715653,0.359070008673262,0,0,100,13,650,0.131313131313131,1
Clustered,14,20290938,4,GURA,1,9.46732345852297e-06,74.9290035519005,2.99335739244058,86.3376644250804,0.346891623664282,0,0,100,4,200,0.0404040404040404,1
Clustered,14,20290938,4,GRA,1,5.19906485964877e-07,74.9287256490427,2.99334629043021,86.3377255959713,0.346891114790456,0,0,100,4,200,0.0404040404040404,1
Clustered,14,20290938,4,RRA,1,NaN,68.6846142218864,2.74389873055769,97.3623823356629,0.38770213957983,0,0,100,4,200,0.0404040404040404,1
Clustered,14,20290938,5,GURA,1,9.93705494067854e-06,75.0477140801936,2.99809978885027,86.1986715810545,0.34634532613834,0,0,100,5,250,0.0505050505050505,1
Clustered,14,20290938,5,GRA,1,9.66375051860043e-07,75.047077297083,2.99807434984346,86.2001717242158,0.346351851192495,0,0,100,5,250,0.0505050505050505,1
Clustered,14,20290938,5,RRA,1,NaN,69.4755974352759,2.77549791561099,95.4820742103321,0.381006393010491,0,0,100,5,250,0.0505050505050505,1
Clustered,14,20290938,6,GURA,1,9.92567560942348e-06,75.1496712476892,3.00217290108409,86.1304497995453,0.346191130720598,0,0,100,6,300,0.0606060606060606,1
Clustered,14,20290938,6,GRA,1,7.75840798352957e-07,75.1490058575144,3.00214631924656,86.1330717275532,0.346203023010428,0,0,100,6,300,0.0606060606060606,1
Clustered,14,20290938,6,RRA,1,NaN,69.5930560143666,2.78019029759073,92.6834954445845,0.368442764963596,0,0,100,6,300,0.0606060606060606,1
Clustered,14,20290938,7,GURA,1,9.99501212461951e-06,75.2124936502993,3.00468260886545,86.0836928050621,0.346044745220845,0,0,100,7,350,0.0707070707070707,1
Clustered,14,20290938,7,GRA,1,7.83143102458942e-07,75.2113442057652,3.00463668941997,86.087614562135,0.346061123939958,0,0,100,7,350,0.0707070707070707,1
Clustered,14,20290938,7,RRA,1,NaN,69.5662669439464,2.77912009435597,92.0596490342772,0.366086219780114,0,0,100,7,350,0.0707070707070707,1
Clustered,14,20290938,8,GURA,1,9.94983327018417e-06,75.283627530969,3.00752435395029,85.9838944319106,0.345675535348966,0,0,100,8,400,0.0808080808080808,1
Clustered,14,20290938,8,GRA,1,6.9217308226154e-07,75.2825014924417,3.0074793695572,85.9873246686861,0.34568985628224,0,0,100,8,400,0.0808080808080808,1
Clustered,14,20290938,8,RRA,1,NaN,69.9100648016635,2.79285456045213,91.0107603215138,0.362080190102776,0,0,100,8,400,0.0808080808080808,1
Clustered,14,20290938,9,GURA,1,9.80054835508781e-06,76.5736256263211,3.05905880859284,84.3507620977518,0.338998191254787,0,0,100,9,450,0.0909090909090909,1
Clustered,14,20290938,9,GRA,1,7.56784567258414e-07,76.5728380165945,3.05902734417605,84.3513949992415,0.338999994094502,0,0,100,9,450,0.0909090909090909,1
Clustered,14,20290938,9,RRA,1,NaN,69.8241519580469,2.78942240690204,91.1159648215396,0.362294756741432,0,0,100,9,450,0.0909090909090909,1
Clustered,14,20290938,10,GURA,1,9.58990112565061e-06,77.1890192524398,3.08364332156754,83.5583499165911,0.335719568222831,0,0,100,10,500,0.101010101010101,1
Clustered,14,20290938,10,GRA,1,5.21198123017277e-07,77.1884559474881,3.08362081795797,83.5577019629104,0.335716047072873,0,0,100,10,500,0.101010101010101,1
Clustered,14,20290938,10,RRA,1,NaN,69.6209908589643,2.78130627364299,91.4494944759623,0.363597138345235,0,0,100,10,500,0.101010101010101,1
Clustered,14,20290938,11,GURA,1,8.85698131725121e-06,77.5139052720928,3.09662227394284,83.1702534110851,0.334188774071126,0,0,100,11,550,0.111111111111111,1
Clustered,14,20290938,11,GRA,1,3.7127191425328e-07,77.5136191885409,3.0966108451199,83.1709992061272,0.334192052648833,0,0,100,11,550,0.111111111111111,1
Clustered,14,20290938,11,RRA,1,NaN,69.648641650741,2.78241090199847,91.2356860163341,0.362549319785927,0,0,100,11,550,0.111111111111111,1
Clustered,14,20290938,12,GURA,1,8.36713581975346e-06,78.1274769902045,3.12113400306159,82.4976222326736,0.331525966158584,0,0,100,12,600,0.121212121212121,1
Clustered,14,20290938,12,GRA,1,9.7796133150278e-07,78.1266130787436,3.12109949044785,82.5003431984697,0.331537325569448,0,0,100,12,600,0.121212121212121,1
Clustered,14,20290938,12,RRA,1,NaN,69.804314808062,2.7886299276652,90.9659311035113,0.361489822645081,0,0,100,12,600,0.121212121212121,1
Clustered,14,20290938,13,GURA,1,8.02840080638134e-06,78.2764930913857,3.12708708433745,82.3721361054548,0.331044525084899,0,0,100,13,650,0.131313131313131,1
Clustered,14,20290938,13,GRA,1,3.72630798379191e-07,78.276230683459,3.12707660133794,82.3715600030244,0.331042028218404,0,0,100,13,650,0.131313131313131,1
Clustered,14,20290938,13,RRA,1,NaN,69.854261856179,2.79062527470872,90.9896747887988,0.36153013401,0,0,100,13,650,0.131313131313131,1
Clustered,15,20290939,4,GURA,1,9.75337722053382e-06,79.5708385573935,2.98904899176414,90.3127576232559,0.347910270923617,0,0,100,4,200,0.0404040404040404,1
Clustered,15,20290939,4,GRA,1,6.23601847274055e-07,79.5707109014268,2.98904419641517,90.3129767005261,0.347910749477112,0,0,100,4,200,0.0404040404040404,1
Clustered,15,20290939,4,RRA,1,NaN,72.8840175747341,2.737861045543,105.931800082458,0.404971316420839,0,0,100,4,200,0.0404040404040404,1
Clustered,15,20290939,5,GURA,1,9.40581079333924e-06,79.7802909875184,2.99691699449527,90.0899362892511,0.34712553151682,0,0,100,5,250,0.0505050505050505,1
Clustered,15,20290939,5,GRA,1,6.24126435898927e-07,79.7800208808368,2.99690684803811,90.091056408588,0.34712967686978,0,0,100,5,250,0.0505050505050505,1
Clustered,15,20290939,5,RRA,1,NaN,73.6202924787735,2.7655189388049,105.504859678124,0.404238858159387,0,0,100,5,250,0.0505050505050505,1
Clustered,15,20290939,6,GURA,1,9.63069609127842e-06,79.9709640247268,3.00407955630757,90.1286033174347,0.347488607890011,0,0,100,6,300,0.0606060606060606,1
Clustered,15,20290939,6,GRA,1,8.409040288701e-07,79.9700638612399,3.00404574200057,90.1312605159228,0.34749984177446,0,0,100,6,300,0.0606060606060606,1
Clustered,15,20290939,6,RRA,1,NaN,73.9676795021747,2.77856840329308,103.319232408965,0.396030691159481,0,0,100,6,300,0.0606060606060606,1
Clustered,15,20290939,7,GURA,1,9.75066734554275e-06,80.0286182895648,3.00624531734904,90.0981915095771,0.347363440330641,0,0,100,7,350,0.0707070707070707,1
Clustered,15,20290939,7,GRA,1,4.98800572346704e-07,80.0274731939172,3.00620230225642,90.0998350491411,0.347370112694783,0,0,100,7,350,0.0707070707070707,1
Clustered,15,20290939,7,RRA,1,NaN,73.8001808785658,2.7722763797189,103.735435332829,0.397512400452552,0,0,100,7,350,0.0707070707070707,1
Clustered,15,20290939,8,GURA,1,9.89858152422585e-06,80.1345800659752,3.01022573211766,90.1545155132755,0.347654340693917,0,0,100,8,400,0.0808080808080808,1
Clustered,15,20290939,8,GRA,1,8.88093876151748e-07,80.1331369257331,3.01017152109056,90.157395176073,0.34766537930654,0,0,100,8,400,0.0808080808080808,1
Clustered,15,20290939,8,RRA,1,NaN,74.3487554445211,2.79288337950682,95.5804819838363,0.365240785431373,0,0,100,8,400,0.0808080808080808,1
Clustered,15,20290939,9,GURA,1,5.55347619624058e-06,81.4483601660823,3.05957739354061,88.3580921115286,0.340548652537169,0,0,100,9,450,0.0909090909090909,1
Clustered,15,20290939,9,GRA,1,9.47545700300868e-07,81.4471703176858,3.0595326973276,88.3620902061239,0.340565300630148,0,0,100,9,450,0.0909090909090909,1
Clustered,15,20290939,9,RRA,1,NaN,74.4073930789825,2.79508608046289,95.3237841027245,0.364314910573675,0,0,100,9,450,0.0909090909090909,1
Clustered,15,20290939,10,GURA,1,6.50822475378732e-06,82.2067532557208,3.08806614822817,87.3795606951461,0.336717567109449,0,0,100,10,500,0.101010101010101,1
Clustered,15,20290939,10,GRA,1,8.64195061296106e-07,82.2056872839586,3.0880261053949,87.3837602221505,0.33673531912515,0,0,100,10,500,0.101010101010101,1
Clustered,15,20290939,10,RRA,1,NaN,74.2581686418288,2.78948051991449,95.3075986727021,0.364163497605144,0,0,100,10,500,0.101010101010101,1
Clustered,15,20290939,11,GURA,1,8.97294808765992e-06,82.6772321923854,3.10573951471242,86.8132691452184,0.334500572570882,0,0,100,11,550,0.111111111111111,1
Clustered,15,20290939,11,GRA,1,5.72863042630858e-07,82.6767138414074,3.10572004305048,86.8137732365239,0.334502150388756,0,0,100,11,550,0.111111111111111,1
Clustered,15,20290939,11,RRA,1,NaN,74.3488212986068,2.79288585329108,94.9731400570715,0.362901877030155,0,0,100,11,550,0.111111111111111,1
Clustered,15,20290939,12,GURA,1,9.92014308209832e-06,83.0486374620681,3.11969121569996,86.4511821285206,0.333155318677851,0,0,100,12,600,0.121212121212121,1
Clustered,15,20290939,12,GRA,1,5.98989586265671e-07,83.048258885435,3.11967699460937,86.4513125504821,0.333155999986233,0,0,100,12,600,0.121212121212121,1
Clustered,15,20290939,12,RRA,1,NaN,74.426780803157,2.79581437311944,94.7532781294151,0.362167405729675,0,0,100,12,600,0.121212121212121,1
Clustered,15,20290939,13,GURA,1,9.98583891131943e-06,83.3058974399983,3.12935509120504,86.1896284163463,0.332144798003385,0,0,100,13,650,0.131313131313131,1
Clustered,15,20290939,13,GRA,1,6.96312379511643e-07,83.3057535885914,3.12934968748038,86.1878368017041,0.332135742044369,0,0,100,13,650,0.131313131313131,1
Clustered,15,20290939,13,RRA,1,NaN,74.6368103056167,2.80370405335845,94.3696377523551,0.360670031908029,0,0,100,13,650,0.131313131313131,1
Clustered,16,20290940,4,GURA,1,9.86785265055801e-06,78.772278706876,2.98473437973613,89.7073519768556,0.347729908947245,0,0,100,4,200,0.0404040404040404,1
Clustered,16,20290940,4,GRA,1,3.03366223997556e-07,78.7722128389797,2.98473188395744,89.7075905350495,0.347730904909954,0,0,100,4,200,0.0404040404040404,1
Clustered,16,20290940,4,RRA,1,NaN,72.5593656578292,2.74932294464479,103.350980751399,0.398044304430325,0,0,100,4,200,0.0404040404040404,1
Clustered,16,20290940,5,GURA,1,9.8201646601126e-06,78.9165458849023,2.99020075970116,89.5872132213522,0.347257209630652,0,0,100,5,250,0.0505050505050505,1
Clustered,16,20290940,5,GRA,1,8.10805797791733e-07,78.9159814391292,2.99017937247291,89.5880732193175,0.3472606911795,0,0,100,5,250,0.0505050505050505,1
Clustered,16,20290940,5,RRA,1,NaN,73.202866243959,2.77370561268908,101.802009737504,0.392138983519574,0,0,100,5,250,0.0505050505050505,1
Clustered,16,20290940,6,GURA,1,9.97700972149573e-06,79.0068859386265,2.99362380482115,89.5412155378424,0.3470988321929,0,0,100,6,300,0.0606060606060606,1
Clustered,16,20290940,6,GRA,1,9.38789001436854e-07,79.0059876451049,2.99358976787819,89.5433072450672,0.347107591144924,0,0,100,6,300,0.0606060606060606,1
Clustered,16,20290940,6,RRA,1,NaN,73.491014098144,2.78462372780459,98.2426914808963,0.37778860898568,0,0,100,6,300,0.0606060606060606,1
Clustered,16,20290940,7,GURA,1,9.76038500510867e-06,79.085544010003,2.99660421180867,89.5390623713189,0.347144010107716,0,0,100,7,350,0.0707070707070707,1
Clustered,16,20290940,7,GRA,1,6.49630335738006e-07,79.0844694495958,2.9965634959954,89.5403239697907,0.347148434077609,0,0,100,7,350,0.0707070707070707,1
Clustered,16,20290940,7,RRA,1,NaN,73.4049739876611,2.78136361041291,98.49824692161,0.378550302336523,0,0,100,7,350,0.0707070707070707,1
Clustered,16,20290940,8,GURA,1,9.96489354676555e-06,79.1737574050196,2.99994667640639,89.5585522502994,0.347294373765914,0,0,100,8,400,0.0808080808080808,1
Clustered,16,20290940,8,GRA,1,9.20207029714577e-07,79.172590605121,2.99990246557704,89.5613539366944,0.347304834536913,0,0,100,8,400,0.0808080808080808,1
Clustered,16,20290940,8,RRA,1,NaN,73.9256313488644,2.80109166641887,94.9823740982692,0.365234036613302,0,0,100,8,400,0.0808080808080808,1
Clustered,16,20290940,9,GURA,1,9.20835147510957e-06,80.3278217118982,3.04367494566193,88.0727129054193,0.341389931031596,0,0,100,9,450,0.0909090909090909,1
Clustered,16,20290940,9,GRA,1,8.81002995267945e-07,80.3262081397222,3.04361380633187,88.0752805769917,0.341399790662516,0,0,100,9,450,0.0909090909090909,1
Clustered,16,20290940,9,RRA,1,NaN,73.9272287363154,2.80115219249887,94.7742071358689,0.364497392153592,0,0,100,9,450,0.0909090909090909,1
Clustered,16,20290940,10,GURA,1,9.64990635665686e-06,80.9421599705868,3.06695263359474,87.2635127492732,0.338150645351342,0,0,100,10,500,0.101010101010101,1
Clustered,16,20290940,10,GRA,1,9.93582480176528e-07,80.9407223450559,3.06689816100086,87.2674193537655,0.338167014794363,0,0,100,10,500,0.101010101010101,1
Clustered,16,20290940,10,RRA,1,NaN,73.8321236104724,2.79754859560599,94.6623485335709,0.364182026895646,0,0,100,10,500,0.101010101010101,1
Clustered,16,20290940,11,GURA,1,8.91589330009879e-06,81.4884698974063,3.08765268248678,86.5524819609172,0.335366103717181,0,0,100,11,550,0.111111111111111,1
Clustered,16,20290940,11,GRA,1,5.4517784276611e-07,81.487866205942,3.08762980821301,86.5545595589568,0.335374781095846,0,0,100,11,550,0.111111111111111,1
Clustered,16,20290940,11,RRA,1,NaN,74.0237918167978,2.80481103226916,94.2462273833886,0.362723068356765,0,0,100,11,550,0.111111111111111,1
Clustered,16,20290940,12,GURA,1,6.46948484472887e-06,81.8803983132472,3.10250311256649,86.1368855823603,0.333763055059615,0,0,100,12,600,0.121212121212121,1
Clustered,16,20290940,12,GRA,1,3.68352358005343e-07,81.8797970074915,3.10248032868882,86.1376670861043,0.333765554419133,0,0,100,12,600,0.121212121212121,1
Clustered,16,20290940,12,RRA,1,NaN,74.0594213988911,2.80616106098935,94.2265038962739,0.362703757605528,0,0,100,12,600,0.121212121212121,1
Clustered,16,20290940,13,GURA,1,6.89336132353446e-06,82.1101450467296,3.11120837011792,85.9135802949787,0.332937759629852,0,0,100,13,650,0.131313131313131,1
Clustered,16,20290940,13,GRA,1,9.27883362109548e-07,82.1094305958938,3.11118129909742,85.9128533733006,0.332931483990957,0,0,100,13,650,0.131313131313131,1
Clustered,16,20290940,13,RRA,1,NaN,74.2082712837176,2.81180108278325,94.068475216906,0.36221415673772,0,0,100,13,650,0.131313131313131,1
Clustered,17,20290941,4,GURA,1,8.45645605807022e-06,79.8201474753659,2.98151199059643,91.4175861153202,0.348667560390374,0,0,100,4,200,0.0404040404040404,1
Clustered,17,20290941,4,GRA,1,8.39222519705071e-07,79.8200602645631,2.98150873302222,91.4176783670925,0.348667944855979,0,0,100,4,200,0.0404040404040404,1
Clustered,17,20290941,4,RRA,1,NaN,72.9589517736386,2.72522660524504,133.376823011811,0.484672312187835,0,0,100,4,200,0.0404040404040404,1
Clustered,17,20290941,5,GURA,1,9.78153135022808e-06,79.9893244878274,2.98783123839465,91.292035143646,0.34820073244317,0,0,100,5,250,0.0505050505050505,1
Clustered,17,20290941,5,GRA,1,9.69552587004119e-07,79.988469712526,2.98779931007967,91.2929600762214,0.348204650188675,0,0,100,5,250,0.0505050505050505,1
Clustered,17,20290941,5,RRA,1,NaN,73.6136075920278,2.74967988219299,146.94828718004,0.527903109466229,0,0,100,5,250,0.0505050505050505,1
Clustered,17,20290941,6,GURA,1,9.07159362739662e-06,80.2194247187693,2.99642614355696,91.07118673411,0.347604740288048,0,0,100,6,300,0.0606060606060606,1
Clustered,17,20290941,6,GRA,1,7.14789343335805e-07,80.218548369952,2.99639340940913,91.0726952467066,0.347610258968454,0,0,100,6,300,0.0606060606060606,1
Clustered,17,20290941,6,RRA,1,NaN,74.4343352740256,2.78033642070222,99.3785960352824,0.375337557057485,0,0,100,6,300,0.0606060606060606,1
Clustered,17,20290941,7,GURA,1,9.70058566807097e-06,80.281788507265,2.99875561035275,91.0958512011996,0.347744391669533,0,0,100,7,350,0.0707070707070707,1
Clustered,17,20290941,7,GRA,1,4.07574258064533e-07,80.2808181987797,2.99871936654119,91.0968797768163,0.347748667723088,0,0,100,7,350,0.0707070707070707,1
Clustered,17,20290941,7,RRA,1,NaN,74.1954992235164,2.77141520756365,99.6852032505421,0.376323278782636,0,0,100,7,350,0.0707070707070707,1
Clustered,17,20290941,8,GURA,1,9.76959395160293e-06,80.3481102874817,3.00123291951852,91.1531941059903,0.348049306063638,0,0,100,8,400,0.0808080808080808,1
Clustered,17,20290941,8,GRA,1,9.57251735687254e-07,80.3468842506287,3.00118712351721,91.1557830333915,0.348059638807707,0,0,100,8,400,0.0808080808080808,1
Clustered,17,20290941,8,RRA,1,NaN,74.7744180516535,2.79303949018234,97.221681909135,0.367540784082488,0,0,100,8,400,0.0808080808080808,1
Clustered,17,20290941,9,GURA,1,9.96408761722023e-06,81.6447702404864,3.04966689665196,89.2689945879124,0.340618274961985,0,0,100,9,450,0.0909090909090909,1
Clustered,17,20290941,9,GRA,1,7.35928122120146e-07,81.6438404730632,3.04963216716563,89.2706193727974,0.340623800802359,0,0,100,9,450,0.0909090909090909,1
Clustered,17,20290941,9,RRA,1,NaN,74.8101741031383,2.79437508150371,97.1798972104533,0.367472105017877,0,0,100,9,450,0.0909090909090909,1
Clustered,17,20290941,10,GURA,1,8.48383566776079e-06,82.2784508177845,3.07333668804148,88.5858569327939,0.338059340074574,0,0,100,10,500,0.101010101010101,1
Clustered,17,20290941,10,GRA,1,9.11641284972965e-07,82.2779277288385,3.07331714916546,88.5877518136648,0.338067552433061,0,0,100,10,500,0.101010101010101,1
Clustered,17,20290941,10,RRA,1,NaN,74.7408418257279,2.79178532161259,96.9602131773179,0.366924170850964,0,0,100,10,500,0.101010101010101,1
Clustered,17,20290941,11,GURA,1,8.50653256634359e-06,82.8113434012791,3.09324175809762,87.8965018014633,0.335358121600093,0,0,100,11,550,0.111111111111111,1
Clustered,17,20290941,11,GRA,1,6.37685183194905e-07,82.8107400399444,3.09321922081711,87.8962690445585,0.33535671343232,0,0,100,11,550,0.111111111111111,1
Clustered,17,20290941,11,RRA,1,NaN,74.9086125457349,2.79805204034455,96.6926102282695,0.365957075109842,0,0,100,11,550,0.111111111111111,1
Clustered,17,20290941,12,GURA,1,8.75102521646909e-06,83.4530484361216,3.11721128604668,87.1799862004328,0.332609000355123,0,0,100,12,600,0.121212121212121,1
Clustered,17,20290941,12,GRA,1,3.60823445525719e-07,83.4528447749718,3.11720367871721,87.1800348548543,0.332609076323306,0,0,100,12,600,0.121212121212121,1
Clustered,17,20290941,12,RRA,1,NaN,75.0362536203729,2.80281980144952,96.2563101070837,0.364224734396841,0,0,100,12,600,0.121212121212121,1
Clustered,17,20290941,13,GURA,1,9.35476034058524e-06,83.6284547660364,3.12376321676103,87.0371726456258,0.332091332526466,0,0,100,13,650,0.131313131313131,1
Clustered,17,20290941,13,GRA,1,6.17084761906459e-07,83.6281043059499,3.12375012606923,87.0369584870759,0.332090205332732,0,0,100,13,650,0.131313131313131,1
Clustered,17,20290941,13,RRA,1,NaN,75.1449865246889,2.8068812880321,95.9943791156569,0.363406245328172,0,0,100,13,650,0.131313131313131,1
Clustered,18,20290942,4,GURA,1,9.03161379639528e-06,78.0695552009405,2.97200545909632,89.9323269957297,0.347661820464564,0,0,100,4,200,0.0404040404040404,1
Clustered,18,20290942,4,GRA,1,1.99714386201193e-07,78.069385413825,2.97199899552377,89.9328155250699,0.347663853788744,0,0,100,4,200,0.0404040404040404,1
Clustered,18,20290942,4,RRA,1,NaN,72.2718690527112,2.75129515994943,104.8012909379,0.403606759122927,0,0,100,4,200,0.0404040404040404,1
Clustered,18,20290942,5,GURA,1,9.9356186566979e-06,78.2742242023826,2.97979693924538,89.7387274156915,0.347078081664598,0,0,100,5,250,0.0505050505050505,1
Clustered,18,20290942,5,GRA,1,5.41400838878205e-07,78.2737854218544,2.9797802354468,89.7403030185066,0.347084761957222,0,0,100,5,250,0.0505050505050505,1
Clustered,18,20290942,5,RRA,1,NaN,72.8546697946225,2.77348161896111,101.029024565805,0.391174807310857,0,0,100,5,250,0.0505050505050505,1
Clustered,18,20290942,6,GURA,1,9.57608425977696e-06,78.4033180770025,2.98471137354846,89.7315701762893,0.347155695515516,0,0,100,6,300,0.0606060606060606,1
Clustered,18,20290942,6,GRA,1,8.37139504140287e-07,78.4026697086657,2.98468669101721,89.7325983994641,0.347159745602959,0,0,100,6,300,0.0606060606060606,1
Clustered,18,20290942,6,RRA,1,NaN,73.3831330609333,2.79359952162323,97.0013676779093,0.374002898424998,0,0,100,6,300,0.0606060606060606,1
Clustered,18,20290942,7,GURA,1,9.96960234189714e-06,78.4663139940583,2.98710954539546,89.6793722146338,0.346976887871338,0,0,100,7,350,0.0707070707070707,1
Clustered,18,20290942,7,GRA,1,8.33331230957915e-07,78.4646162895707,2.98704491601475,89.6829458870164,0.346991661256218,0,0,100,7,350,0.0707070707070707,1
Clustered,18,20290942,7,RRA,1,NaN,73.2139210005776,2.78715784066542,96.3973862356667,0.371584066679089,0,0,100,7,350,0.0707070707070707,1
Clustered,18,20290942,8,GURA,1,9.93750742495081e-06,78.5347994771371,2.98971669781301,89.6502288910681,0.346901922293417,0,0,100,8,400,0.0808080808080808,1
Clustered,18,20290942,8,GRA,1,9.41149074970213e-07,78.5336578437344,2.98967323732836,89.6531404709419,0.346914157094745,0,0,100,8,400,0.0808080808080808,1
Clustered,18,20290942,8,RRA,1,NaN,73.6490643380737,2.80372317616912,93.9811911416975,0.361475287014521,0,0,100,8,400,0.0808080808080808,1
Clustered,18,20290942,9,GURA,1,9.90647239262898e-06,79.7168833664771,3.03471707937258,88.0698323717527,0.340718892240921,0,0,100,9,450,0.0909090909090909,1
Clustered,18,20290942,9,GRA,1,9.61115193409099e-07,79.7162894593787,3.03469447010916,88.0718723092675,0.340727518328792,0,0,100,9,450,0.0909090909090909,1
Clustered,18,20290942,9,RRA,1,NaN,73.6793530845505,2.80487622897756,93.9959730186127,0.361581781974005,0,0,100,9,450,0.0909090909090909,1
Clustered,18,20290942,10,GURA,1,9.30079243133264e-06,80.4645213566163,3.0631786759886,87.1113878072182,0.336904406149505,0,0,100,10,500,0.101010101010101,1
Clustered,18,20290942,10,GRA,1,8.82413485955988e-07,80.4641241503717,3.06316355486841,87.1112134623846,0.33690381226305,0,0,100,10,500,0.101010101010101,1
Clustered,18,20290942,10,RRA,1,NaN,73.5917488892605,2.80154125228951,93.8143964237509,0.360773440975736,0,0,100,10,500,0.101010101010101,1
Clustered,18,20290942,11,GURA,1,8.78887052024879e-06,80.8435665225677,3.07760842775998,86.7178777830859,0.335377481911581,0,0,100,11,550,0.111111111111111,1
Clustered,18,20290942,11,GRA,1,8.30159798673976e-07,80.8431392341413,3.07759216145063,86.7181916195269,0.335379810388163,0,0,100,11,550,0.111111111111111,1
Clustered,18,20290942,11,RRA,1,NaN,73.681372222231,2.80495309489787,93.5646129543272,0.359784298119435,0,0,100,11,550,0.111111111111111,1
Clustered,18,20290942,12,GURA,1,9.77791059852962e-06,81.4260670245251,3.09978345703084,85.9762560922768,0.332421031200724,0,0,100,12,600,0.121212121212121,1
Clustered,18,20290942,12,GRA,1,3.89447651106991e-07,81.4260529624439,3.09978292170588,85.9762296806753,0.332420956205413,0,0,100,12,600,0.121212121212121,1
Clustered,18,20290942,12,RRA,1,NaN,73.693701009473,2.80542243564015,93.4647505385238,0.35934688548107,0,0,100,12,600,0.121212121212121,1
Clustered,18,20290942,13,GURA,1,8.48406023479242e-06,81.6073037108441,3.10668289971042,85.8568917262049,0.331995922093767,0,0,100,13,650,0.131313131313131,1
Clustered,18,20290942,13,GRA,1,1.35574729539701e-07,81.6072539197605,3.10668100422924,85.8569629045695,0.331996201500261,0,0,100,13,650,0.131313131313131,1
Clustered,18,20290942,13,RRA,1,NaN,73.7494457249584,2.80754456376439,93.2575156085041,0.358593854281366,0,0,100,13,650,0.131313131313131,1
Clustered,19,20290943,4,GURA,1,9.07056140775353e-06,77.4629912553354,2.99378832194143,89.4485565932147,0.346121266283914,0,0,100,4,200,0.0404040404040404,1
Clustered,19,20290943,4,GRA,1,1.91406954197824e-07,77.4628644576344,2.99378342146612,89.4489023560957,0.34612272908741,0,0,100,4,200,0.0404040404040404,1
Clustered,19,20290943,4,RRA,1,NaN,70.8917132435714,2.73982168506057,100.592822538905,0.386870724522474,0,0,100,4,200,0.0404040404040404,1
Clustered,19,20290943,5,GURA,1,9.73426036665614e-06,77.6550359033485,3.00121046011601,89.2449331564055,0.34534920128708,0,0,100,5,250,0.0505050505050505,1
Clustered,19,20290943,5,GRA,1,4.97819607894272e-07,77.6545963596099,3.00119347263734,89.245428228355,0.345351129344343,0,0,100,5,250,0.0505050505050505,1
Clustered,19,20290943,5,RRA,1,NaN,71.9014421150037,2.77884566870273,97.9422100813258,0.37683790826584,0,0,100,5,250,0.0505050505050505,1
Clustered,19,20290943,6,GURA,1,9.99559809500283e-06,77.8068495468587,3.00707775113701,89.1571520639781,0.345091225393391,0,0,100,6,300,0.0606060606060606,1
Clustered,19,20290943,6,GRA,1,6.20922565655927e-07,77.8057970009501,3.00703707236127,89.1584781192041,0.345096448281459,0,0,100,6,300,0.0606060606060606,1
Clustered,19,20290943,6,RRA,1,NaN,72.4982350934191,2.80191051322322,95.9537739811755,0.369346217340485,0,0,100,6,300,0.0606060606060606,1
Clustered,19,20290943,7,GURA,1,9.98003351071475e-06,77.8741545879823,3.00967895518114,89.0861824205075,0.344839155242835,0,0,100,7,350,0.0707070707070707,1
Clustered,19,20290943,7,GRA,1,6.14416062042178e-07,77.8731518357543,3.00964020083069,89.0880464394516,0.344846365105539,0,0,100,7,350,0.0707070707070707,1
Clustered,19,20290943,7,RRA,1,NaN,72.4949089944726,2.80178196620971,95.7283435748654,0.368489048617741,0,0,100,7,350,0.0707070707070707,1
Clustered,19,20290943,8,GURA,1,9.97977224415081e-06,77.9031438806653,3.01079933285426,89.0715493231085,0.344796237705259,0,0,100,8,400,0.0808080808080808,1
Clustered,19,20290943,8,GRA,1,4.8927062111463e-07,77.9024227907632,3.01077146418442,89.0730558876292,0.344801690991156,0,0,100,8,400,0.0808080808080808,1
Clustered,19,20290943,8,RRA,1,NaN,72.7843954260376,2.81297003271908,94.6134377281884,0.363806023010646,0,0,100,8,400,0.0808080808080808,1
Clustered,19,20290943,9,GURA,1,9.61801666221618e-06,79.1753619183637,3.05996799317193,87.3184026220298,0.337794867906211,0,0,100,9,450,0.0909090909090909,1
Clustered,19,20290943,9,GRA,1,4.70959092768588e-07,79.1747073445587,3.05994269521505,87.320735176314,0.337804188890706,0,0,100,9,450,0.0909090909090909,1
Clustered,19,20290943,9,RRA,1,NaN,72.7028983625644,2.8098203356451,94.75741907796,0.364151494966365,0,0,100,9,450,0.0909090909090909,1
Clustered,19,20290943,10,GURA,1,9.73342532972765e-06,79.7831490247021,3.08345773855479,86.5625368358122,0.334822714802433,0,0,100,10,500,0.101010101010101,1
Clustered,19,20290943,10,GRA,1,5.13370176248053e-07,79.7828595713888,3.08344655176824,86.5634046787568,0.334826444691168,0,0,100,10,500,0.101010101010101,1
Clustered,19,20290943,10,RRA,1,NaN,72.5642471972203,2.80446174784848,95.2093340731766,0.365829102853082,0,0,100,10,500,0.101010101010101,1
Clustered,19,20290943,11,GURA,1,9.41668549359065e-06,80.4164483021394,3.10793347787702,85.7885266649059,0.33175220418702,0,0,100,11,550,0.111111111111111,1
Clustered,19,20290943,11,GRA,1,4.88842650243169e-07,80.4163461872083,3.10792953134097,85.7876912494389,0.331749684414877,0,0,100,11,550,0.111111111111111,1
Clustered,19,20290943,11,RRA,1,NaN,72.6461005092174,2.80762521320914,94.6488724419461,0.363444163306617,0,0,100,11,550,0.111111111111111,1
Clustered,19,20290943,12,GURA,1,8.88400107257326e-06,80.6792937934268,3.11809192579568,85.5182191867505,0.33075259926237,0,0,100,12,600,0.121212121212121,1
Clustered,19,20290943,12,GRA,1,8.16140831902211e-07,80.6791369898302,3.11808586565304,85.5181951621778,0.330752611144123,0,0,100,12,600,0.121212121212121,1
Clustered,19,20290943,12,RRA,1,NaN,72.6677426625294,2.80846163876923,94.263158745054,0.361942399979527,0,0,100,12,600,0.121212121212121,1
Clustered,19,20290943,13,GURA,1,9.86331983199307e-06,81.0162871398555,3.13111603871413,85.2432904444618,0.329771625714934,0,0,100,13,650,0.131313131313131,1
Clustered,19,20290943,13,GRA,1,8.76900029599754e-07,81.0160333158535,3.13110622892857,85.243766240231,0.329773732604129,0,0,100,13,650,0.131313131313131,1
Clustered,19,20290943,13,RRA,1,NaN,72.6974852422488,2.80961112946647,94.1521678398553,0.361498213784969,0,0,100,13,650,0.131313131313131,1
Clustered,20,20290944,4,GURA,1,7.50040091901383e-06,81.1459314087702,2.99669792409617,93.0824755330132,0.345138507264601,0,0,100,4,200,0.0404040404040404,1
Clustered,20,20290944,4,GRA,1,9.7804425213565e-07,81.1456740016,2.99668841811701,93.0828804043273,0.345139743434265,0,0,100,4,200,0.0404040404040404,1
Clustered,20,20290944,4,RRA,1,NaN,74.2454364683219,2.7418644591981,107.324826578923,0.395129871590874,0,0,100,4,200,0.0404040404040404,1
Clustered,20,20290944,5,GURA,1,9.90319052007749e-06,81.2768046679145,3.00153103916662,92.9413087546239,0.344659003905,0,0,100,5,250,0.0505050505050505,1
Clustered,20,20290944,5,GRA,1,2.01856387113656e-07,81.2765888259596,3.00152306817994,92.9415696680653,0.344659914089617,0,0,100,5,250,0.0505050505050505,1
Clustered,20,20290944,5,RRA,1,NaN,75.1667818459673,2.77588950189134,103.692570632309,0.381525354518481,0,0,100,5,250,0.0505050505050505,1
Clustered,20,20290944,6,GURA,1,9.98411440988889e-06,81.4376127351086,3.00746963883234,92.9782085585249,0.344869432404886,0,0,100,6,300,0.0606060606060606,1
Clustered,20,20290944,6,GRA,1,3.31773099525594e-07,81.436908710255,3.00744363937949,92.9800310327089,0.344876548908959,0,0,100,6,300,0.0606060606060606,1
Clustered,20,20290944,6,RRA,1,NaN,75.6230190877573,2.79273822334454,100.199005077749,0.368066966879108,0,0,100,6,300,0.0606060606060606,1
Clustered,20,20290944,7,GURA,1,9.94237835172385e-06,81.5153140267065,3.01033912711337,92.9557274415356,0.344822756626966,0,0,100,7,350,0.0707070707070707,1
Clustered,20,20290944,7,GRA,1,6.05752083528984e-07,81.5144751047189,3.01030814594481,92.9569791403189,0.344826852329446,0,0,100,7,350,0.0707070707070707,1
Clustered,20,20290944,7,RRA,1,NaN,75.4683396208102,2.78702595127553,100.060127634391,0.367549062303672,0,0,100,7,350,0.0707070707070707,1
Clustered,20,20290944,8,GURA,1,9.9014059600222e-06,81.6285807464385,3.01452203730982,92.9478754788827,0.344868206150252,0,0,100,8,400,0.0808080808080808,1
Clustered,20,20290944,8,GRA,1,7.68277201066033e-07,81.6274502070313,3.01448028678658,92.9498600350086,0.344875427390575,0,0,100,8,400,0.0808080808080808,1
Clustered,20,20290944,8,RRA,1,NaN,76.0898774307802,2.80997917927536,98.6646778397276,0.362653808212779,0,0,100,8,400,0.0808080808080808,1
Clustered,20,20290944,9,GURA,1,8.59327711921765e-06,82.674651130433,3.05315314171336,91.4832439204182,0.339263951938689,0,0,100,9,450,0.0909090909090909,1
Clustered,20,20290944,9,GRA,1,9.38643873870991e-07,82.6741680851341,3.0531353029774,91.4833708925191,0.339263992283666,0,0,100,9,450,0.0909090909090909,1
Clustered,20,20290944,9,RRA,1,NaN,76.0513095473101,2.80855487747335,98.714308667594,0.362814010456732,0,0,100,9,450,0.0909090909090909,1
Clustered,20,20290944,10,GURA,1,9.35131732049399e-06,83.4168551210749,3.08056254005778,90.6220627235596,0.336043699878249,0,0,100,10,500,0.101010101010101,1
Clustered,20,20290944,10,GRA,1,7.53073730717346e-07,83.4163565953058,3.08054412963213,90.622569543314,0.336045682617868,0,0,100,10,500,0.101010101010101,1
Clustered,20,20290944,10,RRA,1,NaN,76.0158060218662,2.80724374160802,98.2618666611347,0.361339438269182,0,0,100,10,500,0.101010101010101,1
Clustered,20,20290944,11,GURA,1,8.61568957688519e-06,84.1489751154946,3.10759953907151,89.7651517740424,0.332873732788469,0,0,100,11,550,0.111111111111111,1
Clustered,20,20290944,11,GRA,1,5.97698991422e-07,84.148112767698,3.10756769279398,89.7664376476667,0.332878977548604,0,0,100,11,550,0.111111111111111,1
Clustered,20,20290944,11,RRA,1,NaN,76.063295378937,2.80899751108579,98.0801750205525,0.360816448906897,0,0,100,11,550,0.111111111111111,1
Clustered,20,20290944,12,GURA,1,9.82285089889956e-06,84.4805908467741,3.11984602088854,89.3656835981319,0.331345071939748,0,0,100,12,600,0.121212121212121,1
Clustered,20,20290944,12,GRA,1,6.65897763632078e-07,84.4796284035798,3.11981047811427,89.3673064237267,0.331350823264148,0,0,100,12,600,0.121212121212121,1
Clustered,20,20290944,12,RRA,1,NaN,75.9976902180615,2.80657472973382,98.0885127752751,0.360735183877036,0,0,100,12,600,0.121212121212121,1
Clustered,20,20290944,13,GURA,1,9.21771124851034e-06,84.7675531293237,3.13044346257761,89.070563649398,0.330271304601582,0,0,100,13,650,0.131313131313131,1
Clustered,20,20290944,13,GRA,1,5.97600708680507e-07,84.7670590451429,3.13042521617864,89.0711881913719,0.330272851269298,0,0,100,13,650,0.131313131313131,1
Clustered,20,20290944,13,RRA,1,NaN,76.1304691241773,2.81147821984618,97.6914627427543,0.359367251702562,0,0,100,13,650,0.131313131313131,1
Disconnected,1,20300925,4,GURA,1,9.34458353185619e-06,81.6191094019097,2.99841196220702,93.3141101044711,0.345950532427986,0,0,100,4,200,0.0404040404040404,4
Disconnected,1,20300925,4,GRA,1,5.95650702794968e-07,81.6187504929561,2.99839877709746,93.3148863405622,0.345953628693325,0,0,100,4,200,0.0404040404040404,4
Disconnected,1,20300925,4,RRA,1,NaN,74.9201863061759,2.75231602595704,115.177750153599,0.431206889035209,0,0,100,4,200,0.0404040404040404,4
Disconnected,1,20300925,5,GURA,1,9.79043902304966e-06,81.8211279762802,3.0058334461514,93.2225298415065,0.345713003225921,0,0,100,5,250,0.0505050505050505,4
Disconnected,1,20300925,5,GRA,1,6.12664276905604e-07,81.8205334851354,3.00581160654333,93.2229586316696,0.345715383056071,0,0,100,5,250,0.0505050505050505,4
Disconnected,1,20300925,5,RRA,1,NaN,75.5901011264522,2.77692644654966,102.954032686245,0.379008063728195,0,0,100,5,250,0.0505050505050505,4
Disconnected,1,20300925,6,GURA,1,9.89736471268543e-06,81.9149446531085,3.0092799557754,93.1662946744727,0.345548650916284,0,0,100,6,300,0.0606060606060606,4
Disconnected,1,20300925,6,GRA,1,4.4366297107418e-07,81.9143713335647,3.00925889394085,93.1673693456273,0.345552950470816,0,0,100,6,300,0.0606060606060606,4
Disconnected,1,20300925,6,RRA,1,NaN,75.9349593804951,2.78959538059911,100.580676182601,0.37002234258899,0,0,100,6,300,0.0606060606060606,4
Disconnected,1,20300925,7,GURA,1,9.33358899501968e-06,82.0562313360295,3.01447035399556,92.9933022790356,0.344910903778451,0,0,100,7,350,0.0707070707070707,4
Disconnected,1,20300925,7,GRA,1,4.07487655601404e-07,82.0554652952171,3.01444221222886,92.9940900828023,0.3449135961218,0,0,100,7,350,0.0707070707070707,4
Disconnected,1,20300925,7,RRA,1,NaN,75.8535053111363,2.7866030316538,101.174334622441,0.372724627708044,0,0,100,7,350,0.0707070707070707,4
Disconnected,1,20300925,8,GURA,1,9.20424847450363e-06,83.3944013326712,3.06363022543742,90.9337603786339,0.337045571162474,0,0,100,8,400,0.0808080808080808,4
Disconnected,1,20300925,8,GRA,1,6.57636075712003e-07,83.3936285853583,3.06360183729642,90.9359937430287,0.337054411734988,0,0,100,8,400,0.0808080808080808,4
Disconnected,1,20300925,8,RRA,1,NaN,76.1362750041854,2.79699104049635,99.4152002864615,0.366255191636798,0,0,100,8,400,0.0808080808080808,4
Disconnected,1,20300925,9,GURA,1,9.5056622697598e-06,83.8139052975236,3.07904139220491,90.2430669068251,0.334359065708365,0,0,100,9,450,0.0909090909090909,4
Disconnected,1,20300925,9,GRA,1,5.3629812669708e-07,83.813283862501,3.07901856276926,90.2436607849906,0.334361401679329,0,0,100,9,450,0.0909090909090909,4
Disconnected,1,20300925,9,RRA,1,NaN,75.8616321371748,2.78690158394856,99.5345241215189,0.366461120111545,0,0,100,9,450,0.0909090909090909,4
Disconnected,1,20300925,10,GURA,1,7.02640220495709e-06,84.0945963859392,3.0893530400942,89.9419846717387,0.333231572898608,0,0,100,10,500,0.101010101010101,4
Disconnected,1,20300925,10,GRA,1,5.34847680865793e-07,84.0943027513449,3.08934225294538,89.9417773219678,0.333231195231801,0,0,100,10,500,0.101010101010101,4
Disconnected,1,20300925,10,RRA,1,NaN,75.6122603518538,2.7777405020693,99.8356152884636,0.367567238320112,0,0,100,10,500,0.101010101010101,4
Disconnected,1,20300925,11,GURA,1,9.70721643511752e-06,84.6662420023289,3.11035338017248,89.329828432455,0.330959625620109,0,0,100,11,550,0.111111111111111,4
Disconnected,1,20300925,11,GRA,1,8.13616726615747e-07,84.6658326969295,3.11033834366676,89.3309310181298,0.33096457637949,0,0,100,11,550,0.111111111111111,4
Disconnected,1,20300925,11,RRA,1,NaN,75.8411041219128,2.78614745361104,99.2276394516502,0.365417014016486,0,0,100,11,550,0.111111111111111,4
Disconnected,1,20300925,12,GURA,1,9.74285146426723e-06,85.0360042971091,3.12393720503858,88.9758173353691,0.32970507217744,0,0,100,12,600,0.121212121212121,4
Disconnected,1,20300925,12,GRA,1,3.45519123024212e-07,85.0359352357691,3.12393466795688,88.9767768763514,0.329708734642553,0,0,100,12,600,0.121212121212121,4
Disconnected,1,20300925,12,RRA,1,NaN,75.9809174192714,2.79128372459399,98.6799400719507,0.363361370270496,0,0,100,12,600,0.121212121212121,4
Disconnected,1,20300925,13,GURA,1,7.03955555536595e-06,85.3734784429782,3.1363348717532,88.6552282104437,0.328560050986382,0,0,100,13,650,0.131313131313131,4
Disconnected,1,20300925,13,GRA,1,9.54537816666869e-07,85.3731940143339,3.13632442280006,88.6542553534278,0.328555293222882,0,0,100,13,650,0.131313131313131,4
Disconnected,1,20300925,13,RRA,1,NaN,76.1125980418527,2.79612122841916,98.4318793666518,0.362465178451261,0,0,100,13,650,0.131313131313131,4
Disconnected,2,20300926,4,GURA,1,9.41532856302274e-06,81.853929264077,2.99813948258286,93.8284242779109,0.345238193386698,0,0,100,4,200,0.0404040404040404,4
Disconnected,2,20300926,4,GRA,1,4.4282448003651e-07,81.853703258526,2.99813120446876,93.8297965563661,0.345243818461402,0,0,100,4,200,0.0404040404040404,4
Disconnected,2,20300926,4,RRA,1,NaN,75.3256180670863,2.75902099761508,129.279275361891,0.495387010638377,0,0,100,4,200,0.0404040404040404,4
Disconnected,2,20300926,5,GURA,1,9.9879535504499e-06,82.1206340744777,3.00790832605129,93.6548875967552,0.344753497370035,0,0,100,5,250,0.0505050505050505,4
Disconnected,2,20300926,5,GRA,1,6.7604378784212e-07,82.1199242499457,3.00788232665243,93.6568059222019,0.34476112961896,0,0,100,5,250,0.0505050505050505,4
Disconnected,2,20300926,5,RRA,1,NaN,76.485521237805,2.80150584255008,100.621589526299,0.367982189373295,0,0,100,5,250,0.0505050505050505,4
Disconnected,2,20300926,6,GURA,1,9.92838446833844e-06,82.208973476119,3.01114401492182,93.7014915670092,0.344953892077599,0,0,100,6,300,0.0606060606060606,4
Disconnected,2,20300926,6,GRA,1,8.75689920001236e-07,82.2079900479432,3.01110799398955,93.7035288844181,0.344962806946136,0,0,100,6,300,0.0606060606060606,4
Disconnected,2,20300926,6,RRA,1,NaN,76.7141519921478,2.80988011239504,99.3782272857236,0.363042051635851,0,0,100,6,300,0.0606060606060606,4
Disconnected,2,20300926,7,GURA,1,9.6692567197465e-06,82.3284933136956,3.01552177842336,93.4499407476267,0.344000402825687,0,0,100,7,350,0.0707070707070707,4
Disconnected,2,20300926,7,GRA,1,1.17117410484139e-07,82.3282454540506,3.01551269983918,93.4506867993057,0.34400348470379,0,0,100,7,350,0.0707070707070707,4
Disconnected,2,20300926,7,RRA,1,NaN,76.4721860270101,2.80101740146543,100.142169308456,0.366055649365824,0,0,100,7,350,0.0707070707070707,4
Disconnected,2,20300926,8,GURA,1,9.91249527260152e-06,83.5253340963371,3.05935957139267,91.9114882302509,0.338245072513348,0,0,100,8,400,0.0808080808080808,4
Disconnected,2,20300926,8,GRA,1,9.04884553019542e-07,83.5247418813345,3.05933787978669,91.9129962048775,0.338251119336369,0,0,100,8,400,0.0808080808080808,4
Disconnected,2,20300926,8,RRA,1,NaN,76.5952577838289,2.80552526439427,99.1574276389683,0.362345563567808,0,0,100,8,400,0.0808080808080808,4
Disconnected,2,20300926,9,GURA,1,8.31895077979539e-06,84.5201601393062,3.09579798387382,90.6780782452038,0.333606289564024,0,0,100,9,450,0.0909090909090909,4
Disconnected,2,20300926,9,GRA,1,2.40587859173217e-07,84.5199397825068,3.09578991266177,90.6784671892085,0.333607714617517,0,0,100,9,450,0.0909090909090909,4
Disconnected,2,20300926,9,RRA,1,NaN,76.6943564623321,2.80915504323767,98.7382449712993,0.360760697501763,0,0,100,9,450,0.0909090909090909,4
Disconnected,2,20300926,10,GURA,1,8.8911336533215e-06,84.7947008279949,3.10585383929497,90.3531256783358,0.332408445843973,0,0,100,10,500,0.101010101010101,4
Disconnected,2,20300926,10,GRA,1,1.62708932491747e-07,84.7946050846099,3.10585033241356,90.3538225154783,0.33241104402991,0,0,100,10,500,0.101010101010101,4
Disconnected,2,20300926,10,RRA,1,NaN,76.6892803988319,2.80896911757066,98.8326109573882,0.361200985101777,0,0,100,10,500,0.101010101010101,4
Disconnected,2,20300926,11,GURA,1,7.59479839729238e-06,85.1528738656759,3.11897297402098,89.9156274335193,0.330755483942856,0,0,100,11,550,0.111111111111111,4
Disconnected,2,20300926,11,GRA,1,7.37156784323158e-07,85.1526326579368,3.11896413908229,89.9142385197902,0.330748873133271,0,0,100,11,550,0.111111111111111,4
Disconnected,2,20300926,11,RRA,1,NaN,76.7538211199777,2.81133311018581,98.5208454827736,0.360044459116713,0,0,100,11,550,0.111111111111111,4
Disconnected,2,20300926,12,GURA,1,9.94290655143004e-06,85.3219946391839,3.12516751682348,89.7309543306399,0.330085009436234,0,0,100,12,600,0.121212121212121,4
Disconnected,2,20300926,12,GRA,1,1.32507542497181e-07,85.3218679911939,3.12516287797055,89.7326608261486,0.33009182737186,0,0,100,12,600,0.121212121212121,4
Disconnected,2,20300926,12,RRA,1,NaN,76.7714662928452,2.81197941623278,98.4927894363763,0.359883152878871,0,0,100,12,600,0.121212121212121,4
Disconnected,2,20300926,13,GURA,1,9.3929027293882e-06,85.4319423491559,3.12919467316466,89.6347001708403,0.329769620324024,0,0,100,13,650,0.131313131313131,4
Disconnected,2,20300926,13,GRA,1,4.93101743911683e-07,85.4318853968411,3.12919258711962,89.6342728886626,0.329768362474511,0,0,100,13,650,0.131313131313131,4
Disconnected,2,20300926,13,RRA,1,NaN,76.6612800189891,2.80794352179183,98.7820078998032,0.360824876183236,0,0,100,13,650,0.131313131313131,4
Disconnected,3,20300927,4,GURA,1,9.39323589577157e-06,82.5473741825748,3.00641803905056,94.8515093553935,0.343791075014991,0,0,100,4,200,0.0404040404040404,4
Disconnected,3,20300927,4,GRA,1,4.99666575080358e-07,82.5468301315122,3.00639822442962,94.8532527407428,0.343798608518029,0,0,100,4,200,0.0404040404040404,4
Disconnected,3,20300927,4,RRA,1,NaN,75.3009032661085,2.74249782234524,110.830285452026,0.398874037393519,0,0,100,4,200,0.0404040404040404,4
Disconnected,3,20300927,5,GURA,1,9.96109108086785e-06,82.7752201207305,3.01471630589888,94.6744444450233,0.343285057542103,0,0,100,5,250,0.0505050505050505,4
Disconnected,3,20300927,5,GRA,1,9.32340045766599e-07,82.7745624090326,3.01469235169885,94.6763994425264,0.343293643754337,0,0,100,5,250,0.0505050505050505,4
Disconnected,3,20300927,5,RRA,1,NaN,76.186642741106,2.77475691189111,104.761416423666,0.376858593208237,0,0,100,5,250,0.0505050505050505,4
Disconnected,3,20300927,6,GURA,1,9.61357206463731e-06,82.8493836393673,3.01741737958508,94.5440198439443,0.342814843783932,0,0,100,6,300,0.0606060606060606,4
Disconnected,3,20300927,6,GRA,1,6.40423584517172e-07,82.8489052764743,3.01739995736123,94.5445259425181,0.342816697488178,0,0,100,6,300,0.0606060606060606,4
Disconnected,3,20300927,6,RRA,1,NaN,76.2934889633666,2.778648306538,103.460333612514,0.371465251766156,0,0,100,6,300,0.0606060606060606,4
Disconnected,3,20300927,7,GURA,1,9.99702731263596e-06,82.9953549032828,3.02273372847399,94.3852864127164,0.342238239506698,0,0,100,7,350,0.0707070707070707,4
Disconnected,3,20300927,7,GRA,1,8.71993679575145e-07,82.9944298473666,3.02270003745934,94.3871609291522,0.342246010171068,0,0,100,7,350,0.0707070707070707,4
Disconnected,3,20300927,7,RRA,1,NaN,76.1018753868357,2.77166964102968,104.91873951881,0.37712924683239,0,0,100,7,350,0.0707070707070707,4
Disconnected,3,20300927,8,GURA,1,9.49504723379846e-06,84.2435990077715,3.06819542401592,92.6268474397449,0.335656320450414,0,0,100,8,400,0.0808080808080808,4
Disconnected,3,20300927,8,GRA,1,3.38110504331931e-07,84.243374100245,3.06818723276754,92.6272793710738,0.335657886354166,0,0,100,8,400,0.0808080808080808,4
Disconnected,3,20300927,8,RRA,1,NaN,76.3019644757273,2.77895698907943,102.90318766279,0.3696965509077,0,0,100,8,400,0.0808080808080808,4
Disconnected,3,20300927,9,GURA,1,9.90997156691265e-06,85.0662360913145,3.09815629184541,91.600804338865,0.331794680023993,0,0,100,9,450,0.0909090909090909,4
Disconnected,3,20300927,9,GRA,1,3.14446776364044e-07,85.0660940358159,3.09815111811072,91.6008029517124,0.3317940886094,0,0,100,9,450,0.0909090909090909,4
Disconnected,3,20300927,9,RRA,1,NaN,76.0880896416583,2.77116755706404,102.425810305244,0.367480898709587,0,0,100,9,450,0.0909090909090909,4
Disconnected,3,20300927,10,GURA,1,9.81085310058916e-06,85.4290796740705,3.11137124269458,91.2608326355429,0.330581818836186,0,0,100,10,500,0.101010101010101,4
Disconnected,3,20300927,10,GRA,1,1.46511601541872e-07,85.4290759820401,3.11137110822893,91.2616999971886,0.330586105954972,0,0,100,10,500,0.101010101010101,4
Disconnected,3,20300927,10,RRA,1,NaN,75.9403360703887,2.76578629561996,102.689746879393,0.368491504872277,0,0,100,10,500,0.101010101010101,4
Disconnected,3,20300927,11,GURA,1,6.48457777430167e-06,85.8321565253067,3.12605150997965,90.8965346879118,0.32931117030848,0,0,100,11,550,0.111111111111111,4
Disconnected,3,20300927,11,GRA,1,8.36585013170221e-07,85.8316374623039,3.12603260543676,90.8959057955204,0.329310504309197,0,0,100,11,550,0.111111111111111,4
Disconnected,3,20300927,11,RRA,1,NaN,76.1392028641099,2.77302912704776,102.162117823988,0.366560618773938,0,0,100,11,550,0.111111111111111,4
Disconnected,3,20300927,12,GURA,1,9.85457091573494e-06,86.1020603911129,3.13588154829406,90.6307833259266,0.328348967485612,0,0,100,12,600,0.121212121212121,4
Disconnected,3,20300927,12,GRA,1,4.95622262628077e-07,86.1013560249496,3.13585589491429,90.6299889929016,0.328345993108943,0,0,100,12,600,0.121212121212121,4
Disconnected,3,20300927,12,RRA,1,NaN,76.0852879419749,2.77106551771329,102.261360992311,0.366735749519828,0,0,100,12,600,0.121212121212121,4
Disconnected,3,20300927,13,GURA,1,9.45495134274665e-06,86.2547152996197,3.14144131897398,90.4642862634555,0.327785358987955,0,0,100,13,650,0.131313131313131,4
Disconnected,3,20300927,13,GRA,1,9.83739441339803e-07,86.2541962617558,3.14142241534667,90.4631727409614,0.327780457648976,0,0,100,13,650,0.131313131313131,4
Disconnected,3,20300927,13,RRA,1,NaN,76.1601786079212,2.77379307448038,102.122598412198,0.366240977169103,0,0,100,13,650,0.131313131313131,4
Disconnected,4,20300928,4,GURA,1,9.66393353607486e-06,79.5365982468245,2.97965991385265,92.2077399262208,0.346313940126493,0,0,100,4,200,0.0404040404040404,4
Disconnected,4,20300928,4,GRA,1,2.54234592561348e-07,79.5362161750629,2.97964560039272,92.2076917695266,0.346313555499292,0,0,100,4,200,0.0404040404040404,4
Disconnected,4,20300928,4,RRA,1,NaN,73.1206969253765,2.73930258904694,108.725457727916,0.406090677328883,0,0,100,4,200,0.0404040404040404,4
Disconnected,4,20300928,5,GURA,1,9.90286349988878e-06,79.7900817986925,2.98915610547978,92.109213151766,0.346133494620846,0,0,100,5,250,0.0505050505050505,4
Disconnected,4,20300928,5,GRA,1,8.80306476356099e-07,79.7894218177466,2.98913138077679,92.1106614815797,0.346138905343096,0,0,100,5,250,0.0505050505050505,4
Disconnected,4,20300928,5,RRA,1,NaN,74.276996455205,2.78262075242558,102.715493082628,0.382845979942568,0,0,100,5,250,0.0505050505050505,4
Disconnected,4,20300928,6,GURA,1,9.84468964659868e-06,79.8779929949877,2.99244950088961,92.0326545464502,0.345861701416891,0,0,100,6,300,0.0606060606060606,4
Disconnected,4,20300928,6,GRA,1,6.85538133026843e-07,79.8767227652181,2.99240191458583,92.0327868869882,0.345861275820367,0,0,100,6,300,0.0606060606060606,4
Disconnected,4,20300928,6,RRA,1,NaN,74.5340681440476,2.79225136554099,99.1220933029135,0.369519302145135,0,0,100,6,300,0.0606060606060606,4
Disconnected,4,20300928,7,GURA,1,9.86899731714175e-06,79.9489949459847,2.99510942942383,91.8910089968286,0.345304742866812,0,0,100,7,350,0.0707070707070707,4
Disconnected,4,20300928,7,GRA,1,8.00020885285597e-07,79.9485803194366,2.99509389637198,91.8896461308857,0.345298679688178,0,0,100,7,350,0.0707070707070707,4
Disconnected,4,20300928,7,RRA,1,NaN,74.3251734658007,2.78442559586125,100.009815883653,0.373044291536032,0,0,100,7,350,0.0707070707070707,4
Disconnected,4,20300928,8,GURA,1,9.55620705411775e-06,81.3131919202663,3.04621600335916,90.0612560568939,0.338255250686743,0,0,100,8,400,0.0808080808080808,4
Disconnected,4,20300928,8,GRA,1,7.51821189642385e-07,81.3119688359158,3.04617018325256,90.0625530983191,0.33826037312582,0,0,100,8,400,0.0808080808080808,4
Disconnected,4,20300928,8,RRA,1,NaN,74.6801509275362,2.7977240287383,98.3483360457437,0.366916089390002,0,0,100,8,400,0.0808080808080808,4
Disconnected,4,20300928,9,GURA,1,9.53486733124009e-06,82.1043361622929,3.07585444447939,88.9995114204668,0.33419818479157,0,0,100,9,450,0.0909090909090909,4
Disconnected,4,20300928,9,GRA,1,9.19709627848263e-07,82.1041345182167,3.07584689033722,88.9989415180137,0.334195597304797,0,0,100,9,450,0.0909090909090909,4
Disconnected,4,20300928,9,RRA,1,NaN,74.544920752651,2.79265793413367,97.8562590597874,0.364987056254177,0,0,100,9,450,0.0909090909090909,4
Disconnected,4,20300928,10,GURA,1,8.43139743622601e-06,82.484787789175,3.09010720970657,88.5771195640347,0.332609717934136,0,0,100,10,500,0.101010101010101,4
Disconnected,4,20300928,10,GRA,1,8.16373627448804e-07,82.4844423459661,3.09009426845305,88.57769930801,0.33261195931445,0,0,100,10,500,0.101010101010101,4
Disconnected,4,20300928,10,RRA,1,NaN,74.4301904962577,2.78835982290668,98.1195757398639,0.365972870971744,0,0,100,10,500,0.101010101010101,4
Disconnected,4,20300928,11,GURA,1,9.99045869676252e-06,82.9887353102984,3.10898647108404,88.0541404934132,0.330689239548026,0,0,100,11,550,0.111111111111111,4
Disconnected,4,20300928,11,GRA,1,5.97121023864733e-07,82.9880611208471,3.10896121409133,88.0553811990447,0.330693729829357,0,0,100,11,550,0.111111111111111,4
Disconnected,4,20300928,11,RRA,1,NaN,74.6403540175882,2.79623312694113,97.468480542647,0.363617687428896,0,0,100,11,550,0.111111111111111,4
Disconnected,4,20300928,12,GURA,1,7.78889404529082e-06,83.2777483425248,3.1198136948488,87.7369639348951,0.329535199764368,0,0,100,12,600,0.121212121212121,4
Disconnected,4,20300928,12,GRA,1,3.62588826001683e-08,83.2777279754302,3.11981293184137,87.7368281949749,0.329534622177127,0,0,100,12,600,0.121212121212121,4
Disconnected,4,20300928,12,RRA,1,NaN,74.7612056442257,2.800760561548,97.2541930706524,0.362774162029196,0,0,100,12,600,0.121212121212121,4
Disconnected,4,20300928,13,GURA,1,8.15491530303802e-06,83.4808267305714,3.1274215702869,87.5440518415237,0.328831447112182,0,0,100,13,650,0.131313131313131,4
Disconnected,4,20300928,13,GRA,1,6.19487479051681e-07,83.4804362134345,3.12740694043996,87.544457334984,0.328833392453965,0,0,100,13,650,0.131313131313131,4
Disconnected,4,20300928,13,RRA,1,NaN,74.9000446730549,2.8059618537556,97.1321710874097,0.362323948898536,0,0,100,13,650,0.131313131313131,4
Disconnected,5,20300929,4,GURA,1,6.51961143560698e-06,78.6213729490744,2.98787755362399,90.6496904188153,0.344722248383676,0,0,100,4,200,0.0404040404040404,4
Disconnected,5,20300929,4,GRA,1,7.36101803848596e-07,78.6209774578236,2.9878625236215,90.6510692419456,0.344727849854283,0,0,100,4,200,0.0404040404040404,4
Disconnected,5,20300929,4,RRA,1,NaN,72.2878486699657,2.74718225260019,118.799320838573,0.44729547114429,0,0,100,4,200,0.0404040404040404,4
Disconnected,5,20300929,5,GURA,1,9.42181839747036e-06,78.8849126076147,2.99789295021026,90.7003489217742,0.345070142287451,0,0,100,5,250,0.0505050505050505,4
Disconnected,5,20300929,5,GRA,1,6.20661073993545e-07,78.884464554969,2.99787592269735,90.7012189057107,0.345073931256416,0,0,100,5,250,0.0505050505050505,4
Disconnected,5,20300929,5,RRA,1,NaN,73.3940608935157,2.78922205104572,99.7924128168021,0.378341688709216,0,0,100,5,250,0.0505050505050505,4
Disconnected,5,20300929,6,GURA,1,9.81183237414029e-06,78.984323293033,3.00167089181075,90.5779751066634,0.344630012321044,0,0,100,6,300,0.0606060606060606,4
Disconnected,5,20300929,6,GRA,1,8.40983091556592e-07,78.9837586871379,3.00164943488094,90.579657112343,0.344637283105905,0,0,100,6,300,0.0606060606060606,4
Disconnected,5,20300929,6,RRA,1,NaN,73.587990279897,2.7965920223248,98.1271892981352,0.371971776341445,0,0,100,6,300,0.0606060606060606,4
Disconnected,5,20300929,7,GURA,1,9.62114984659479e-06,79.1083229770006,3.00638329835475,90.4368929125332,0.344095282682065,0,0,100,7,350,0.0707070707070707,4
Disconnected,5,20300929,7,GRA,1,7.85630127653385e-07,79.1073503344175,3.00634633465349,90.4384883000556,0.344101620379753,0,0,100,7,350,0.0707070707070707,4
Disconnected,5,20300929,7,RRA,1,NaN,73.3388222602117,2.78712279652559,100.383934978183,0.380942873509438,0,0,100,7,350,0.0707070707070707,4
Disconnected,5,20300929,8,GURA,1,9.91722072640755e-06,80.2777650062233,3.05082604284411,88.7903393129737,0.337658878455484,0,0,100,8,400,0.0808080808080808,4
Disconnected,5,20300929,8,GRA,1,4.68106089140886e-07,80.2774920153276,3.05081566826861,88.7910884173243,0.337661859842551,0,0,100,8,400,0.0808080808080808,4
Disconnected,5,20300929,8,RRA,1,NaN,73.4454596649974,2.79117537785538,97.6658840599375,0.369446959427047,0,0,100,8,400,0.0808080808080808,4
Disconnected,5,20300929,9,GURA,1,7.72859975128881e-06,81.1517467338312,3.08404029856423,87.6592965449902,0.333365372381732,0,0,100,9,450,0.0909090909090909,4
Disconnected,5,20300929,9,GRA,1,7.2158739129215e-07,81.1515041379832,3.08403107910314,87.6588100037853,0.333363205599075,0,0,100,9,450,0.0909090909090909,4
Disconnected,5,20300929,9,RRA,1,NaN,73.2533070836887,2.78387293116655,97.2641298953485,0.367963122650637,0,0,100,9,450,0.0909090909090909,4
Disconnected,5,20300929,10,GURA,1,8.25244925550805e-06,81.4755634067951,3.09634642515992,87.2803692747681,0.331945980359027,0,0,100,10,500,0.101010101010101,4
Disconnected,5,20300929,10,GRA,1,8.95613632847761e-07,81.4754332445499,3.09634147855524,87.2806632549057,0.331947002873519,0,0,100,10,500,0.101010101010101,4
Disconnected,5,20300929,10,RRA,1,NaN,73.2458320804841,2.78358885581337,97.2282483649742,0.367765973196228,0,0,100,10,500,0.101010101010101,4
Disconnected,5,20300929,11,GURA,1,9.83373125507114e-06,81.8758382271359,3.11155821943565,86.8502515447457,0.330318278986694,0,0,100,11,550,0.111111111111111,4
Disconnected,5,20300929,11,GRA,1,3.12867191156645e-07,81.8755688625793,3.11154798267328,86.8504567877876,0.330319044025105,0,0,100,11,550,0.111111111111111,4
Disconnected,5,20300929,11,RRA,1,NaN,73.3034669813021,2.78577917658748,96.9653568403342,0.366753040930843,0,0,100,11,550,0.111111111111111,4
Disconnected,5,20300929,12,GURA,1,9.13930053769718e-06,82.140689695976,3.12162346924125,86.6633864841264,0.329669047321271,0,0,100,12,600,0.121212121212121,4
Disconnected,5,20300929,12,GRA,1,2.38605546252678e-07,82.1405697447938,3.12161891069144,86.663643393295,0.329670099947424,0,0,100,12,600,0.121212121212121,4
Disconnected,5,20300929,12,RRA,1,NaN,73.35316635008,2.78766792035817,96.573991628731,0.365318631705018,0,0,100,12,600,0.121212121212121,4
Disconnected,5,20300929,13,GURA,1,9.64450213558621e-06,82.3522559108005,3.12966369953319,86.4296155573389,0.328771366763967,0,0,100,13,650,0.131313131313131,4
Disconnected,5,20300929,13,GRA,1,3.43657909020238e-08,82.3521913621516,3.12966124646665,86.4299518306919,0.328772579751739,0,0,100,13,650,0.131313131313131,4
Disconnected,5,20300929,13,RRA,1,NaN,73.4654181303459,2.79193386690719,96.3973569706562,0.36479055524545,0,0,100,13,650,0.131313131313131,4
Disconnected,6,20300930,4,GURA,1,8.19803498330884e-06,80.6840602894786,2.99037773928612,93.4110655948291,0.346098202052593,0,0,100,4,200,0.0404040404040404,4
Disconnected,6,20300930,4,GRA,1,9.49471024957462e-07,80.6837964134881,2.99036795930126,93.4109543644699,0.34609746273885,0,0,100,4,200,0.0404040404040404,4
Disconnected,6,20300930,4,RRA,1,NaN,74.0383414474269,2.74406874571881,125.590087318256,0.451439556569302,0,0,100,4,200,0.0404040404040404,4
Disconnected,6,20300930,5,GURA,1,9.24669427249114e-06,80.9605215584122,3.00062416988751,93.2647979379229,0.345714627642904,0,0,100,5,250,0.0505050505050505,4
Disconnected,6,20300930,5,GRA,1,9.2794591161235e-07,80.9600831718638,3.00060792205156,93.2662547210911,0.345720296836961,0,0,100,5,250,0.0505050505050505,4
Disconnected,6,20300930,5,RRA,1,NaN,75.0493112497086,2.78153812419316,101.518838821763,0.373310646189888,0,0,100,5,250,0.0505050505050505,4
Disconnected,6,20300930,6,GURA,1,9.66941927416087e-06,81.0594202149462,3.00428963168856,93.1968884601029,0.345488822221196,0,0,100,6,300,0.0606060606060606,4
Disconnected,6,20300930,6,GRA,1,9.99295531806574e-07,81.0589554879351,3.00427240760112,93.1980738643214,0.345494398177599,0,0,100,6,300,0.0606060606060606,4
Disconnected,6,20300930,6,RRA,1,NaN,75.4213731152603,2.79532778123807,99.3228933190113,0.364955453294937,0,0,100,6,300,0.0606060606060606,4
Disconnected,6,20300930,7,GURA,1,9.91939859318336e-06,81.1711236074124,3.00842967294373,93.0772496491202,0.345054140746723,0,0,100,7,350,0.0707070707070707,4
Disconnected,6,20300930,7,GRA,1,2.24083128287687e-07,81.1705956269651,3.00841010450641,93.0781157646035,0.345057443961182,0,0,100,7,350,0.0707070707070707,4
Disconnected,6,20300930,7,RRA,1,NaN,75.2985290820408,2.7907748365669,101.451890610317,0.372620717661214,0,0,100,7,350,0.0707070707070707,4
Disconnected,6,20300930,8,GURA,1,9.99628354492188e-06,82.6105149213913,3.06177755514006,90.9142214586197,0.336700397892446,0,0,100,8,400,0.0808080808080808,4
Disconnected,6,20300930,8,GRA,1,7.25759601267955e-07,82.6102290275196,3.06176695911072,90.9161737548386,0.33670874217824,0,0,100,8,400,0.0808080808080808,4
Disconnected,6,20300930,8,RRA,1,NaN,75.6226230833638,2.80278666992674,98.8543855451859,0.36373569021715,0,0,100,8,400,0.0808080808080808,4
Disconnected,6,20300930,9,GURA,1,9.90176732074133e-06,83.4015787311648,3.09109660029736,90.0785956973165,0.333719485068603,0,0,100,9,450,0.0909090909090909,4
Disconnected,6,20300930,9,GRA,1,3.04183804577622e-07,83.4015041460697,3.09109383596439,90.0784332173483,0.333718878802948,0,0,100,9,450,0.0909090909090909,4
Disconnected,6,20300930,9,RRA,1,NaN,75.471293698096,2.79717797815564,98.5789079620968,0.362437533777499,0,0,100,9,450,0.0909090909090909,4
Disconnected,6,20300930,10,GURA,1,9.40811389327223e-06,83.7977518943561,3.10577988970867,89.4542142901115,0.331327424873681,0,0,100,10,500,0.101010101010101,4
Disconnected,6,20300930,10,GRA,1,1.35244966106402e-07,83.7976305598423,3.10577539271102,89.4542980467652,0.331327785578726,0,0,100,10,500,0.101010101010101,4
Disconnected,6,20300930,10,RRA,1,NaN,75.3053248927929,2.79102670838793,98.8297479871156,0.363416527636781,0,0,100,10,500,0.101010101010101,4
Disconnected,6,20300930,11,GURA,1,7.80681114420645e-06,84.2260629635615,3.12165430012191,89.0157393796236,0.329750569805399,0,0,100,11,550,0.111111111111111,4
Disconnected,6,20300930,11,GRA,1,2.88324002160802e-07,84.2260587548626,3.12165414413571,89.0159901773891,0.329752207245274,0,0,100,11,550,0.111111111111111,4
Disconnected,6,20300930,11,RRA,1,NaN,75.5462438687158,2.79995584184982,98.4492956004042,0.362235943811301,0,0,100,11,550,0.111111111111111,4
Disconnected,6,20300930,12,GURA,1,7.80306813652487e-06,84.4644616160523,3.13049002332332,88.832778022837,0.329089823394148,0,0,100,12,600,0.121212121212121,4
Disconnected,6,20300930,12,GRA,1,6.50886684174303e-07,84.4643884754981,3.13048731252909,88.8336070862775,0.329093738801794,0,0,100,12,600,0.121212121212121,4
Disconnected,6,20300930,12,RRA,1,NaN,75.5749576888375,2.80102005661781,98.3299824678919,0.361755212341251,0,0,100,12,600,0.121212121212121,4
Disconnected,6,20300930,13,GURA,1,6.24567365647977e-06,84.698337575386,3.13915812282199,88.6409268604335,0.328440995936291,0,0,100,13,650,0.131313131313131,4
Disconnected,6,20300930,13,GRA,1,6.10840861402059e-07,84.6981720499075,3.13915198798316,88.6415195963996,0.328443689259419,0,0,100,13,650,0.131313131313131,4
Disconnected,6,20300930,13,RRA,1,NaN,75.5227511458937,2.79908513560238,98.5082638089068,0.362386383682922,0,0,100,13,650,0.131313131313131,4
Disconnected,7,20300931,4,GURA,1,7.05185398430785e-06,80.4026761181621,3.00448944575948,92.3291651192573,0.347078357196235,0,0,100,4,200,0.0404040404040404,4
Disconnected,7,20300931,4,GRA,1,4.87760098188462e-07,80.4024792158474,3.00448208790829,92.3297254748329,0.347080656817704,0,0,100,4,200,0.0404040404040404,4
Disconnected,7,20300931,4,RRA,1,NaN,73.5436009746003,2.74817933431224,111.212930741483,0.412998599432953,0,0,100,4,200,0.0404040404040404,4
Disconnected,7,20300931,5,GURA,1,9.93579827479607e-06,80.6485678585111,3.01367793517732,92.1886171208786,0.346763183693156,0,0,100,5,250,0.0505050505050505,4
Disconnected,7,20300931,5,GRA,1,7.35436294910816e-07,80.6479072461422,3.01365324939588,92.1904300575161,0.346770863063449,0,0,100,5,250,0.0505050505050505,4
Disconnected,7,20300931,5,RRA,1,NaN,74.5963216353767,2.7875174293526,101.993652176732,0.381063406742396,0,0,100,5,250,0.0505050505050505,4
Disconnected,7,20300931,6,GURA,1,9.60571480135286e-06,80.7270498655559,3.01661065300753,92.042367460233,0.346215955840725,0,0,100,6,300,0.0606060606060606,4
Disconnected,7,20300931,6,GRA,1,8.47501312236776e-07,80.7263920934083,3.01658607335956,92.0442036956447,0.346223770651434,0,0,100,6,300,0.0606060606060606,4
Disconnected,7,20300931,6,RRA,1,NaN,74.9370250472873,2.80024884396018,99.0559684375901,0.36916114075013,0,0,100,6,300,0.0606060606060606,4
Disconnected,7,20300931,7,GURA,1,9.92145178813075e-06,80.7910327785311,3.01900156828578,91.9714192424791,0.34597806936924,0,0,100,7,350,0.0707070707070707,4
Disconnected,7,20300931,7,GRA,1,6.09893575575242e-07,80.7904959891114,3.01898150952376,91.9719260907092,0.345979895407644,0,0,100,7,350,0.0707070707070707,4
Disconnected,7,20300931,7,RRA,1,NaN,74.6551854071163,2.78971705241825,101.670291230953,0.379142052959199,0,0,100,7,350,0.0707070707070707,4
Disconnected,7,20300931,8,GURA,1,9.35158773529565e-06,82.0792516484279,3.06713976697888,89.9653533327952,0.338162614792691,0,0,100,8,400,0.0808080808080808,4
Disconnected,7,20300931,8,GRA,1,8.3147094124163e-07,82.0783457872093,3.06710591673157,89.9669108020792,0.338168933523851,0,0,100,8,400,0.0808080808080808,4
Disconnected,7,20300931,8,RRA,1,NaN,74.8909484269083,2.79852705152355,97.8950936823405,0.36470281508404,0,0,100,8,400,0.0808080808080808,4
Disconnected,7,20300931,9,GURA,1,8.75355625495899e-06,82.6997347409611,3.09032599650249,89.1694929664048,0.335165915239793,0,0,100,9,450,0.0909090909090909,4
Disconnected,7,20300931,9,GRA,1,8.98179048893215e-07,82.6994333424556,3.09031473383472,89.1700065966017,0.335168706816768,0,0,100,9,450,0.0909090909090909,4
Disconnected,7,20300931,9,RRA,1,NaN,74.8631514389483,2.79748833290147,97.2165465097581,0.362047790491838,0,0,100,9,450,0.0909090909090909,4
Disconnected,7,20300931,10,GURA,1,8.87030754626039e-06,83.0142703099996,3.10207957042711,88.7678596435875,0.333620196004696,0,0,100,10,500,0.101010101010101,4
Disconnected,7,20300931,10,GRA,1,3.74420941899386e-07,83.0141138480027,3.10207372375084,88.7684890484799,0.33362315725788,0,0,100,10,500,0.101010101010101,4
Disconnected,7,20300931,10,RRA,1,NaN,74.7246137391567,2.79231145226814,97.6168003592157,0.363693608537827,0,0,100,10,500,0.101010101010101,4
Disconnected,7,20300931,11,GURA,1,8.63880580581622e-06,83.5821020066887,3.12329832112097,88.1424284142398,0.331271845513218,0,0,100,11,550,0.111111111111111,4
Disconnected,7,20300931,11,GRA,1,8.73189941166676e-07,83.5818265225079,3.12328802682041,88.1432204359582,0.331275303139286,0,0,100,11,550,0.111111111111111,4
Disconnected,7,20300931,11,RRA,1,NaN,74.9591328739207,2.801074969843,96.9633212615607,0.361373100858031,0,0,100,11,550,0.111111111111111,4
Disconnected,7,20300931,12,GURA,1,8.99349372573965e-06,83.808510436571,3.13175875764938,87.8308416624191,0.330058201507573,0,0,100,12,600,0.121212121212121,4
Disconnected,7,20300931,12,GRA,1,8.97973142655439e-07,83.8083186936523,3.13175159259464,87.8302497637803,0.330055001596844,0,0,100,12,600,0.121212121212121,4
Disconnected,7,20300931,12,RRA,1,NaN,74.8468759709646,2.79688015075949,96.9062035465287,0.361030259157087,0,0,100,12,600,0.121212121212121,4
Disconnected,7,20300931,13,GURA,1,9.30329817805386e-06,84.0554086138689,3.14098485563123,87.5760427808782,0.329155505263225,0,0,100,13,650,0.131313131313131,4
Disconnected,7,20300931,13,GRA,1,4.10720569063081e-07,84.0548001677975,3.14096211920145,87.5774395196352,0.329161567801044,0,0,100,13,650,0.131313131313131,4
Disconnected,7,20300931,13,RRA,1,NaN,74.895229987806,2.79868704501071,96.7555903746922,0.360444252150356,0,0,100,13,650,0.131313131313131,4
Disconnected,8,20300932,4,GURA,1,7.57576313503705e-06,75.560119009363,2.98035008715919,88.0999893592482,0.345171051674038,0,0,100,4,200,0.0404040404040404,4
Disconnected,8,20300932,4,GRA,1,6.32326489008656e-07,75.5594350659069,2.98032311008497,88.1024495588835,0.345181628757057,0,0,100,4,200,0.0404040404040404,4
Disconnected,8,20300932,4,RRA,1,NaN,69.737160780564,2.75067265556892,103.207139826886,0.401015764399797,0,0,100,4,200,0.0404040404040404,4
Disconnected,8,20300932,5,GURA,1,9.5871156595706e-06,75.850165100892,2.99179049918477,87.8010605525669,0.34411496154777,0,0,100,5,250,0.0505050505050505,4
Disconnected,8,20300932,5,GRA,1,7.23359540592258e-07,75.8500091384324,2.99178434749077,87.8019118050709,0.344119088054461,0,0,100,5,250,0.0505050505050505,4
Disconnected,8,20300932,5,RRA,1,NaN,70.5631130974791,2.7832510460212,96.4407049612761,0.374920119032253,0,0,100,5,250,0.0505050505050505,4
Disconnected,8,20300932,6,GURA,1,9.54419499876735e-06,75.9259773106247,2.99478079259413,87.7958409554927,0.344123548236433,0,0,100,6,300,0.0606060606060606,4
Disconnected,8,20300932,6,GRA,1,6.61456090932026e-07,75.9253670326111,2.99475672113746,87.7973405023699,0.344130009747519,0,0,100,6,300,0.0606060606060606,4
Disconnected,8,20300932,6,RRA,1,NaN,70.922653339919,2.79743254556013,94.7364154373129,0.368145823407236,0,0,100,6,300,0.0606060606060606,4
Disconnected,8,20300932,7,GURA,1,9.72645251096083e-06,76.1069499316939,3.0019189730794,87.528125052662,0.343076852149199,0,0,100,7,350,0.0707070707070707,4
Disconnected,8,20300932,7,GRA,1,7.15420223578078e-07,76.1065245502355,3.00190219457662,87.5276840729704,0.343074482066493,0,0,100,7,350,0.0707070707070707,4
Disconnected,8,20300932,7,RRA,1,NaN,70.7326357247553,2.78993759950473,95.8367712781068,0.372218436487078,0,0,100,7,350,0.0707070707070707,4
Disconnected,8,20300932,8,GURA,1,9.59490412100195e-06,77.5779302819637,3.05993948009571,85.50906394603,0.334988454838803,0,0,100,8,400,0.0808080808080808,4
Disconnected,8,20300932,8,GRA,1,2.28361310901891e-07,77.5774414801498,3.05992020007673,85.5093433409709,0.334989428659947,0,0,100,8,400,0.0808080808080808,4
Disconnected,8,20300932,8,RRA,1,NaN,71.0856222384784,2.8038605975192,94.1059788446937,0.366255766886658,0,0,100,8,400,0.0808080808080808,4
Disconnected,8,20300932,9,GURA,1,9.08292949475253e-06,78.0512776135574,3.07860992132142,84.8704159446318,0.332362102671166,0,0,100,9,450,0.0909090909090909,4
Disconnected,8,20300932,9,GRA,1,4.82618753625837e-07,78.0507495397295,3.0785890922796,84.870513465563,0.332362661734859,0,0,100,9,450,0.0909090909090909,4
Disconnected,8,20300932,9,RRA,1,NaN,70.7485506793609,2.79056533986522,94.1119587697458,0.366106197285942,0,0,100,9,450,0.0909090909090909,4
Disconnected,8,20300932,10,GURA,1,9.02134689440004e-06,78.2304803969625,3.08567829334283,84.6376534341618,0.33141077295867,0,0,100,10,500,0.101010101010101,4
Disconnected,8,20300932,10,GRA,1,4.44490425337274e-07,78.2300875286522,3.08566279727006,84.6381271137347,0.331412620997709,0,0,100,10,500,0.101010101010101,4
Disconnected,8,20300932,10,RRA,1,NaN,70.5793877085849,2.78389297246683,94.2883746520854,0.366641180573554,0,0,100,10,500,0.101010101010101,4
Disconnected,8,20300932,11,GURA,1,9.45283951736542e-06,78.4614896574047,3.09479009039292,84.420496769248,0.330633452691088,0,0,100,11,550,0.111111111111111,4
Disconnected,8,20300932,11,GRA,1,3.27792093530901e-08,78.4614874895578,3.0947900048856,84.4199927366047,0.330630988461076,0,0,100,11,550,0.111111111111111,4
Disconnected,8,20300932,11,RRA,1,NaN,70.5708490416874,2.78355617817686,94.088976269864,0.366057686136643,0,0,100,11,550,0.111111111111111,4
Disconnected,8,20300932,12,GURA,1,9.50066737459565e-06,78.6373091417811,3.10172501350388,84.259966344902,0.330017307414396,0,0,100,12,600,0.121212121212121,4
Disconnected,8,20300932,12,GRA,1,8.21818859177723e-07,78.6370131994889,3.10171334052549,84.261233322312,0.330022521364352,0,0,100,12,600,0.121212121212121,4
Disconnected,8,20300932,12,RRA,1,NaN,70.7055680205455,2.78886995647215,93.8382814972473,0.365049697814209,0,0,100,12,600,0.121212121212121,4
Disconnected,8,20300932,13,GURA,1,9.94078218852223e-06,79.0495235490301,3.11798416265134,83.9306063675728,0.328797629787925,0,0,100,13,650,0.131313131313131,4
Disconnected,8,20300932,13,GRA,1,1.90303600262552e-07,79.0493467466596,3.11797718895983,83.9309077261097,0.328798838819396,0,0,100,13,650,0.131313131313131,4
Disconnected,8,20300932,13,RRA,1,NaN,70.822521190459,2.79348299036775,93.6288708651168,0.364368166661063,0,0,100,13,650,0.131313131313131,4
Disconnected,9,20300933,4,GURA,1,9.9206067893931e-06,80.3911058857379,3.01015826568823,92.7048544483555,0.344354573845445,0,0,100,4,200,0.0404040404040404,4
Disconnected,9,20300933,4,GRA,1,5.268754973834e-07,80.3906875572387,3.0101426018287,92.7060372842181,0.344359517409822,0,0,100,4,200,0.0404040404040404,4
Disconnected,9,20300933,4,RRA,1,NaN,73.3416907154229,2.74620051676322,108.413236854374,0.400418452234516,0,0,100,4,200,0.0404040404040404,4
Disconnected,9,20300933,5,GURA,1,9.2453490481148e-06,80.686785118972,3.0212296557146,92.5321606661251,0.343926858312498,0,0,100,5,250,0.0505050505050505,4
Disconnected,9,20300933,5,GRA,1,6.70227372306616e-07,80.6859369049649,3.02119789525582,92.5340940817168,0.343934935634937,0,0,100,5,250,0.0505050505050505,4
Disconnected,9,20300933,5,RRA,1,NaN,74.5078119891366,2.78986467030594,101.527676525539,0.373999278375385,0,0,100,5,250,0.0505050505050505,4
Disconnected,9,20300933,6,GURA,1,9.67949478436481e-06,80.7469639011798,3.02348298531724,92.4336229938303,0.343523335486427,0,0,100,6,300,0.0606060606060606,4
Disconnected,9,20300933,6,GRA,1,8.64247263487302e-07,80.7463135708218,3.02345863439831,92.4359122627825,0.343533167472965,0,0,100,6,300,0.0606060606060606,4
Disconnected,9,20300933,6,RRA,1,NaN,74.7278545623476,2.79810392716473,100.194699828685,0.368833502742858,0,0,100,6,300,0.0606060606060606,4
Disconnected,9,20300933,7,GURA,1,9.91083654966474e-06,80.8449452391686,3.02715179085463,92.3374830842287,0.34314271930493,0,0,100,7,350,0.0707070707070707,4
Disconnected,9,20300933,7,GRA,1,3.82214483487812e-07,80.8442715858638,3.0271265666331,92.3387805427981,0.343147919960768,0,0,100,7,350,0.0707070707070707,4
Disconnected,9,20300933,7,RRA,1,NaN,74.5592768934013,2.7917917181461,101.272704410299,0.372886761956593,0,0,100,7,350,0.0707070707070707,4
Disconnected,9,20300933,8,GURA,1,9.8613486656518e-06,82.2218505353882,3.07870852480946,90.3972718582116,0.335716676457577,0,0,100,8,400,0.0808080808080808,4
Disconnected,9,20300933,8,GRA,1,9.55874726301876e-07,82.2211613951104,3.07868272069493,90.3972121964754,0.33571581992974,0,0,100,8,400,0.0808080808080808,4
Disconnected,9,20300933,8,RRA,1,NaN,74.756483891983,2.7991759215389,99.7344985746159,0.367362090957139,0,0,100,8,400,0.0808080808080808,4
Disconnected,9,20300933,9,GURA,1,8.3529380141556e-06,82.9970576581652,3.10773531953429,89.2626943469231,0.331300720579125,0,0,100,9,450,0.0909090909090909,4
Disconnected,9,20300933,9,GRA,1,7.31564334162805e-07,82.9967742660446,3.10772470822195,89.2627251133338,0.331300763906364,0,0,100,9,450,0.0909090909090909,4
Disconnected,9,20300933,9,RRA,1,NaN,74.6821956914111,2.79639427998128,99.524363738113,0.366262485872563,0,0,100,9,450,0.0909090909090909,4
Disconnected,9,20300933,10,GURA,1,9.12107940465035e-06,83.294854511828,3.11888600157396,88.9188211444711,0.330059888229761,0,0,100,10,500,0.101010101010101,4
Disconnected,9,20300933,10,GRA,1,7.26288236412196e-07,83.2944909319654,3.11887238771809,88.9208697781387,0.330067585906557,0,0,100,10,500,0.101010101010101,4
Disconnected,9,20300933,10,RRA,1,NaN,74.5965003186734,2.79318550916347,99.9813793759498,0.368012279727666,0,0,100,10,500,0.101010101010101,4
Disconnected,9,20300933,11,GURA,1,9.59695882585265e-06,83.6357765635057,3.13165146014684,88.4957642389007,0.328516801608675,0,0,100,11,550,0.111111111111111,4
Disconnected,9,20300933,11,GRA,1,9.59951283142935e-07,83.6354012247382,3.13163740599146,88.4965186138265,0.328520177906055,0,0,100,11,550,0.111111111111111,4
Disconnected,9,20300933,11,RRA,1,NaN,74.6322534911456,2.79452424815028,99.3180863865878,0.36575614998627,0,0,100,11,550,0.111111111111111,4
Disconnected,9,20300933,12,GURA,1,9.51395821502388e-06,83.830746574203,3.13895190194069,88.374462177126,0.328154986152666,0,0,100,12,600,0.121212121212121,4
Disconnected,9,20300933,12,GRA,1,7.05985744563057e-07,83.8305148914915,3.13894322683141,88.375039473617,0.328156616488437,0,0,100,12,600,0.121212121212121,4
Disconnected,9,20300933,12,RRA,1,NaN,74.6865972528051,2.79655909170102,98.8801782628234,0.364124086792334,0,0,100,12,600,0.121212121212121,4
Disconnected,9,20300933,13,GURA,1,9.91854528464842e-06,84.0172580830543,3.14593562425461,88.180128279996,0.327430604458192,0,0,100,13,650,0.131313131313131,4
Disconnected,9,20300933,13,GRA,1,4.1934430758084e-07,84.0172165034033,3.14593406734942,88.1800516027866,0.327430907021259,0,0,100,13,650,0.131313131313131,4
Disconnected,9,20300933,13,RRA,1,NaN,74.6805835884961,2.79633391652613,98.8585746797278,0.364004802214807,0,0,100,13,650,0.131313131313131,4
Disconnected,10,20300934,4,GURA,1,8.2495463828991e-06,79.6786224291995,2.99510783998212,91.7978194047206,0.345329028925357,0,0,100,4,200,0.0404040404040404,4
Disconnected,10,20300934,4,GRA,1,6.41805005393951e-07,79.6779727463379,2.99508341849775,91.7992577552722,0.345334798894384,0,0,100,4,200,0.0404040404040404,4
Disconnected,10,20300934,4,RRA,1,NaN,72.7898508078284,2.7361599156584,107.040099874499,0.400175980886774,0,0,100,4,200,0.0404040404040404,4
Disconnected,10,20300934,5,GURA,1,9.99900278841892e-06,79.9169868821812,3.00406792513586,91.6981211599689,0.345121088408592,0,0,100,5,250,0.0505050505050505,4
Disconnected,10,20300934,5,GRA,1,9.54994676728996e-07,79.9163259996533,3.00404308265767,91.7003699774027,0.345130231234959,0,0,100,5,250,0.0505050505050505,4
Disconnected,10,20300934,5,RRA,1,NaN,73.6969894418121,2.77025912510457,101.406429165492,0.378907561239694,0,0,100,5,250,0.0505050505050505,4
Disconnected,10,20300934,6,GURA,1,9.99348283059476e-06,80.034924269267,3.00850117438037,91.5620700567821,0.344625432100904,0,0,100,6,300,0.0606060606060606,4
Disconnected,10,20300934,6,GRA,1,8.97294520888418e-07,80.0340080736137,3.00846673471889,91.5644087255446,0.344634181479782,0,0,100,6,300,0.0606060606060606,4
Disconnected,10,20300934,6,RRA,1,NaN,74.0661564161293,2.78413605802998,99.7002757225218,0.372244579503272,0,0,100,6,300,0.0606060606060606,4
Disconnected,10,20300934,7,GURA,1,9.98649937855589e-06,80.1932559081131,3.01445283767935,91.3255722516427,0.34367895479671,0,0,100,7,350,0.0707070707070707,4
Disconnected,10,20300934,7,GRA,1,7.29203075230219e-07,80.1929465480643,3.01444120888007,91.32561283604,0.343678562034455,0,0,100,7,350,0.0707070707070707,4
Disconnected,10,20300934,7,RRA,1,NaN,73.9096675556353,2.77825366450151,101.708344158384,0.380319755567402,0,0,100,7,350,0.0707070707070707,4
Disconnected,10,20300934,8,GURA,1,9.65145641984577e-06,81.4637495832188,3.0622105103266,89.5470103452806,0.336832901895374,0,0,100,8,400,0.0808080808080808,4
Disconnected,10,20300934,8,GRA,1,9.34171635491262e-07,81.4634347939081,3.06219867744214,89.5490227349439,0.336841567973851,0,0,100,8,400,0.0808080808080808,4
Disconnected,10,20300934,8,RRA,1,NaN,74.2031451287559,2.78928544383346,99.688350417946,0.373127699258848,0,0,100,8,400,0.0808080808080808,4
Disconnected,10,20300934,9,GURA,1,8.40642226052069e-06,82.1272394790692,3.08715099910797,88.7583271861846,0.333876070268359,0,0,100,9,450,0.0909090909090909,4
Disconnected,10,20300934,9,GRA,1,7.31001946683813e-07,82.1270339744124,3.08714327421777,88.758545225309,0.333877431332286,0,0,100,9,450,0.0909090909090909,4
Disconnected,10,20300934,9,RRA,1,NaN,74.4101754484288,2.7970676834689,97.703271940022,0.365032421221706,0,0,100,9,450,0.0909090909090909,4
Disconnected,10,20300934,10,GURA,1,9.16599470102142e-06,82.5673342270756,3.10369409674071,88.21757941598,0.331810369249731,0,0,100,10,500,0.101010101010101,4
Disconnected,10,20300934,10,GRA,1,8.16271796790641e-07,82.5666910935154,3.10366992144363,88.2177623100745,0.331811366969404,0,0,100,10,500,0.101010101010101,4
Disconnected,10,20300934,10,RRA,1,NaN,74.1896485572442,2.78877810967135,98.0441503113086,0.366118704868427,0,0,100,10,500,0.101010101010101,4
Disconnected,10,20300934,11,GURA,1,9.30597488135732e-06,82.929590637539,3.11731126257496,87.8792943506916,0.330528898486293,0,0,100,11,550,0.111111111111111,4
Disconnected,10,20300934,11,GRA,1,6.5902949881676e-07,82.9292062428318,3.11729681323376,87.8809710491589,0.330536226131323,0,0,100,11,550,0.111111111111111,4
Disconnected,10,20300934,11,RRA,1,NaN,74.2797189698965,2.79216384339592,97.7609642779064,0.365201839659198,0,0,100,11,550,0.111111111111111,4
Disconnected,10,20300934,12,GURA,1,8.99146949251417e-06,83.2372561415147,3.12887636416627,87.6343726069478,0.329635070291884,0,0,100,12,600,0.121212121212121,4
Disconnected,10,20300934,12,GRA,1,6.33529875821624e-07,83.2369734243413,3.1288657368688,87.6362437670346,0.329643834633994,0,0,100,12,600,0.121212121212121,4
Disconnected,10,20300934,12,RRA,1,NaN,74.3225676973186,2.79377452083389,97.3371633012366,0.363488168318374,0,0,100,12,600,0.121212121212121,4
Disconnected,10,20300934,13,GURA,1,8.57087461270112e-06,83.4560963337179,3.13710253519418,87.4619395352444,0.329028473641609,0,0,100,13,650,0.131313131313131,4
Disconnected,10,20300934,13,GRA,1,6.28624915705172e-07,83.4556716949647,3.13708657308515,87.4653717609817,0.329043267959245,0,0,100,13,650,0.131313131313131,4
Disconnected,10,20300934,13,RRA,1,NaN,74.4723348076536,2.79940424475054,97.0903458237032,0.362677304341811,0,0,100,13,650,0.131313131313131,4
Disconnected,11,20300935,4,GURA,1,9.95238144696486e-06,79.461753512183,2.98140119808644,91.069634568257,0.347310544748999,0,0,100,4,200,0.0404040404040404,4
Disconnected,11,20300935,4,GRA,1,5.87436760104348e-07,79.4613885128363,2.98138750332837,91.0707610552673,0.347315021141059,0,0,100,4,200,0.0404040404040404,4
Disconnected,11,20300935,4,RRA,1,NaN,73.1520956879485,2.74466313775904,108.239513195085,0.413033221727952,0,0,100,4,200,0.0404040404040404,4
Disconnected,11,20300935,5,GURA,1,9.89196569989303e-06,79.771077771024,2.99300702951029,90.8812407862347,0.346754980357519,0,0,100,5,250,0.0505050505050505,4
Disconnected,11,20300935,5,GRA,1,5.42639703089887e-07,79.7707320607283,2.9929940584765,90.8827979559689,0.346761965422018,0,0,100,5,250,0.0505050505050505,4
Disconnected,11,20300935,5,RRA,1,NaN,73.880787526802,2.77200362076336,99.0130006612104,0.374654227849674,0,0,100,5,250,0.0505050505050505,4
Disconnected,11,20300935,6,GURA,1,9.98015918440842e-06,79.8734026923658,2.9968462556738,90.7940680162809,0.346489815708308,0,0,100,6,300,0.0606060606060606,4
Disconnected,11,20300935,6,GRA,1,9.08009259737862e-07,79.8724246468886,2.99680955945419,90.7944353235916,0.346491241934285,0,0,100,6,300,0.0606060606060606,4
Disconnected,11,20300935,6,RRA,1,NaN,74.2814198085114,2.78703532484597,97.1845179854341,0.36763005792112,0,0,100,6,300,0.0606060606060606,4
Disconnected,11,20300935,7,GURA,1,9.62916502089683e-06,80.0414405637082,3.00315102858404,90.6375264101549,0.345895059197629,0,0,100,7,350,0.0707070707070707,4
Disconnected,11,20300935,7,GRA,1,9.81879963030843e-07,80.0407826971356,3.00312634546165,90.6384116521194,0.345897783935655,0,0,100,7,350,0.0707070707070707,4
Disconnected,11,20300935,7,RRA,1,NaN,74.0666272310357,2.77897631759379,98.5614556312086,0.372898606570687,0,0,100,7,350,0.0707070707070707,4
Disconnected,11,20300935,8,GURA,1,9.25554936870299e-06,81.3200761555588,3.05112537494521,88.7469671494709,0.338403811175911,0,0,100,8,400,0.0808080808080808,4
Disconnected,11,20300935,8,GRA,1,4.67010811443382e-07,81.3195040712109,3.05110391036779,88.7477561543209,0.338406868770341,0,0,100,8,400,0.0808080808080808,4
Disconnected,11,20300935,8,RRA,1,NaN,74.4139655740792,2.79200843564203,97.222768158033,0.36809222543409,0,0,100,8,400,0.0808080808080808,4
Disconnected,11,20300935,9,GURA,1,8.49642504618942e-06,82.0160352869852,3.07723772832961,87.808314049452,0.334666509060577,0,0,100,9,450,0.0909090909090909,4
Disconnected,11,20300935,9,GRA,1,7.45762865773285e-07,82.0157689944444,3.07722773704619,87.8087492708118,0.334668380792135,0,0,100,9,450,0.0909090909090909,4
Disconnected,11,20300935,9,RRA,1,NaN,74.4529853840587,2.79347245704956,96.8211194599939,0.366555424328548,0,0,100,9,450,0.0909090909090909,4
Disconnected,11,20300935,10,GURA,1,9.51407966098827e-06,82.2780409702375,3.08706816905647,87.6303668678579,0.334040738153309,0,0,100,10,500,0.101010101010101,4
Disconnected,11,20300935,10,GRA,1,4.83161871017311e-07,82.2778002369612,3.08705913675544,87.6306773750955,0.334042712427388,0,0,100,10,500,0.101010101010101,4
Disconnected,11,20300935,10,RRA,1,NaN,74.3220016302032,2.78855795285838,97.0264658987478,0.367240468259295,0,0,100,10,500,0.101010101010101,4
Disconnected,11,20300935,11,GURA,1,9.16908318870924e-06,82.7364668547641,3.10426828635758,87.186356243715,0.332434184713741,0,0,100,11,550,0.111111111111111,4
Disconnected,11,20300935,11,GRA,1,4.3562015371429e-07,82.7361697197348,3.10425713786546,87.1887753405137,0.332444695198472,0,0,100,11,550,0.111111111111111,4
Disconnected,11,20300935,11,RRA,1,NaN,74.3459627217439,2.78945697186903,96.8419720222486,0.366478722538356,0,0,100,11,550,0.111111111111111,4
Disconnected,11,20300935,12,GURA,1,8.75910985698169e-06,82.9656567707539,3.11286748106345,86.9551198944138,0.331582627409347,0,0,100,12,600,0.121212121212121,4
Disconnected,11,20300935,12,GRA,1,5.21429516383036e-07,82.9652902070363,3.11285372761027,86.9561490376223,0.331586972322362,0,0,100,12,600,0.121212121212121,4
Disconnected,11,20300935,12,RRA,1,NaN,74.3134805685985,2.78823824303379,96.4275608996873,0.365084765090687,0,0,100,12,600,0.121212121212121,4
Disconnected,11,20300935,13,GURA,1,8.73705384663026e-06,83.223532969119,3.12254298371449,86.752521083675,0.33083566777139,0,0,100,13,650,0.131313131313131,4
Disconnected,11,20300935,13,GRA,1,6.29257817221839e-07,83.223383355248,3.1225373702092,86.7530011386163,0.330837564886187,0,0,100,13,650,0.131313131313131,4
Disconnected,11,20300935,13,RRA,1,NaN,74.3791962474993,2.79070389216872,96.2492416308215,0.364549716826231,0,0,100,13,650,0.131313131313131,4
Disconnected,12,20300936,4,GURA,1,9.90226070740619e-06,80.0935524641629,2.99588980415922,92.9770557508966,0.346418751987466,0,0,100,4,200,0.0404040404040404,4
Disconnected,12,20300936,4,GRA,1,5.8873728888388e-07,80.0927126952169,2.99585839270167,92.979154272791,0.346427738791964,0,0,100,4,200,0.0404040404040404,4
Disconnected,12,20300936,4,RRA,1,NaN,73.8986302037271,2.76416947378802,104.673843551964,0.387378619114422,0,0,100,4,200,0.0404040404040404,4
Disconnected,12,20300936,5,GURA,1,9.78521025274404e-06,80.3486704945327,3.00543246374326,92.6705227245879,0.345330897758151,0,0,100,5,250,0.0505050505050505,4
Disconnected,12,20300936,5,GRA,1,9.89298999029207e-07,80.3479873438611,3.00540691057364,92.6710193367925,0.345333407060613,0,0,100,5,250,0.0505050505050505,4
Disconnected,12,20300936,5,RRA,1,NaN,74.6065977782958,2.79065091671409,100.619949707581,0.37172106174169,0,0,100,5,250,0.0505050505050505,4
Disconnected,12,20300936,6,GURA,1,9.99860282036025e-06,80.439261742536,3.00882101860054,92.4796355762334,0.344582584151568,0,0,100,6,300,0.0606060606060606,4
Disconnected,12,20300936,6,GRA,1,8.72183106064887e-07,80.4387322860495,3.00880121434363,92.4806978438849,0.344586700955082,0,0,100,6,300,0.0606060606060606,4
Disconnected,12,20300936,6,RRA,1,NaN,74.8008365825568,2.79791639608608,98.9429688575322,0.36471134581414,0,0,100,6,300,0.0606060606060606,4
Disconnected,12,20300936,7,GURA,1,9.84742943543893e-06,80.5774245765211,3.01398898297364,92.3644647339231,0.344165226626192,0,0,100,7,350,0.0707070707070707,4
Disconnected,12,20300936,7,GRA,1,8.22836187034068e-07,80.5768521585498,3.0139675717475,92.3643947780312,0.344164905076223,0,0,100,7,350,0.0707070707070707,4
Disconnected,12,20300936,7,RRA,1,NaN,74.6392791876329,2.79187336094345,99.5692977827318,0.367027466913259,0,0,100,7,350,0.0707070707070707,4
Disconnected,12,20300936,8,GURA,1,9.88438055671281e-06,82.0778422973015,3.07011192937031,90.2155589174014,0.335747611865168,0,0,100,8,400,0.0808080808080808,4
Disconnected,12,20300936,8,GRA,1,7.82235136025187e-07,82.0775304657895,3.0701002653497,90.2161598946306,0.335750740618687,0,0,100,8,400,0.0808080808080808,4
Disconnected,12,20300936,8,RRA,1,NaN,74.8888107978692,2.8012070611468,98.322804566397,0.362817589668668,0,0,100,8,400,0.0808080808080808,4
Disconnected,12,20300936,9,GURA,1,7.81799223048552e-06,82.7516210480866,3.09531454340894,89.422415889689,0.332836592203614,0,0,100,9,450,0.0909090909090909,4
Disconnected,12,20300936,9,GRA,1,2.88133208566064e-07,82.7514366980169,3.0953076478165,89.4225889856962,0.332837804641858,0,0,100,9,450,0.0909090909090909,4
Disconnected,12,20300936,9,RRA,1,NaN,74.9445513140878,2.80329202852657,97.7625435697267,0.360534113699314,0,0,100,9,450,0.0909090909090909,4
Disconnected,12,20300936,10,GURA,1,9.01806305719788e-06,82.9445015344977,3.1025292150633,89.144849551125,0.331771993323601,0,0,100,10,500,0.101010101010101,4
Disconnected,12,20300936,10,GRA,1,5.49129737252379e-07,82.9443365073898,3.10252304224395,89.1443987020269,0.331770024413927,0,0,100,10,500,0.101010101010101,4
Disconnected,12,20300936,10,RRA,1,NaN,74.6001174145563,2.79040851947914,98.1524188500096,0.361936110821975,0,0,100,10,500,0.101010101010101,4
Disconnected,12,20300936,11,GURA,1,7.8475551354984e-06,83.3943877685476,3.11935715614163,88.6660505417516,0.330083858112258,0,0,100,11,550,0.111111111111111,4
Disconnected,12,20300936,11,GRA,1,2.35908647121101e-07,83.3943074142295,3.11935415049792,88.6663738444469,0.330085220888043,0,0,100,11,550,0.111111111111111,4
Disconnected,12,20300936,11,RRA,1,NaN,74.6445472674787,2.79207041284353,97.9803079527161,0.361172271997507,0,0,100,11,550,0.111111111111111,4
Disconnected,12,20300936,12,GURA,1,9.8063957025829e-06,83.7621820483403,3.13311445743442,88.2922243415094,0.328659480197228,0,0,100,12,600,0.121212121212121,4
Disconnected,12,20300936,12,GRA,1,4.72326340838512e-07,83.7618888528653,3.13310349049255,88.2930853509999,0.328663661249842,0,0,100,12,600,0.121212121212121,4
Disconnected,12,20300936,12,RRA,1,NaN,74.637415827901,2.79180366219429,98.0277046862511,0.36131480403882,0,0,100,12,600,0.121212121212121,4
Disconnected,12,20300936,13,GURA,1,9.98154699161091e-06,84.027915711223,3.14305419349006,88.1171295438621,0.32807716089973,0,0,100,13,650,0.131313131313131,4
Disconnected,12,20300936,13,GRA,1,9.8911676790932e-07,84.0276867679023,3.14304562989237,88.117144392529,0.328076555002842,0,0,100,13,650,0.131313131313131,4
Disconnected,12,20300936,13,RRA,1,NaN,74.7253332117927,2.79509220148248,98.0330490750146,0.361417449520382,0,0,100,13,650,0.131313131313131,4
Disconnected,13,20300937,4,GURA,1,9.80872754041684e-06,80.3711902128867,2.97858063721486,91.4661118256266,0.348449602009065,0,0,100,4,200,0.0404040404040404,4
Disconnected,13,20300937,4,GRA,1,4.58954123678504e-07,80.3703469055324,2.97854938398904,91.4692262366148,0.348462434079193,0,0,100,4,200,0.0404040404040404,4
Disconnected,13,20300937,4,RRA,1,NaN,74.2513846364671,2.75177879012064,132.781085353806,0.506886689163767,0,0,100,4,200,0.0404040404040404,4
Disconnected,13,20300937,5,GURA,1,9.99137061796773e-06,80.6223942137684,2.98789033352563,91.3927731348102,0.348295968154986,0,0,100,5,250,0.0505050505050505,4
Disconnected,13,20300937,5,GRA,1,8.27086405706453e-07,80.6216016043451,2.98786095918048,91.3951072744556,0.348305393931859,0,0,100,5,250,0.0505050505050505,4
Disconnected,13,20300937,5,RRA,1,NaN,74.9656714554734,2.77825047584378,105.120146613238,0.39874314479355,0,0,100,5,250,0.0505050505050505,4
Disconnected,13,20300937,6,GURA,1,9.9939955617856e-06,80.6958509978687,2.99061266417935,91.3115556781338,0.347986508706859,0,0,100,6,300,0.0606060606060606,4
Disconnected,13,20300937,6,GRA,1,1.93735938903137e-07,80.6952848896442,2.9905916840372,91.312050911207,0.34798839741666,0,0,100,6,300,0.0606060606060606,4
Disconnected,13,20300937,6,RRA,1,NaN,75.4458064455196,2.79604442390916,101.554813905683,0.384435863240237,0,0,100,6,300,0.0606060606060606,4
Disconnected,13,20300937,7,GURA,1,9.94582536506528e-06,80.8383458701963,2.99589356728024,91.0817620392626,0.347091152408456,0,0,100,7,350,0.0707070707070707,4
Disconnected,13,20300937,7,GRA,1,2.82636653556972e-07,80.8380387201051,2.99588218420489,91.0821750737367,0.34709272303542,0,0,100,7,350,0.0707070707070707,4
Disconnected,13,20300937,7,RRA,1,NaN,75.1804198262856,2.78620911546925,105.014706267163,0.397134083326133,0,0,100,7,350,0.0707070707070707,4
Disconnected,13,20300937,8,GURA,1,9.95003124870664e-06,82.0299728522898,3.04005562393568,89.3259092859487,0.340101512818753,0,0,100,8,400,0.0808080808080808,4
Disconnected,13,20300937,8,GRA,1,7.78864410368357e-07,82.0292272398137,3.04002799131163,89.3276685119506,0.340108810614911,0,0,100,8,400,0.0808080808080808,4
Disconnected,13,20300937,8,RRA,1,NaN,75.2251263423394,2.78786595248663,98.2957112834929,0.372239881286893,0,0,100,8,400,0.0808080808080808,4
Disconnected,13,20300937,9,GURA,1,8.86132800204109e-06,82.881209174602,3.07160269970521,88.1962669983692,0.335774485478871,0,0,100,9,450,0.0909090909090909,4
Disconnected,13,20300937,9,GRA,1,3.55813012663112e-07,82.8809684123276,3.07159377698245,88.196597017798,0.335775740332459,0,0,100,9,450,0.0909090909090909,4
Disconnected,13,20300937,9,RRA,1,NaN,75.2783155152708,2.78983715933554,96.9799633321036,0.367125485612521,0,0,100,9,450,0.0909090909090909,4
Disconnected,13,20300937,10,GURA,1,9.22361315147668e-06,83.2642646492988,3.0857988515463,87.8281562492822,0.334412946315129,0,0,100,10,500,0.101010101010101,4
Disconnected,13,20300937,10,GRA,1,9.78014953888635e-07,83.2638006691484,3.08578165630148,87.8288118033449,0.334415889672367,0,0,100,10,500,0.101010101010101,4
Disconnected,13,20300937,10,RRA,1,NaN,75.2020222651233,2.78700970839152,97.3410026447158,0.368618738498864,0,0,100,10,500,0.101010101010101,4
Disconnected,13,20300937,11,GURA,1,9.62479971633456e-06,83.6748257950099,3.10101437188099,87.4147765051049,0.332846563955916,0,0,100,11,550,0.111111111111111,4
Disconnected,13,20300937,11,GRA,1,1.02677131139523e-07,83.6748132742991,3.10101390785966,87.4151469730333,0.332848418528675,0,0,100,11,550,0.111111111111111,4
Disconnected,13,20300937,11,RRA,1,NaN,75.3256532189454,2.79159150896259,97.0001996790228,0.367272388211052,0,0,100,11,550,0.111111111111111,4
Disconnected,13,20300937,12,GURA,1,9.86251101409152e-06,84.0278111225049,3.11409611496471,87.1118770555751,0.331719158865296,0,0,100,12,600,0.121212121212121,4
Disconnected,13,20300937,12,GRA,1,7.19016547245215e-07,84.0277914877498,3.11409538729474,87.1102012683618,0.331712036440399,0,0,100,12,600,0.121212121212121,4
Disconnected,13,20300937,12,RRA,1,NaN,75.4043194313996,2.79450690260798,96.4974667528351,0.365289409909875,0,0,100,12,600,0.121212121212121,4
Disconnected,13,20300937,13,GURA,1,7.57500282944079e-06,84.2196861523183,3.12120706164913,86.9829032605987,0.331279327725541,0,0,100,13,650,0.131313131313131,4
Disconnected,13,20300937,13,GRA,1,9.44631281438595e-07,84.2193992825489,3.12119643016864,86.9825020990848,0.331277231179897,0,0,100,13,650,0.131313131313131,4
Disconnected,13,20300937,13,RRA,1,NaN,75.3547000760441,2.79266799427899,96.4590427511164,0.365205893535426,0,0,100,13,650,0.131313131313131,4
Disconnected,14,20300938,4,GURA,1,9.52567427958684e-06,78.3474050589868,2.99819023306734,90.6499552073632,0.344059380759979,0,0,100,4,200,0.0404040404040404,4
Disconnected,14,20300938,4,GRA,1,6.21311402305959e-07,78.3465772683988,2.99815855526443,90.6519222616688,0.344067361827961,0,0,100,4,200,0.0404040404040404,4
Disconnected,14,20300938,4,RRA,1,NaN,71.9696621111041,2.75412743863325,113.168016036868,0.42011067622269,0,0,100,4,200,0.0404040404040404,4
Disconnected,14,20300938,5,GURA,1,9.95348694843301e-06,78.6015242062978,3.0079148377933,90.5322302688913,0.34378061718245,0,0,100,5,250,0.0505050505050505,4
Disconnected,14,20300938,5,GRA,1,4.82946690561629e-07,78.6009351483712,3.00789229578669,90.5339814682163,0.343787967839647,0,0,100,5,250,0.0505050505050505,4
Disconnected,14,20300938,5,RRA,1,NaN,72.9109837646803,2.79014983638595,100.386636924437,0.377701270563746,0,0,100,5,250,0.0505050505050505,4
Disconnected,14,20300938,6,GURA,1,9.94833159850828e-06,78.6790217189201,3.01088050443224,90.4736633563541,0.343564630201421,0,0,100,6,300,0.0606060606060606,4
Disconnected,14,20300938,6,GRA,1,6.54490277972213e-07,78.6782724341037,3.01085183087992,90.4743042713586,0.343567619023487,0,0,100,6,300,0.0606060606060606,4
Disconnected,14,20300938,6,RRA,1,NaN,73.140336985766,2.79892670125932,98.555091002699,0.370242065621399,0,0,100,6,300,0.0606060606060606,4
Disconnected,14,20300938,7,GURA,1,9.87627622350828e-06,78.8472509834068,3.01731828418156,90.2653725917867,0.3427675817776,0,0,100,7,350,0.0707070707070707,4
Disconnected,14,20300938,7,GRA,1,3.40224740671579e-07,78.8465479279966,3.01729137973127,90.267500187668,0.342776197913216,0,0,100,7,350,0.0707070707070707,4
Disconnected,14,20300938,7,RRA,1,NaN,72.8745844087828,2.7887569096737,99.1663744692809,0.37246276881719,0,0,100,7,350,0.0707070707070707,4
Disconnected,14,20300938,8,GURA,1,9.6809019929367e-06,80.3104428282166,3.07331155536788,88.3369651571757,0.33526999822417,0,0,100,8,400,0.0808080808080808,4
Disconnected,14,20300938,8,GRA,1,4.93993095941267e-07,80.3100535492473,3.07329665848134,88.3375908465378,0.335272587079857,0,0,100,8,400,0.0808080808080808,4
Disconnected,14,20300938,8,RRA,1,NaN,73.0874524367697,2.79690292091635,97.1695770464492,0.365841461777058,0,0,100,8,400,0.0808080808080808,4
Disconnected,14,20300938,9,GURA,1,9.1102166663859e-06,80.9272170683022,3.09691420693292,87.7444259174995,0.333040837714969,0,0,100,9,450,0.0909090909090909,4
Disconnected,14,20300938,9,GRA,1,1.16135510610339e-07,80.9270560369537,3.09690804460226,87.7445949399396,0.333041641563643,0,0,100,9,450,0.0909090909090909,4
Disconnected,14,20300938,9,RRA,1,NaN,73.0319866726595,2.79478036290566,96.9474608412155,0.365020407739471,0,0,100,9,450,0.0909090909090909,4
Disconnected,14,20300938,10,GURA,1,7.35136537599601e-06,81.2598293150895,3.10964257731054,87.302260781894,0.331277402395278,0,0,100,10,500,0.101010101010101,4
Disconnected,14,20300938,10,GRA,1,3.61418742011306e-07,81.2595286920572,3.10963107310005,87.3030633529193,0.331280695505309,0,0,100,10,500,0.101010101010101,4
Disconnected,14,20300938,10,RRA,1,NaN,73.1056413723805,2.79759897318582,97.2487400527273,0.366235924994806,0,0,100,10,500,0.101010101010101,4
Disconnected,14,20300938,11,GURA,1,9.49503922242911e-06,81.4970555720435,3.1187207266901,87.0909385271641,0.330497868659559,0,0,100,11,550,0.111111111111111,4
Disconnected,14,20300938,11,GRA,1,3.32366186282209e-07,81.4967701083385,3.11870980259515,87.0914587677744,0.330499890325334,0,0,100,11,550,0.111111111111111,4
Disconnected,14,20300938,11,RRA,1,NaN,73.1423907692093,2.7990052952275,96.9723481999413,0.365422395536091,0,0,100,11,550,0.111111111111111,4
Disconnected,14,20300938,12,GURA,1,9.12201999625495e-06,81.6839010009463,3.12587090785574,86.783625451329,0.329326027641066,0,0,100,12,600,0.121212121212121,4
Disconnected,14,20300938,12,GRA,1,3.34978993452759e-07,81.6837739588309,3.12586604622147,86.7834052299161,0.32932510837034,0,0,100,12,600,0.121212121212121,4
Disconnected,14,20300938,12,RRA,1,NaN,73.1944545069361,2.80099766485138,96.4932842649971,0.363398462065749,0,0,100,12,600,0.121212121212121,4
Disconnected,14,20300938,13,GURA,1,7.34330189899879e-06,81.9284446024486,3.13522907660468,86.5304790933858,0.328402854652741,0,0,100,13,650,0.131313131313131,4
Disconnected,14,20300938,13,GRA,1,1.95839783576914e-07,81.9283173753414,3.13522420789116,86.5307165571474,0.328404111550287,0,0,100,13,650,0.131313131313131,4
Disconnected,14,20300938,13,RRA,1,NaN,73.2408797006582,2.80277425926802,96.3030317438674,0.362653388353409,0,0,100,13,650,0.131313131313131,4
Disconnected,15,20300939,4,GURA,1,8.03848273989161e-06,80.4554625159328,2.9968413567644,91.9447438266186,0.347752285253461,0,0,100,4,200,0.0404040404040404,4
Disconnected,15,20300939,4,GRA,1,2.51069135099658e-07,80.4551404636913,2.99682936081724,91.9453867598898,0.347754994190084,0,0,100,4,200,0.0404040404040404,4
Disconnected,15,20300939,4,RRA,1,NaN,73.7958715444741,2.74878190848952,105.614513191796,0.396339960311725,0,0,100,4,200,0.0404040404040404,4
Disconnected,15,20300939,5,GURA,1,9.9697427380363e-06,80.8464529710159,3.01140514558931,91.5713600698529,0.346484265454517,0,0,100,5,250,0.0505050505050505,4
Disconnected,15,20300939,5,GRA,1,8.20709183430848e-07,80.8460353476079,3.01138958976425,91.572786405084,0.346490871175488,0,0,100,5,250,0.0505050505050505,4
Disconnected,15,20300939,5,RRA,1,NaN,74.5162005227428,2.77561304717229,101.509329252932,0.38077662032022,0,0,100,5,250,0.0505050505050505,4
Disconnected,15,20300939,6,GURA,1,9.9244969860024e-06,80.9488763975701,3.0152202595791,91.4903822089509,0.346307503180951,0,0,100,6,300,0.0606060606060606,4
Disconnected,15,20300939,6,GRA,1,5.99611426758398e-07,80.9484712747197,3.01520516938044,91.4917001997636,0.346312539668848,0,0,100,6,300,0.0606060606060606,4
Disconnected,15,20300939,6,RRA,1,NaN,74.8830054700785,2.7892759632959,99.3256098291037,0.372180588079272,0,0,100,6,300,0.0606060606060606,4
Disconnected,15,20300939,7,GURA,1,9.99102647725181e-06,81.1375985790811,3.02224986851807,91.3206085491711,0.345656821080408,0,0,100,7,350,0.0707070707070707,4
Disconnected,15,20300939,7,GRA,1,2.2295916740384e-07,81.1371311422059,3.02223245721851,91.3211282971029,0.345658931817781,0,0,100,7,350,0.0707070707070707,4
Disconnected,15,20300939,7,RRA,1,NaN,74.8641924109921,2.78857520598553,100.236976406691,0.375859426541496,0,0,100,7,350,0.0707070707070707,4
Disconnected,15,20300939,8,GURA,1,9.45428897836109e-06,82.5705957935375,3.07562679510724,89.2210698803011,0.337530108285729,0,0,100,8,400,0.0808080808080808,4
Disconnected,15,20300939,8,GRA,1,5.45992396416308e-07,82.5698402890023,3.07559865373355,89.2232565272883,0.337539274021285,0,0,100,8,400,0.0808080808080808,4
Disconnected,15,20300939,8,RRA,1,NaN,75.2066025762763,2.80132945426416,98.4441176148368,0.369308286613708,0,0,100,8,400,0.0808080808080808,4
Disconnected,15,20300939,9,GURA,1,9.62822518602025e-06,83.1648127845234,3.09776045760562,88.5906862644557,0.335179794942802,0,0,100,9,450,0.0909090909090909,4
Disconnected,15,20300939,9,GRA,1,2.06068624398906e-07,83.1646419038217,3.09775409256417,88.5911618622758,0.335181864975638,0,0,100,9,450,0.0909090909090909,4
Disconnected,15,20300939,9,RRA,1,NaN,75.0818430498874,2.79668235515316,97.6935127141049,0.366097604007648,0,0,100,9,450,0.0909090909090909,4
Disconnected,15,20300939,10,GURA,1,8.25939832438394e-06,83.4456563847971,3.1082214467015,88.0968560173211,0.333224908772349,0,0,100,10,500,0.101010101010101,4
Disconnected,15,20300939,10,GRA,1,2.60121489606468e-07,83.4453778536171,3.10821107184648,88.0966246517963,0.333224109239827,0,0,100,10,500,0.101010101010101,4
Disconnected,15,20300939,10,RRA,1,NaN,74.9328258441286,2.79113169505971,98.1790064003627,0.368076892648976,0,0,100,10,500,0.101010101010101,4
Disconnected,15,20300939,11,GURA,1,9.52254258734797e-06,83.9567432221791,3.12725863974307,87.5038583237876,0.331033681551884,0,0,100,11,550,0.111111111111111,4
Disconnected,15,20300939,11,GRA,1,9.32838368356329e-07,83.9557934395389,3.12722326181089,87.5032335284499,0.331031260219088,0,0,100,11,550,0.111111111111111,4
Disconnected,15,20300939,11,RRA,1,NaN,75.2098180396954,2.80144922529591,97.5297298027859,0.365636432173135,0,0,100,11,550,0.111111111111111,4
Disconnected,15,20300939,12,GURA,1,9.72339161720015e-06,84.2211621252446,3.13710783430907,87.3944516559384,0.330691924157777,0,0,100,12,600,0.121212121212121,4
Disconnected,15,20300939,12,GRA,1,1.63128356482555e-07,84.2211614415168,3.13710780884127,87.3936107656858,0.330688601379874,0,0,100,12,600,0.121212121212121,4
Disconnected,15,20300939,12,RRA,1,NaN,75.4234494704442,2.80940666518566,97.034496674305,0.363838218006608,0,0,100,12,600,0.121212121212121,4
Disconnected,15,20300939,13,GURA,1,9.85028347955108e-06,84.3292468660639,3.1411338234861,87.2816564533166,0.33025806234499,0,0,100,13,650,0.131313131313131,4
Disconnected,15,20300939,13,GRA,1,7.30077874950972e-07,84.3291689823442,3.14113092243818,87.282108231977,0.330259956441584,0,0,100,13,650,0.131313131313131,4
Disconnected,15,20300939,13,RRA,1,NaN,75.4439757576244,2.81017123758882,96.804290219475,0.363030583916505,0,0,100,13,650,0.131313131313131,4
Disconnected,16,20300940,4,GURA,1,9.94847921376163e-06,81.6094025856072,3.00504808132659,93.2808961226373,0.345843612549969,0,0,100,4,200,0.0404040404040404,4
Disconnected,16,20300940,4,GRA,1,6.22445078223878e-07,81.6089569497838,3.00503167197873,93.2815911945835,0.345846400807051,0,0,100,4,200,0.0404040404040404,4
Disconnected,16,20300940,4,RRA,1,NaN,74.730257203468,2.75174194285708,113.510115177481,0.422728135900973,0,0,100,4,200,0.0404040404040404,4
Disconnected,16,20300940,5,GURA,1,9.9940921813868e-06,81.9251395356841,3.01667425044402,93.2527185680177,0.345939925393802,0,0,100,5,250,0.0505050505050505,4
Disconnected,16,20300940,5,GRA,1,6.99883856068929e-07,81.9244574139204,3.01664913313361,93.2541472696488,0.34594714019341,0,0,100,5,250,0.0505050505050505,4
Disconnected,16,20300940,5,RRA,1,NaN,75.6613285300282,2.78602615539647,102.481044399855,0.376757452063258,0,0,100,5,250,0.0505050505050505,4
Disconnected,16,20300940,6,GURA,1,9.96516082452104e-06,81.9767896692049,3.01857612853306,93.1491604621384,0.345544992566,0,0,100,6,300,0.0606060606060606,4
Disconnected,16,20300940,6,GRA,1,8.32825890504538e-07,81.9758584257395,3.01854183798197,93.1514852408004,0.345554209012303,0,0,100,6,300,0.0606060606060606,4
Disconnected,16,20300940,6,RRA,1,NaN,75.9822613013864,2.79784364674244,100.255352502145,0.36803758732722,0,0,100,6,300,0.0606060606060606,4
Disconnected,16,20300940,7,GURA,1,9.98275272223736e-06,82.2052808899345,3.02698970690392,92.9393291619407,0.344752691470104,0,0,100,7,350,0.0707070707070707,4
Disconnected,16,20300940,7,GRA,1,5.6577948242631e-07,82.2047497531189,3.02697014921059,92.9393053465828,0.344751955337508,0,0,100,7,350,0.0707070707070707,4
Disconnected,16,20300940,7,RRA,1,NaN,75.780674783017,2.79042076211084,101.357195577183,0.372155336231856,0,0,100,7,350,0.0707070707070707,4
Disconnected,16,20300940,8,GURA,1,9.11529932778876e-06,83.5033965556633,3.07478934600245,91.132190121551,0.337858107623249,0,0,100,8,400,0.0808080808080808,4
Disconnected,16,20300940,8,GRA,1,4.39432445145476e-07,83.5028572281952,3.07476948671024,91.1326813338302,0.337859131359218,0,0,100,8,400,0.0808080808080808,4
Disconnected,16,20300940,8,RRA,1,NaN,76.0513312643006,2.80038696347993,99.6097704619284,0.366188238575776,0,0,100,8,400,0.0808080808080808,4
Disconnected,16,20300940,9,GURA,1,9.25585158029207e-06,84.3312896066336,3.10527429437286,89.9904149235096,0.333508721026847,0,0,100,9,450,0.0909090909090909,4
Disconnected,16,20300940,9,GRA,1,4.73168869819407e-07,84.3308732531494,3.10525896326885,89.991684721412,0.333513638783418,0,0,100,9,450,0.0909090909090909,4
Disconnected,16,20300940,9,RRA,1,NaN,75.9068035988505,2.79506511856992,99.4019272419009,0.365088825977328,0,0,100,9,450,0.0909090909090909,4
Disconnected,16,20300940,10,GURA,1,9.65045790479735e-06,84.6435246790607,3.11677151620751,89.6967458420024,0.33243837292295,0,0,100,10,500,0.101010101010101,4
Disconnected,16,20300940,10,GRA,1,2.96483662133746e-07,84.6432660879322,3.1167619942805,89.6938464458487,0.332426884642771,0,0,100,10,500,0.101010101010101,4
Disconnected,16,20300940,10,RRA,1,NaN,75.7940174507834,2.79091207018197,99.8947711104182,0.366695378666631,0,0,100,10,500,0.101010101010101,4
Disconnected,16,20300940,11,GURA,1,8.2322116732314e-06,85.2347450414177,3.13854162552399,88.991147165652,0.329898357148382,0,0,100,11,550,0.111111111111111,4
Disconnected,16,20300940,11,GRA,1,4.04673940581799e-07,85.2345858239056,3.13853576276475,88.9910474035371,0.329897549503615,0,0,100,11,550,0.111111111111111,4
Disconnected,16,20300940,11,RRA,1,NaN,75.8757350687195,2.79392110300429,99.5559586704523,0.365405482238905,0,0,100,11,550,0.111111111111111,4
Disconnected,16,20300940,12,GURA,1,9.15238783605332e-06,85.4369769381952,3.14598827449017,88.8930654097137,0.329647734749463,0,0,100,12,600,0.121212121212121,4
Disconnected,16,20300940,12,GRA,1,6.32573816246448e-07,85.4364856634757,3.14597018461196,88.8946508099841,0.329654956118394,0,0,100,12,600,0.121212121212121,4
Disconnected,16,20300940,12,RRA,1,NaN,75.9239883842957,2.79569790235333,99.2361221777109,0.364207276689722,0,0,100,12,600,0.121212121212121,4
Disconnected,16,20300940,13,GURA,1,6.65229288543401e-06,85.6489331421195,3.15379299507074,88.7009581730773,0.328968220031501,0,0,100,13,650,0.131313131313131,4
Disconnected,16,20300940,13,GRA,1,4.85493922028216e-07,85.6487445379256,3.1537860502255,88.7011230783732,0.328968903849554,0,0,100,13,650,0.131313131313131,4
Disconnected,16,20300940,13,RRA,1,NaN,76.091510397639,2.80186645265302,99.2009864278223,0.364246908399953,0,0,100,13,650,0.131313131313131,4
Disconnected,17,20300941,4,GURA,1,9.63897068473329e-06,80.4438943124009,3.01165122924445,90.9651793466451,0.347093027484402,0,0,100,4,200,0.0404040404040404,4
Disconnected,17,20300941,4,GRA,1,4.17154787662078e-07,80.4431270388452,3.01162250412656,90.9670652045127,0.347101166317849,0,0,100,4,200,0.0404040404040404,4
Disconnected,17,20300941,4,RRA,1,NaN,73.7439055694792,2.76081765752322,111.216231735145,0.425297217567862,0,0,100,4,200,0.0404040404040404,4
Disconnected,17,20300941,5,GURA,1,9.99726892914055e-06,80.6377829855036,3.01891001582704,90.9959750805938,0.347401291427915,0,0,100,5,250,0.0505050505050505,4
Disconnected,17,20300941,5,GRA,1,6.00240987504218e-07,80.6370990098525,3.01888440920856,90.9975402405186,0.347408067841839,0,0,100,5,250,0.0505050505050505,4
Disconnected,17,20300941,5,RRA,1,NaN,74.4819470487738,2.78844838757862,100.278046054791,0.379544274741611,0,0,100,5,250,0.0505050505050505,4
Disconnected,17,20300941,6,GURA,1,9.93918075309352e-06,80.751786784193,3.02317807971674,90.8677140490563,0.346961806116454,0,0,100,6,300,0.0606060606060606,4
Disconnected,17,20300941,6,GRA,1,6.14797303158518e-07,80.751048480868,3.02315043918372,90.8696210756818,0.346969877112616,0,0,100,6,300,0.0606060606060606,4
Disconnected,17,20300941,6,RRA,1,NaN,74.7736903966379,2.79937064861197,97.6549802590952,0.369249713930091,0,0,100,6,300,0.0606060606060606,4
Disconnected,17,20300941,7,GURA,1,9.64847006201808e-06,80.7987026141128,3.02493451030798,90.7960982267135,0.346691838265107,0,0,100,7,350,0.0707070707070707,4
Disconnected,17,20300941,7,GRA,1,4.70023913137963e-07,80.7978717742418,3.02490340540014,90.7983681534895,0.346701428662996,0,0,100,7,350,0.0707070707070707,4
Disconnected,17,20300941,7,RRA,1,NaN,74.4227483340415,2.78623211145826,99.6617233791452,0.376877152381904,0,0,100,7,350,0.0707070707070707,4
Disconnected,17,20300941,8,GURA,1,9.92331487026377e-06,82.4554922078652,3.08696124905892,88.5664434475101,0.337815367736264,0,0,100,8,400,0.0808080808080808,4
Disconnected,17,20300941,8,GRA,1,4.63892395857838e-07,82.4550205422375,3.08694359088387,88.568017453933,0.337821635963143,0,0,100,8,400,0.0808080808080808,4
Disconnected,17,20300941,8,RRA,1,NaN,74.4910402403081,2.78878881765969,97.3350447749143,0.367658847775073,0,0,100,8,400,0.0808080808080808,4
Disconnected,17,20300941,9,GURA,1,9.94990742597679e-06,83.1149203382253,3.11164885967714,87.5645595793691,0.333744022098987,0,0,100,9,450,0.0909090909090909,4
Disconnected,17,20300941,9,GRA,1,5.74782343922354e-07,83.1145799839794,3.11163611752571,87.5648811183805,0.333744942572331,0,0,100,9,450,0.0909090909090909,4
Disconnected,17,20300941,9,RRA,1,NaN,74.5363296145656,2.79048435715116,96.4716304703998,0.364178659209161,0,0,100,9,450,0.0909090909090909,4
Disconnected,17,20300941,10,GURA,1,9.13330140051016e-06,83.3132138475537,3.11907255411939,87.3062628424662,0.332792808068617,0,0,100,10,500,0.101010101010101,4
Disconnected,17,20300941,10,GRA,1,9.27167513139644e-07,83.3125862289388,3.11904905739053,87.3080422680266,0.332800673932873,0,0,100,10,500,0.101010101010101,4
Disconnected,17,20300941,10,RRA,1,NaN,74.5875225901729,2.79240091513525,96.3995972184672,0.364188904552344,0,0,100,10,500,0.101010101010101,4
Disconnected,17,20300941,11,GURA,1,8.22217480944687e-06,83.7044639358382,3.133720139488,86.9391915680196,0.331468612959476,0,0,100,11,550,0.111111111111111,4
Disconnected,17,20300941,11,GRA,1,7.20318550880973e-07,83.7039436012991,3.13370065925065,86.9363094007598,0.331456203310698,0,0,100,11,550,0.111111111111111,4
Disconnected,17,20300941,11,RRA,1,NaN,74.5725209054437,2.79183928342111,96.1386219820151,0.363133638325437,0,0,100,11,550,0.111111111111111,4
Disconnected,17,20300941,12,GURA,1,8.70068516078959e-06,83.9482431762946,3.14284672461245,86.8502338486392,0.331232759385751,0,0,100,12,600,0.121212121212121,4
Disconnected,17,20300941,12,GRA,1,9.28174055728139e-07,83.9476067943155,3.14282289980156,86.8523580933071,0.331241623436346,0,0,100,12,600,0.121212121212121,4
Disconnected,17,20300941,12,RRA,1,NaN,74.7457760993839,2.79832559567965,95.7972413049908,0.361815713994771,0,0,100,12,600,0.121212121212121,4
Disconnected,17,20300941,13,GURA,1,7.95840102796319e-06,84.2184910602996,3.15296424041674,86.4828690406548,0.329758341616506,0,0,100,13,650,0.131313131313131,4
Disconnected,17,20300941,13,GRA,1,7.73350949528364e-07,84.218318388539,3.15295777594701,86.4843489500397,0.329764561695386,0,0,100,13,650,0.131313131313131,4
Disconnected,17,20300941,13,RRA,1,NaN,74.871013799142,2.80301423334007,95.494974857015,0.360699860583585,0,0,100,13,650,0.131313131313131,4
Disconnected,18,20300942,4,GURA,1,8.51569953042031e-06,80.8590431237361,3.00509900563395,92.5766368943001,0.345517416518341,0,0,100,4,200,0.0404040404040404,4
Disconnected,18,20300942,4,GRA,1,5.43010716488046e-07,80.8584601304749,3.00507733888647,92.5778608025217,0.345522404621505,0,0,100,4,200,0.0404040404040404,4
Disconnected,18,20300942,4,RRA,1,NaN,73.9052085070493,2.74666209264736,132.094877614749,0.481684466378486,0,0,100,4,200,0.0404040404040404,4
Disconnected,18,20300942,5,GURA,1,9.66267125690479e-06,81.1832932428793,3.01714965170854,92.3394167731304,0.344771868026172,0,0,100,5,250,0.0505050505050505,4
Disconnected,18,20300942,5,GRA,1,5.97931926668269e-07,81.1828338980335,3.01713258031261,92.3408076257529,0.344777868979867,0,0,100,5,250,0.0505050505050505,4
Disconnected,18,20300942,5,RRA,1,NaN,74.7723166178575,2.77888787248474,100.996914971969,0.374186026819892,0,0,100,5,250,0.0505050505050505,4
Disconnected,18,20300942,6,GURA,1,9.94246092744788e-06,81.2815221666609,3.02080029645744,92.2098382332995,0.344274087034533,0,0,100,6,300,0.0606060606060606,4
Disconnected,18,20300942,6,GRA,1,8.54463531315493e-07,81.2807505539914,3.0207716197334,92.2105197856744,0.344276533587163,0,0,100,6,300,0.0606060606060606,4
Disconnected,18,20300942,6,RRA,1,NaN,75.0558729186309,2.78942614655498,99.2638492810785,0.367231263648443,0,0,100,6,300,0.0606060606060606,4
Disconnected,18,20300942,7,GURA,1,9.94577841595401e-06,81.3823439376332,3.02454730349574,92.0622000201599,0.343685178045346,0,0,100,7,350,0.0707070707070707,4
Disconnected,18,20300942,7,GRA,1,5.89754015733259e-07,81.3816691585302,3.02452222555847,92.0625809057679,0.343686974323347,0,0,100,7,350,0.0707070707070707,4
Disconnected,18,20300942,7,RRA,1,NaN,74.7453587334466,2.77788599182294,99.9865632224234,0.37023569927962,0,0,100,7,350,0.0707070707070707,4
Disconnected,18,20300942,8,GURA,1,9.69392241501055e-06,82.5723405305708,3.06877312462835,90.4378951382947,0.337508353342786,0,0,100,8,400,0.0808080808080808,4
Disconnected,18,20300942,8,GRA,1,3.15083818304737e-07,82.5718469472802,3.0687547807722,90.4389968022627,0.33751286260948,0,0,100,8,400,0.0808080808080808,4
Disconnected,18,20300942,8,RRA,1,NaN,75.0280340139985,2.78839152307445,99.0921173617174,0.36699274672938,0,0,100,8,400,0.0808080808080808,4
Disconnected,18,20300942,9,GURA,1,9.69420147001188e-06,83.3617181858087,3.098110078359,89.4638173636108,0.333784731486144,0,0,100,9,450,0.0909090909090909,4
Disconnected,18,20300942,9,GRA,1,9.69815635384398e-07,83.3615501434865,3.0981038331229,89.4632429407924,0.333781891998249,0,0,100,9,450,0.0909090909090909,4
Disconnected,18,20300942,9,RRA,1,NaN,74.9612141701035,2.78590818616261,98.7530448909258,0.365339504346161,0,0,100,9,450,0.0909090909090909,4
Disconnected,18,20300942,10,GURA,1,8.85710234044268e-06,83.7623177676213,3.11299822640596,89.0784929481788,0.332387646001823,0,0,100,10,500,0.101010101010101,4
Disconnected,18,20300942,10,GRA,1,9.78940966181468e-07,83.7622225630984,3.11299468816205,89.0790973000014,0.33239018402581,0,0,100,10,500,0.101010101010101,4
Disconnected,18,20300942,10,RRA,1,NaN,74.9640431999463,2.78601332610045,98.8348082463131,0.365696491978935,0,0,100,10,500,0.101010101010101,4
Disconnected,18,20300942,11,GURA,1,9.22697249805537e-06,84.2563132212979,3.13135740046099,88.6050449412792,0.330676448716207,0,0,100,11,550,0.111111111111111,4
Disconnected,18,20300942,11,GRA,1,4.94208094489312e-07,84.2561904829931,3.13135283893338,88.6055842755013,0.330678645020489,0,0,100,11,550,0.111111111111111,4
Disconnected,18,20300942,11,RRA,1,NaN,75.216135000092,2.79538223264052,98.3517680428572,0.364012246706195,0,0,100,11,550,0.111111111111111,4
Disconnected,18,20300942,12,GURA,1,9.77916046807081e-06,84.4167945012912,3.13732163298589,88.4999016273077,0.330304613233273,0,0,100,12,600,0.121212121212121,4
Disconnected,18,20300942,12,GRA,1,5.10286945789727e-07,84.4164859860497,3.13731016712122,88.501113217138,0.330309808973103,0,0,100,12,600,0.121212121212121,4
Disconnected,18,20300942,12,RRA,1,NaN,75.2968599787923,2.79838234918718,98.1483082322412,0.363262514303033,0,0,100,12,600,0.121212121212121,4
Disconnected,18,20300942,13,GURA,1,9.86913796197086e-06,84.7933716246962,3.15131699448623,88.1498044273556,0.3290247247173,0,0,100,13,650,0.131313131313131,4
Disconnected,18,20300942,13,GRA,1,1.7353615588389e-07,84.7933238613901,3.15131521937911,88.1497164910799,0.329024441894316,0,0,100,13,650,0.131313131313131,4
Disconnected,18,20300942,13,RRA,1,NaN,75.3789718945496,2.80143401078074,97.8668295737612,0.362242329262218,0,0,100,13,650,0.131313131313131,4
Disconnected,19,20300943,4,GURA,1,7.98371319987723e-06,80.6118378281683,3.0060808139118,92.3864856141325,0.344198244059777,0,0,100,4,200,0.0404040404040404,4
Disconnected,19,20300943,4,GRA,1,8.81323717191013e-07,80.6114013575676,3.00606453756909,92.3878208052233,0.344203484440008,0,0,100,4,200,0.0404040404040404,4
Disconnected,19,20300943,4,RRA,1,NaN,73.7143435347861,2.74886765740742,111.215856538534,0.414450532297254,0,0,100,4,200,0.0404040404040404,4
Disconnected,19,20300943,5,GURA,1,9.98242915528635e-06,80.8413398019775,3.01463912865576,92.3483518684918,0.344236359646564,0,0,100,5,250,0.0505050505050505,4
Disconnected,19,20300943,5,GRA,1,7.73307870869912e-07,80.8408446958712,3.01462066574749,92.3498122745622,0.344242135908419,0,0,100,5,250,0.0505050505050505,4
Disconnected,19,20300943,5,RRA,1,NaN,74.6652312963037,2.78432703326453,102.046208967553,0.378008939114671,0,0,100,5,250,0.0505050505050505,4
Disconnected,19,20300943,6,GURA,1,9.55448977535411e-06,80.9787722630639,3.01976409659609,92.1486344712425,0.343528716834987,0,0,100,6,300,0.0606060606060606,4
Disconnected,19,20300943,6,GRA,1,9.67440265966624e-07,80.9782877515216,3.01974602876771,92.1492197800491,0.343530865303138,0,0,100,6,300,0.0606060606060606,4
Disconnected,19,20300943,6,RRA,1,NaN,74.9259211959917,2.79404837105989,100.171065243422,0.370804966690979,0,0,100,6,300,0.0606060606060606,4
Disconnected,19,20300943,7,GURA,1,9.97971934424413e-06,81.1543171142832,3.02631030647603,91.9686920765639,0.34285220674595,0,0,100,7,350,0.0707070707070707,4
Disconnected,19,20300943,7,GRA,1,2.4033152641963e-07,81.1538582697546,3.02629319579141,91.9704393348937,0.342859149711247,0,0,100,7,350,0.0707070707070707,4
Disconnected,19,20300943,7,RRA,1,NaN,74.7993129216958,2.78932704582408,102.946046058582,0.381482870097514,0,0,100,7,350,0.0707070707070707,4
Disconnected,19,20300943,8,GURA,1,9.50526532861318e-06,82.4821523490055,3.07582635933719,90.0504743912623,0.335443527386195,0,0,100,8,400,0.0808080808080808,4
Disconnected,19,20300943,8,GRA,1,4.17689124458942e-07,82.4818294774191,3.07581431919387,90.0512214340832,0.335446496912553,0,0,100,8,400,0.0808080808080808,4
Disconnected,19,20300943,8,RRA,1,NaN,75.016363751821,2.7974210473214,100.492652772075,0.372121316315199,0,0,100,8,400,0.0808080808080808,4
Disconnected,19,20300943,9,GURA,1,9.49773253466901e-06,83.1345340143769,3.10015420076169,89.3843542732583,0.332951690655851,0,0,100,9,450,0.0909090909090909,4
Disconnected,19,20300943,9,GRA,1,9.99692164959162e-07,83.1342107400645,3.10014214560038,89.3845613647714,0.332952082709928,0,0,100,9,450,0.0909090909090909,4
Disconnected,19,20300943,9,RRA,1,NaN,74.8807629156758,2.79236438216069,98.5104120489071,0.364147643459582,0,0,100,9,450,0.0909090909090909,4
Disconnected,19,20300943,10,GURA,1,9.09619955891117e-06,83.4437638981155,3.1116856339313,89.0188644477657,0.331591648397272,0,0,100,10,500,0.101010101010101,4
Disconnected,19,20300943,10,GRA,1,8.54588359380596e-08,83.4437630026428,3.11168560053839,89.0182508029974,0.331588809597508,0,0,100,10,500,0.101010101010101,4
Disconnected,19,20300943,10,RRA,1,NaN,74.6574010541486,2.78403503718374,98.7601239232258,0.365103211549107,0,0,100,10,500,0.101010101010101,4
Disconnected,19,20300943,11,GURA,1,9.30964930745404e-06,83.8880533891326,3.12825354939821,88.5741643069379,0.329947750987118,0,0,100,11,550,0.111111111111111,4
Disconnected,19,20300943,11,GRA,1,1.65641514186045e-07,83.8880493445662,3.12825339857304,88.5742240596494,0.329948559627427,0,0,100,11,550,0.111111111111111,4
Disconnected,19,20300943,11,RRA,1,NaN,74.7179531898375,2.7862930754352,98.6118249026079,0.364694816839585,0,0,100,11,550,0.111111111111111,4
Disconnected,19,20300943,12,GURA,1,9.46660316003545e-06,84.15865094466,3.13834435171556,88.3901755147218,0.329313885513343,0,0,100,12,600,0.121212121212121,4
Disconnected,19,20300943,12,GRA,1,4.372628088856e-07,84.1583581671104,3.13833343380327,88.3910170676684,0.329317230054361,0,0,100,12,600,0.121212121212121,4
Disconnected,19,20300943,12,RRA,1,NaN,74.7630765468281,2.78797576201527,98.1497872473883,0.362846473764472,0,0,100,12,600,0.121212121212121,4
Disconnected,19,20300943,13,GURA,1,8.88375858210111e-06,84.4861688542459,3.15055776020175,88.0373775940888,0.328007975128746,0,0,100,13,650,0.131313131313131,4
Disconnected,19,20300943,13,GRA,1,2.16835525404282e-07,84.4861329489791,3.15055642126523,88.0366433593829,0.328005144370333,0,0,100,13,650,0.131313131313131,4
Disconnected,19,20300943,13,RRA,1,NaN,74.8169417785391,2.78998444019388,98.122093011032,0.362653581671611,0,0,100,13,650,0.131313131313131,4
Disconnected,20,20300944,4,GURA,1,7.87499323706697e-06,78.5128297851589,2.98671100142396,89.92678696704,0.346931581287642,0,0,100,4,200,0.0404040404040404,4
Disconnected,20,20300944,4,GRA,1,5.53963769307507e-07,78.512163323702,2.98668564852596,89.9286285265591,0.346938924433833,0,0,100,4,200,0.0404040404040404,4
Disconnected,20,20300944,4,RRA,1,NaN,71.9902558426775,2.73858539692189,118.008788711543,0.456197893862555,0,0,100,4,200,0.0404040404040404,4
Disconnected,20,20300944,5,GURA,1,9.96399373676127e-06,78.7340879989811,2.99512789765846,89.858146779975,0.346843856331248,0,0,100,5,250,0.0505050505050505,4
Disconnected,20,20300944,5,GRA,1,7.77270839001679e-07,78.7337595979995,2.99511540493813,89.859594939123,0.346850257371211,0,0,100,5,250,0.0505050505050505,4
Disconnected,20,20300944,5,RRA,1,NaN,72.8482109695612,2.7712229164611,98.2197020007656,0.377126991701484,0,0,100,5,250,0.0505050505050505,4
Disconnected,20,20300944,6,GURA,1,9.99291212622211e-06,78.8335342904443,2.99891093966034,89.8293746325965,0.346772699881776,0,0,100,6,300,0.0606060606060606,4
Disconnected,20,20300944,6,GRA,1,8.01664083036001e-07,78.8329400965901,2.9988883358983,89.8318149144108,0.346782969309257,0,0,100,6,300,0.0606060606060606,4
Disconnected,20,20300944,6,RRA,1,NaN,73.2249554503984,2.78555467457912,96.6968271731522,0.370222424211832,0,0,100,6,300,0.0606060606060606,4
Disconnected,20,20300944,7,GURA,1,9.99613214247574e-06,78.9999014379487,3.00523972173438,89.5775743766081,0.345724413259089,0,0,100,7,350,0.0707070707070707,4
Disconnected,20,20300944,7,GRA,1,8.95598201527648e-07,78.9996063720657,3.00522849711643,89.5768521043937,0.345721013522694,0,0,100,7,350,0.0707070707070707,4
Disconnected,20,20300944,7,RRA,1,NaN,72.9984088366197,2.77693660202258,97.6026943968751,0.373802451975313,0,0,100,7,350,0.0707070707070707,4
Disconnected,20,20300944,8,GURA,1,9.37216228535931e-06,80.1959383460296,3.05073822944643,87.9688844820128,0.339478822391327,0,0,100,8,400,0.0808080808080808,4
Disconnected,20,20300944,8,GRA,1,1.6737535039901e-07,80.1955917760752,3.05072504555918,87.9695609879508,0.33948162106437,0,0,100,8,400,0.0808080808080808,4
Disconnected,20,20300944,8,RRA,1,NaN,73.276746355885,2.78752485534593,95.9055471023647,0.367518287915805,0,0,100,8,400,0.0808080808080808,4
Disconnected,20,20300944,9,GURA,1,9.9102070478807e-06,80.7784291477236,3.07289679500072,87.1051732619974,0.336100645680273,0,0,100,9,450,0.0909090909090909,4
Disconnected,20,20300944,9,GRA,1,9.61963246043042e-07,80.7778650303527,3.07287533537989,87.1067066808954,0.336106817756547,0,0,100,9,450,0.0909090909090909,4
Disconnected,20,20300944,9,RRA,1,NaN,73.202354919842,2.78469492651711,95.5174069736337,0.365969593146346,0,0,100,9,450,0.0909090909090909,4
Disconnected,20,20300944,10,GURA,1,9.33699129745946e-06,81.1904063974699,3.08856884487487,86.6364814545025,0.33424372301644,0,0,100,10,500,0.101010101010101,4
Disconnected,20,20300944,10,GRA,1,2.47832559910799e-07,81.1901251927312,3.08855814754949,86.63692782104,0.334245400775448,0,0,100,10,500,0.101010101010101,4
Disconnected,20,20300944,10,RRA,1,NaN,73.1393557713082,2.78229837234219,95.924588602897,0.367567473104464,0,0,100,10,500,0.101010101010101,4
Disconnected,20,20300944,11,GURA,1,8.89471116138907e-06,81.5760057857642,3.10323745302863,86.2232210272012,0.332658569014378,0,0,100,11,550,0.111111111111111,4
Disconnected,20,20300944,11,GRA,1,2.35481054632264e-07,81.5756845517993,3.10322523294919,86.2238403945299,0.332661193901839,0,0,100,11,550,0.111111111111111,4
Disconnected,20,20300944,11,RRA,1,NaN,73.3382468298269,2.78986439835588,95.5788982593726,0.366416760035074,0,0,100,11,550,0.111111111111111,4
Disconnected,20,20300944,12,GURA,1,8.73985680982514e-06,81.882656447893,3.11490276822208,85.9443223273529,0.331607695830285,0,0,100,12,600,0.121212121212121,4
Disconnected,20,20300944,12,GRA,1,2.61120616332612e-07,81.8822523553706,3.11488739611557,85.9460518929533,0.331615091128486,0,0,100,12,600,0.121212121212121,4
Disconnected,20,20300944,12,RRA,1,NaN,73.3393574509336,2.78990664755626,95.0358019544102,0.364313258310424,0,0,100,12,600,0.121212121212121,4
Disconnected,20,20300944,13,GURA,1,8.50924289963473e-06,82.1706348787538,3.12585777200909,85.7106740343489,0.330746745385752,0,0,100,13,650,0.131313131313131,4
Disconnected,20,20300944,13,GRA,1,4.96858750439798e-07,82.1702553658206,3.12584333493612,85.7117721985709,0.330750528896525,0,0,100,13,650,0.131313131313131,4
Disconnected,20,20300944,13,RRA,1,NaN,73.4286740849193,2.79330434668473,94.8187374623646,0.36343166349023,0,0,100,13,650,0.131313131313131,4
