Topology,Repetition,Seed,Penalty,TestRate,NormalTrust,CompromisedTrust,TrustSeparation,RankingAUC,NormalObserved,CompromisedObserved,TestRounds,NeutralTies
Random,1,20270925,1.1,0.1,0.765627861056152,0.615906638152601,0.14972122290355,0.713877551020408,49,50,6,0
Random,1,20270925,2,0.1,0.765913681959036,0.612728125883308,0.153185556075729,0.723673469387755,49,50,6,0
Random,1,20270925,3,0.1,0.766345698639451,0.616798721072965,0.149546977566486,0.728571428571429,49,50,6,0
Random,1,20270925,5,0.1,0.771574091604108,0.610698978487008,0.1608751131171,0.739183673469388,49,50,6,0
Random,1,20270925,10,0.1,0.816833409469559,0.599053170016024,0.217780239453535,0.795102040816327,49,50,6,0
Random,1,20270925,20,0.1,0.885656280939,0.604155788887949,0.281500492051052,0.864897959183674,49,50,6,0
Random,1,20270925,1.1,0.3,0.766034976928672,0.600896272301309,0.165138704627363,0.732244897959184,49,50,9,0
Random,1,20270925,2,0.3,0.766828349466919,0.573582894740108,0.193245454726811,0.770204081632653,49,50,9,0
Random,1,20270925,3,0.3,0.769418600740799,0.546973462887867,0.222445137852932,0.799591836734694,49,50,9,0
Random,1,20270925,5,0.3,0.796924637738724,0.51470025047862,0.282224387260104,0.855102040816327,49,50,9,0
Random,1,20270925,10,0.3,0.862312025955289,0.501274705607313,0.361037320347976,0.924081632653061,49,50,9,0
Random,1,20270925,20,0.3,0.925511082459189,0.50551954548736,0.41999153697183,0.969387755102041,49,50,9,0
Random,1,20270925,1.1,0.5,0.766917684308319,0.576694585060641,0.190223099247678,0.760816326530612,49,50,12,0
Random,1,20270925,2,0.5,0.771621062852248,0.528654986947762,0.242966075904486,0.820816326530612,49,50,12,0
Random,1,20270925,3,0.5,0.793041192556125,0.505299875339764,0.287741317216361,0.871836734693878,49,50,12,0
Random,1,20270925,5,0.5,0.85109874737995,0.499067238572494,0.352031508807456,0.935918367346939,49,50,12,0
Random,1,20270925,10,0.5,0.920183524058495,0.499375711349796,0.420807812708698,0.976734693877551,49,50,12,0
Random,1,20270925,20,0.5,0.959101738429456,0.502558174657596,0.45654356377186,0.988571428571429,49,50,12,0
Random,1,20270925,1.1,0.7,0.81064147550362,0.479197856631895,0.331443618871725,0.905714285714286,49,50,17,0
Random,1,20270925,2,0.7,0.896371590972297,0.471897538289162,0.424474052683135,0.97469387755102,49,50,17,0
Random,1,20270925,3,0.7,0.939193675922391,0.479020313774427,0.460173362147964,0.993469387755102,49,50,17,0
Random,1,20270925,5,0.7,0.963473558375875,0.475452970613456,0.488020587762419,1,49,50,17,0
Random,1,20270925,10,0.7,0.981727586224478,0.472810411794839,0.508917174429638,1,49,50,17,0
Random,1,20270925,20,0.7,0.990862193323759,0.471891465878604,0.518970727445155,1,49,50,17,0
Random,2,20270926,1.1,0.1,0.656960960123469,0.670828796563121,-0.0138678364396525,0.5216,50,50,2,0
Random,2,20270926,2,0.1,0.657224353622819,0.669240132027256,-0.012015778404437,0.5236,50,50,2,0
Random,2,20270926,3,0.1,0.657436672816073,0.665310045812327,-0.0078733729962539,0.5264,50,50,2,0
Random,2,20270926,5,0.1,0.657995264819263,0.668419893162747,-0.010424628343484,0.5276,50,50,2,0
Random,2,20270926,10,0.1,0.664652308065121,0.651884467960377,0.0127678401047435,0.5496,50,50,2,0
Random,2,20270926,20,0.1,0.711558166465458,0.635668573172686,0.075889593292772,0.6132,50,50,2,0
Random,2,20270926,1.1,0.3,0.657432024922563,0.65931784496225,-0.00188582003968685,0.536,50,50,5,0
Random,2,20270926,2,0.3,0.658021694437054,0.650850462113724,0.0071712323233305,0.5484,50,50,5,0
Random,2,20270926,3,0.3,0.65866481451481,0.644600420117284,0.0140643943975255,0.5588,50,50,5,0
Random,2,20270926,5,0.3,0.660371624558227,0.632617701725375,0.0277539228328517,0.5716,50,50,5,0
Random,2,20270926,10,0.3,0.703613221988558,0.61053305954656,0.0930801624419982,0.6308,50,50,5,0
Random,2,20270926,20,0.3,0.801222676011002,0.607665763122679,0.193556912888324,0.7576,50,50,5,0
Random,2,20270926,1.1,0.5,0.657943978397432,0.649243742339801,0.00870023605763082,0.5492,50,50,7,0
Random,2,20270926,2,0.5,0.65892735883005,0.628162286609094,0.030765072220956,0.574,50,50,7,0
Random,2,20270926,3,0.5,0.660116825727806,0.606424390433789,0.0536924352940175,0.602,50,50,7,0
Random,2,20270926,5,0.5,0.673560203877809,0.579611570832459,0.0939486330453504,0.6404,50,50,7,0
Random,2,20270926,10,0.5,0.744935117977614,0.547937346015237,0.196997771962377,0.7584,50,50,7,0
Random,2,20270926,20,0.5,0.848187559111122,0.552106003537992,0.29608155557313,0.8836,50,50,7,0
Random,2,20270926,1.1,0.7,0.662512823047132,0.580807412668332,0.0817054103788002,0.6296,50,50,13,0
Random,2,20270926,2,0.7,0.682269074413154,0.528785907010867,0.153483167402288,0.708,50,50,13,0
Random,2,20270926,3,0.7,0.74217979623214,0.507698354622263,0.234481441609877,0.8012,50,50,13,0
Random,2,20270926,5,0.7,0.828025342025024,0.50191360876526,0.326111733259765,0.9092,50,50,13,0
Random,2,20270926,10,0.7,0.923214094845904,0.486720443756292,0.436493651089611,0.9864,50,50,13,0
Random,2,20270926,20,0.7,0.960672172065202,0.485325677501315,0.475346494563887,0.9888,50,50,13,0
Random,3,20270927,1.1,0.1,0.763959741030284,0.68633694643246,0.0776227945978235,0.641632653061225,49,50,3,0
Random,3,20270927,2,0.1,0.764275103491304,0.687805171345204,0.0764699321461,0.643265306122449,49,50,3,0
Random,3,20270927,3,0.1,0.764489596429735,0.690902969104016,0.0735866273257193,0.648571428571429,49,50,3,0
Random,3,20270927,5,0.1,0.765077453382095,0.685034965477481,0.0800424879046135,0.670612244897959,49,50,3,0
Random,3,20270927,10,0.1,0.773138811114454,0.65556296483373,0.117575846280724,0.711836734693878,49,50,3,0
Random,3,20270927,20,0.1,0.815561643778756,0.644324605957876,0.17123703782088,0.787755102040816,49,50,3,0
Random,3,20270927,1.1,0.3,0.764364572611128,0.673606489601383,0.0907580830097453,0.664081632653061,49,50,6,0
Random,3,20270927,2,0.3,0.765212080969541,0.657586070776886,0.107626010192655,0.692244897959184,49,50,6,0
Random,3,20270927,3,0.3,0.76614326371002,0.636651863589312,0.129491400120708,0.719183673469388,49,50,6,0
Random,3,20270927,5,0.3,0.767991002641251,0.593779695829645,0.174211306811607,0.769387755102041,49,50,6,0
Random,3,20270927,10,0.3,0.799485440569182,0.533745390098971,0.265740050470212,0.876734693877551,49,50,6,0
Random,3,20270927,20,0.3,0.866710312387027,0.525216447781322,0.341493864605705,0.94530612244898,49,50,6,0
Random,3,20270927,1.1,0.5,0.765953205351066,0.634233564211056,0.13171964114001,0.730612244897959,49,50,11,0
Random,3,20270927,2,0.5,0.769135758847061,0.585094423421415,0.184041335425646,0.787755102040816,49,50,11,0
Random,3,20270927,3,0.5,0.781472176576581,0.53438801953886,0.247084157037721,0.836734693877551,49,50,11,0
Random,3,20270927,5,0.5,0.833167696451115,0.504233418808904,0.328934277642211,0.918775510204082,49,50,11,0
Random,3,20270927,10,0.5,0.914268811726296,0.50059479716338,0.413674014562917,0.98734693877551,49,50,11,0
Random,3,20270927,20,0.5,0.955487231079999,0.494249261059178,0.461237970020821,0.999183673469388,49,50,11,0
Random,3,20270927,1.1,0.7,0.769431512966348,0.57544756128885,0.193983951677498,0.793061224489796,49,50,14,0
Random,3,20270927,2,0.7,0.797860657713096,0.507678804155347,0.290181853557748,0.877551020408163,49,50,14,0
Random,3,20270927,3,0.7,0.844631013351327,0.492160470452249,0.352470542899078,0.930612244897959,49,50,14,0
Random,3,20270927,5,0.7,0.915736573861323,0.49262003723184,0.423116536629483,0.97469387755102,49,50,14,0
Random,3,20270927,10,0.7,0.960315281161622,0.47681626681772,0.483499014343902,0.998367346938775,49,50,14,0
Random,3,20270927,20,0.7,0.979926581679482,0.466579568728382,0.5133470129511,1,49,50,14,0
Random,4,20270928,1.1,0.1,0.628269166870795,0.742291237414287,-0.114022070543492,0.386,50,50,4,18
Random,4,20270928,2,0.1,0.628564615769903,0.715627436278816,-0.0870628205089129,0.4088,50,50,4,18
Random,4,20270928,3,0.1,0.62899297176169,0.69438668030767,-0.0653937085459795,0.416,50,50,4,18
Random,4,20270928,5,0.1,0.630125766004527,0.674190046814194,-0.0440642808096671,0.4432,50,50,4,18
Random,4,20270928,10,0.1,0.660480340557913,0.622085258399789,0.0383950821581245,0.5344,50,50,4,18
Random,4,20270928,20,0.1,0.7593620450784,0.604815988257032,0.154546056821368,0.6788,50,50,4,18
Random,4,20270928,1.1,0.3,0.629639898159559,0.710728890615974,-0.0810889924564142,0.4112,50,50,9,18
Random,4,20270928,2,0.3,0.631266208152458,0.657130487314564,-0.0258642791621055,0.4668,50,50,9,18
Random,4,20270928,3,0.3,0.635106135734522,0.602554847714136,0.032551288020386,0.5368,50,50,9,18
Random,4,20270928,5,0.3,0.676491172256914,0.54769686062148,0.128794311635434,0.6608,50,50,9,18
Random,4,20270928,10,0.3,0.793942692914853,0.539601712040122,0.254340980874731,0.8552,50,50,9,18
Random,4,20270928,20,0.3,0.874359863429192,0.539780000238174,0.334579863191018,0.9356,50,50,9,18
Random,4,20270928,1.1,0.5,0.635134850643892,0.616721120175775,0.0184137304681177,0.5192,50,50,14,18
Random,4,20270928,2,0.5,0.683679721910724,0.538905569189212,0.144774152721512,0.6944,50,50,14,18
Random,4,20270928,3,0.5,0.770043685484227,0.533302054342482,0.236741631141744,0.84,50,50,14,18
Random,4,20270928,5,0.5,0.858952145680395,0.534338418410382,0.324613727270014,0.9196,50,50,14,18
Random,4,20270928,10,0.5,0.912088066909291,0.518022285418743,0.394065781490548,0.9648,50,50,14,18
Random,4,20270928,20,0.5,0.937798044813701,0.5075269888661,0.430271055947601,0.9808,50,50,14,18
Random,4,20270928,1.1,0.7,0.640987848111638,0.578413456346023,0.0625743917656147,0.582,50,50,15,18
Random,4,20270928,2,0.7,0.735546702300481,0.533377734765239,0.202168967535242,0.7828,50,50,15,18
Random,4,20270928,3,0.7,0.820601900280228,0.533939867368333,0.286662032911895,0.8904,50,50,15,18
Random,4,20270928,5,0.7,0.887541397578683,0.529934024940249,0.357607372638434,0.9448,50,50,15,18
Random,4,20270928,10,0.7,0.925448428649706,0.514919773788889,0.410528654860817,0.9756,50,50,15,18
Random,4,20270928,20,0.7,0.944825208909742,0.507590095626818,0.437235113282924,0.9848,50,50,15,18
Random,5,20270929,1.1,0.1,0.392903314254752,0.804444898907463,-0.411541584652711,0.0684,50,50,3,6
Random,5,20270929,2,0.1,0.393195309122484,0.793446483045592,-0.400251173923108,0.0748,50,50,3,6
Random,5,20270929,3,0.1,0.393626799558696,0.785985854728939,-0.392359055170243,0.0768,50,50,3,6
Random,5,20270929,5,0.1,0.394809033442993,0.764204404796076,-0.369395371353083,0.0876,50,50,3,6
Random,5,20270929,10,0.1,0.414815730498123,0.709954470496447,-0.295138739998324,0.1372,50,50,3,6
Random,5,20270929,20,0.1,0.534776844401275,0.678797211411707,-0.144020367010433,0.2828,50,50,3,6
Random,5,20270929,1.1,0.3,0.393414907563619,0.795304850588302,-0.401889943024684,0.0736,50,50,5,6
Random,5,20270929,2,0.3,0.39422325053461,0.77680204239192,-0.38257879185731,0.0836,50,50,5,6
Random,5,20270929,3,0.3,0.395122926567104,0.754491835432471,-0.359368908865367,0.0964,50,50,5,6
Random,5,20270929,5,0.3,0.399648576713724,0.709060641717305,-0.309412065003581,0.13,50,50,5,6
Random,5,20270929,10,0.3,0.469349225148147,0.636468463445909,-0.167119238297762,0.2572,50,50,5,6
Random,5,20270929,20,0.3,0.633839567293064,0.613415825182027,0.0204237421110366,0.5276,50,50,5,6
Random,5,20270929,1.1,0.5,0.394621214700842,0.774933935186017,-0.380312720485175,0.0808,50,50,8,6
Random,5,20270929,2,0.5,0.396647526426614,0.738492049573207,-0.341844523146593,0.1072,50,50,8,6
Random,5,20270929,3,0.5,0.399689926169735,0.691467258005459,-0.291777331835725,0.1416,50,50,8,6
Random,5,20270929,5,0.5,0.442171840423758,0.624795311109537,-0.182623470685779,0.2472,50,50,8,6
Random,5,20270929,10,0.5,0.611192127245771,0.593743340675569,0.0174487865702021,0.5436,50,50,8,6
Random,5,20270929,20,0.5,0.780482774804466,0.595946988315777,0.184535786488689,0.8124,50,50,8,6
Random,5,20270929,1.1,0.7,0.400482105508553,0.696003709702685,-0.295521604194133,0.1432,50,50,13,6
Random,5,20270929,2,0.7,0.428040260516921,0.608279554523527,-0.180239294006605,0.2456,50,50,13,6
Random,5,20270929,3,0.7,0.508368725824595,0.56250762325308,-0.0541388974284858,0.4308,50,50,13,6
Random,5,20270929,5,0.7,0.674431837481614,0.559425154463498,0.115006683018115,0.73,50,50,13,6
Random,5,20270929,10,0.7,0.826429935890965,0.553812162830887,0.272617773060079,0.9432,50,50,13,6
Random,5,20270929,20,0.7,0.9032676445487,0.548416962388694,0.354850682160006,0.994,50,50,13,6
Random,6,20270930,1.1,0.1,0.55851794623966,0.749515693077831,-0.190997746838171,0.42,50,50,2,6
Random,6,20270930,2,0.1,0.55870689711455,0.743458251527385,-0.184751354412835,0.4248,50,50,2,6
Random,6,20270930,3,0.1,0.558947447559392,0.739227791849849,-0.180280344290457,0.4284,50,50,2,6
Random,6,20270930,5,0.1,0.559588241691142,0.724016021970948,-0.164427780279807,0.44,50,50,2,6
Random,6,20270930,10,0.1,0.56550196698799,0.685941194036024,-0.120439227048034,0.4652,50,50,2,6
Random,6,20270930,20,0.1,0.626777695495197,0.672619814391994,-0.0458421188967971,0.4936,50,50,2,6
Random,6,20270930,1.1,0.3,0.559756113442867,0.721121506833827,-0.16136539339096,0.44,50,50,7,6
Random,6,20270930,2,0.3,0.560983024286462,0.68491890272913,-0.123935878442668,0.46,50,50,7,6
Random,6,20270930,3,0.3,0.563685897707813,0.644981512087252,-0.0812956143794384,0.4864,50,50,7,6
Random,6,20270930,5,0.3,0.58410582584414,0.582174762128951,0.00193106371518859,0.5376,50,50,7,6
Random,6,20270930,10,0.3,0.678418647094605,0.539324922259181,0.139093724835424,0.6456,50,50,7,6
Random,6,20270930,20,0.3,0.808862911252654,0.538567011407135,0.270295899845519,0.8132,50,50,7,6
Random,6,20270930,1.1,0.5,0.563543017645409,0.653420381298202,-0.089877363652793,0.4804,50,50,12,6
Random,6,20270930,2,0.5,0.580392595160774,0.560322516613264,0.0200700785475108,0.5412,50,50,12,6
Random,6,20270930,3,0.5,0.639489029457638,0.519704803280216,0.119784226177422,0.6184,50,50,12,6
Random,6,20270930,5,0.5,0.752225426854578,0.502425031029896,0.249800395824682,0.7836,50,50,12,6
Random,6,20270930,10,0.5,0.86847810573166,0.496464888392509,0.372013217339151,0.9492,50,50,12,6
Random,6,20270930,20,0.5,0.928980900775716,0.490868804014089,0.438112096761627,0.9928,50,50,12,6
Random,6,20270930,1.1,0.7,0.588273282208179,0.556239386029167,0.0320338961790119,0.5468,50,50,15,6
Random,6,20270930,2,0.7,0.690303969646721,0.496445005543544,0.193858964103177,0.7004,50,50,15,6
Random,6,20270930,3,0.7,0.788936801673978,0.485964664355892,0.302972137318086,0.858,50,50,15,6
Random,6,20270930,5,0.7,0.895034480500457,0.4868545429567,0.408179937543758,0.978,50,50,15,6
Random,6,20270930,10,0.7,0.942572331306695,0.46695479922187,0.475617532084826,1,50,50,15,6
Random,6,20270930,20,0.7,0.967174307145423,0.458332798230806,0.508841508914617,1,50,50,15,6
Random,7,20270931,1.1,0.1,0.474682270600396,0.790352567432992,-0.315670296832597,0.2024,50,50,2,8
Random,7,20270931,2,0.1,0.474852239034962,0.78082367764914,-0.305971438614178,0.2056,50,50,2,8
Random,7,20270931,3,0.1,0.475096579927627,0.773582241956915,-0.298485662029288,0.2124,50,50,2,8
Random,7,20270931,5,0.1,0.475752890437007,0.756218681510889,-0.280465791073882,0.2236,50,50,2,8
Random,7,20270931,10,0.1,0.483835829807123,0.715012182227328,-0.231176352420205,0.2556,50,50,2,8
Random,7,20270931,20,0.1,0.553143268192964,0.684390452553993,-0.131247184361028,0.3468,50,50,2,8
Random,7,20270931,1.1,0.3,0.475190658213039,0.775756171380445,-0.300565513167406,0.2112,50,50,5,8
Random,7,20270931,2,0.3,0.475856450044012,0.755748276637437,-0.279891826593425,0.224,50,50,5,8
Random,7,20270931,3,0.3,0.476814644999609,0.738124567921992,-0.261309922922383,0.2344,50,50,5,8
Random,7,20270931,5,0.3,0.479910481587047,0.694000362018882,-0.214089880431835,0.2692,50,50,5,8
Random,7,20270931,10,0.3,0.545178911619135,0.628236079858657,-0.0830571682395222,0.3788,50,50,5,8
Random,7,20270931,20,0.3,0.698771823310122,0.614295211051265,0.0844766122588577,0.6256,50,50,5,8
Random,7,20270931,1.1,0.5,0.476069333715413,0.752803533738069,-0.276734200022657,0.2228,50,50,8,8
Random,7,20270931,2,0.5,0.477695707543709,0.713441308950049,-0.23574560140634,0.2484,50,50,8,8
Random,7,20270931,3,0.5,0.480455461102773,0.666665173879351,-0.186209712776579,0.2812,50,50,8,8
Random,7,20270931,5,0.5,0.51735067987177,0.599963018305329,-0.0826123384335589,0.3856,50,50,8,8
Random,7,20270931,10,0.5,0.657637089753639,0.555223457996346,0.102413631757293,0.6676,50,50,8,8
Random,7,20270931,20,0.5,0.801349776214843,0.557267528631195,0.244082247583648,0.8712,50,50,8,8
Random,7,20270931,1.1,0.7,0.477860450829023,0.711785319931064,-0.233924869102041,0.25,50,50,11,8
Random,7,20270931,2,0.7,0.482657132801365,0.631608248237954,-0.148951115436589,0.3172,50,50,11,8
Random,7,20270931,3,0.7,0.52050866835673,0.582611514111245,-0.062102845754515,0.4124,50,50,11,8
Random,7,20270931,5,0.7,0.647326401309811,0.561086259409232,0.0862401419005785,0.6304,50,50,11,8
Random,7,20270931,10,0.7,0.798896532583039,0.555124501340414,0.243772031242625,0.8668,50,50,11,8
Random,7,20270931,20,0.7,0.888574984913963,0.554870349446376,0.333704635467586,0.9444,50,50,11,8
Random,8,20270932,1.1,0.1,0.772066965669775,0.628297278436227,0.143769687233548,0.706666666666667,48,50,4,7
Random,8,20270932,2,0.1,0.772269184671453,0.584304059095448,0.187965125576005,0.735833333333333,48,50,4,7
Random,8,20270932,3,0.1,0.772574293856208,0.591477991500649,0.181096302355559,0.724583333333333,48,50,4,7
Random,8,20270932,5,0.1,0.773906648312338,0.591512362882496,0.182394285429842,0.725,48,50,4,7
Random,8,20270932,10,0.1,0.798809556628544,0.566565108471564,0.232244448156981,0.764583333333333,48,50,4,7
Random,8,20270932,20,0.1,0.854517568702291,0.552379114399978,0.302138454302314,0.853333333333333,48,50,4,7
Random,8,20270932,1.1,0.3,0.773222593585797,0.599015493312778,0.174207100273019,0.726666666666667,48,50,10,7
Random,8,20270932,2,0.3,0.774940777731618,0.567034190998403,0.207906586733215,0.748333333333333,48,50,10,7
Random,8,20270932,3,0.3,0.782002683239063,0.536704423196589,0.245298260042474,0.772916666666667,48,50,10,7
Random,8,20270932,5,0.3,0.816055382407279,0.509676635225086,0.306378747182194,0.842916666666667,48,50,10,7
Random,8,20270932,10,0.3,0.904507624288991,0.504813936023521,0.399693688265469,0.95,48,50,10,7
Random,8,20270932,20,0.3,0.946319546394195,0.498258826918738,0.448060719475457,0.992083333333333,48,50,10,7
Random,8,20270932,1.1,0.5,0.776150469271236,0.540540919480268,0.235609549790968,0.762916666666667,48,50,14,7
Random,8,20270932,2,0.5,0.801452782956283,0.488661729416452,0.312791053539831,0.83375,48,50,14,7
Random,8,20270932,3,0.5,0.857710035737003,0.480966389982786,0.376743645754217,0.9175,48,50,14,7
Random,8,20270932,5,0.5,0.920294356949069,0.473296941690533,0.446997415258535,0.98,48,50,14,7
Random,8,20270932,10,0.5,0.95806094074408,0.4630416221319,0.49501931861218,0.995833333333333,48,50,14,7
Random,8,20270932,20,0.5,0.974087699060464,0.455703089602092,0.518384609458372,0.999583333333333,48,50,14,7
Random,8,20270932,1.1,0.7,0.796379594949294,0.493899396317597,0.302480198631697,0.8175,48,50,16,7
Random,8,20270932,2,0.7,0.871198916559945,0.491665259388752,0.379533657171193,0.92375,48,50,16,7
Random,8,20270932,3,0.7,0.919520952347578,0.493532214671707,0.425988737675871,0.974583333333333,48,50,16,7
Random,8,20270932,5,0.7,0.954339188447557,0.491965616452317,0.46237357199524,0.992916666666667,48,50,16,7
Random,8,20270932,10,0.7,0.972205323007652,0.481885351201843,0.490319971805808,0.999166666666667,48,50,16,7
Random,8,20270932,20,0.7,0.981560659937939,0.474912025600084,0.506648634337854,1,48,50,16,7
Random,9,20270933,1.1,0.1,0.549026420821345,0.724333849607559,-0.175307428786214,0.326938775510204,49,50,5,8
Random,9,20270933,2,0.1,0.549968342094844,0.704026264913719,-0.154057922818876,0.353469387755102,49,50,5,8
Random,9,20270933,3,0.1,0.551030234094665,0.689746925753456,-0.138716691658791,0.370612244897959,49,50,5,8
Random,9,20270933,5,0.1,0.554120645251551,0.650683502302437,-0.0965628570508856,0.411836734693878,49,50,5,8
Random,9,20270933,10,0.1,0.630872421423777,0.597460271571666,0.0334121498521105,0.556734693877551,49,50,5,8
Random,9,20270933,20,0.1,0.768373939796329,0.594490381004128,0.173883558792201,0.748979591836735,49,50,5,8
Random,9,20270933,1.1,0.3,0.551351522557245,0.687754354774108,-0.136402832216863,0.37265306122449,49,50,10,8
Random,9,20270933,2,0.3,0.554794318926762,0.643744015685629,-0.0889496967588669,0.419591836734694,49,50,10,8
Random,9,20270933,3,0.3,0.576412954005879,0.600871822642455,-0.024458868636576,0.483265306122449,49,50,10,8
Random,9,20270933,5,0.3,0.662946228770571,0.574131150491345,0.0888150782792262,0.631836734693878,49,50,10,8
Random,9,20270933,10,0.3,0.822027798938146,0.578808297205761,0.243219501732385,0.868979591836735,49,50,10,8
Random,9,20270933,20,0.3,0.897003762631799,0.57177835157534,0.325225411056459,0.953877551020408,49,50,10,8
Random,9,20270933,1.1,0.5,0.564667915528378,0.611153508820148,-0.0464855932917699,0.463265306122449,49,50,14,8
Random,9,20270933,2,0.5,0.634406388327994,0.563311271641461,0.0710951166865339,0.598775510204082,49,50,14,8
Random,9,20270933,3,0.5,0.734926447244192,0.560323742498122,0.17460270474607,0.766530612244898,49,50,14,8
Random,9,20270933,5,0.5,0.848098289494482,0.563949637747461,0.284148651747021,0.908163265306122,49,50,14,8
Random,9,20270933,10,0.5,0.916040090480085,0.553536291707739,0.362503798772346,0.966122448979592,49,50,14,8
Random,9,20270933,20,0.5,0.945584160905878,0.546185642195626,0.399398518710252,0.983265306122449,49,50,14,8
Random,9,20270933,1.1,0.7,0.584480969922937,0.58238165578214,0.00209931414079678,0.509387755102041,49,50,15,8
Random,9,20270933,2,0.7,0.696654653156231,0.55508389186946,0.141570761286771,0.713877551020408,49,50,15,8
Random,9,20270933,3,0.7,0.794104210047052,0.554593416292552,0.2395107937545,0.857959183673469,49,50,15,8
Random,9,20270933,5,0.7,0.88213806590014,0.553852109835709,0.328285956064431,0.943265306122449,49,50,15,8
Random,9,20270933,10,0.7,0.92834525826549,0.539911374875711,0.388433883389779,0.978775510204082,49,50,15,8
Random,9,20270933,20,0.7,0.951732833660814,0.533642792253991,0.418090041406823,0.987755102040816,49,50,15,8
Random,10,20270934,1.1,0.1,0.749335315912569,0.668747672394557,0.0805876435180112,0.6296,50,50,0,5
Random,10,20270934,2,0.1,0.749335315912569,0.668747672394557,0.0805876435180112,0.6296,50,50,0,5
Random,10,20270934,3,0.1,0.749335315912569,0.668747672394557,0.0805876435180112,0.6296,50,50,0,5
Random,10,20270934,5,0.1,0.749335315912569,0.668747672394557,0.0805876435180112,0.6296,50,50,0,5
Random,10,20270934,10,0.1,0.749335315912569,0.668747672394557,0.0805876435180112,0.6296,50,50,0,5
Random,10,20270934,20,0.1,0.749335315912569,0.668747672394557,0.0805876435180112,0.6296,50,50,0,5
Random,10,20270934,1.1,0.3,0.7496663336088,0.657853817777199,0.0918125158316008,0.6408,50,50,4,5
Random,10,20270934,2,0.3,0.750014482096112,0.649621717978717,0.100392764117394,0.6496,50,50,4,5
Random,10,20270934,3,0.3,0.750380177938245,0.646107848280816,0.104272329657429,0.6576,50,50,4,5
Random,10,20270934,5,0.3,0.751345113371415,0.631582151014103,0.119762962357312,0.6664,50,50,4,5
Random,10,20270934,10,0.3,0.787348800529277,0.611565408309815,0.175783392219462,0.7188,50,50,4,5
Random,10,20270934,20,0.3,0.855558643103047,0.611004382822866,0.244554260280181,0.8348,50,50,4,5
Random,10,20270934,1.1,0.5,0.750325180170159,0.639467994080032,0.110857186090128,0.658,50,50,8,5
Random,10,20270934,2,0.5,0.75148089621391,0.614214475212191,0.137266421001719,0.6812,50,50,8,5
Random,10,20270934,3,0.5,0.753763972513161,0.58552194519731,0.168242027315851,0.698,50,50,8,5
Random,10,20270934,5,0.5,0.782005059294376,0.551105111128655,0.23089994816572,0.7584,50,50,8,5
Random,10,20270934,10,0.5,0.867804773014769,0.545483326841474,0.322321446173296,0.9216,50,50,8,5
Random,10,20270934,20,0.5,0.929093551939422,0.544889994242777,0.384203557696645,0.9668,50,50,8,5
Random,10,20270934,1.1,0.7,0.751417749471649,0.613359057589048,0.138058691882601,0.6828,50,50,11,5
Random,10,20270934,2,0.7,0.755045397362068,0.564254137106612,0.190791260255456,0.7136,50,50,11,5
Random,10,20270934,3,0.7,0.776080763501548,0.530537020995633,0.245543742505915,0.7788,50,50,11,5
Random,10,20270934,5,0.7,0.845916784410241,0.525602308493308,0.320314475916933,0.9136,50,50,11,5
Random,10,20270934,10,0.7,0.921011284986799,0.525025070089473,0.395986214897327,0.9676,50,50,11,5
Random,10,20270934,20,0.7,0.956827228182737,0.519832372844504,0.436994855338233,0.9824,50,50,11,5
Random,11,20270935,1.1,0.1,0.738054234877656,0.63313517735156,0.104919057526096,0.639166666666667,48,50,1,0
Random,11,20270935,2,0.1,0.738079782350003,0.636790521888658,0.101289260461346,0.636666666666667,48,50,1,0
Random,11,20270935,3,0.1,0.738116319417269,0.638152662119915,0.0999636572973546,0.63875,48,50,1,0
Random,11,20270935,5,0.1,0.738214552934677,0.637262785622754,0.100951767311922,0.641666666666667,48,50,1,0
Random,11,20270935,10,0.1,0.738597340444719,0.634464481083737,0.104132859360982,0.64375,48,50,1,0
Random,11,20270935,20,0.1,0.747852100171271,0.626451539175605,0.121400560995666,0.655833333333333,48,50,1,0
Random,11,20270935,1.1,0.3,0.738550301662813,0.622102212881981,0.116448088780832,0.6575,48,50,6,0
Random,11,20270935,2,0.3,0.738839435719304,0.624491975297425,0.114347460421879,0.66625,48,50,6,0
Random,11,20270935,3,0.3,0.739266843166261,0.620328220078173,0.118938623088087,0.677083333333333,48,50,6,0
Random,11,20270935,5,0.3,0.740417687971945,0.600945387411428,0.139472300560517,0.704583333333333,48,50,6,0
Random,11,20270935,10,0.3,0.769816743436451,0.560063244361496,0.209753499074955,0.757916666666667,48,50,6,0
Random,11,20270935,20,0.3,0.853718862197434,0.559830889737007,0.293887972460428,0.860416666666667,48,50,6,0
Random,11,20270935,1.1,0.5,0.739189428166806,0.608224455586926,0.13096497257988,0.67125,48,50,9,0
Random,11,20270935,2,0.5,0.740200681974555,0.591947080668607,0.148253601305948,0.693333333333333,48,50,9,0
Random,11,20270935,3,0.5,0.743970163905416,0.576708690094984,0.167261473810432,0.724166666666667,48,50,9,0
Random,11,20270935,5,0.5,0.75904106281684,0.540635855003762,0.218405207813078,0.772083333333333,48,50,9,0
Random,11,20270935,10,0.5,0.820743033827315,0.518480339715753,0.302262694111561,0.855833333333333,48,50,9,0
Random,11,20270935,20,0.5,0.902802634527628,0.523069012623622,0.379733621904005,0.92,48,50,9,0
Random,11,20270935,1.1,0.7,0.73998302168415,0.593943368072963,0.146039653611188,0.687083333333333,48,50,11,0
Random,11,20270935,2,0.7,0.744408620212778,0.568754282827199,0.175654337385579,0.7275,48,50,11,0
Random,11,20270935,3,0.7,0.75514055710742,0.539465372191654,0.215675184915766,0.767916666666667,48,50,11,0
Random,11,20270935,5,0.7,0.810729217201259,0.524237194398799,0.28649202280246,0.843333333333333,48,50,11,0
Random,11,20270935,10,0.7,0.909065006049211,0.52182414054264,0.387240865506571,0.936666666666667,48,50,11,0
Random,11,20270935,20,0.7,0.95370965403415,0.514233588909016,0.439476065125134,0.965833333333333,48,50,11,0
Random,12,20270936,1.1,0.1,0.626591582762037,0.755678192135833,-0.129086609373796,0.43,50,50,0,11
Random,12,20270936,2,0.1,0.626591582762037,0.755678192135833,-0.129086609373796,0.43,50,50,0,11
Random,12,20270936,3,0.1,0.626591582762037,0.755678192135833,-0.129086609373796,0.43,50,50,0,11
Random,12,20270936,5,0.1,0.626591582762037,0.755678192135833,-0.129086609373796,0.43,50,50,0,11
Random,12,20270936,10,0.1,0.626591582762037,0.755678192135833,-0.129086609373796,0.43,50,50,0,11
Random,12,20270936,20,0.1,0.626591582762037,0.755678192135833,-0.129086609373796,0.43,50,50,0,11
Random,12,20270936,1.1,0.3,0.627681324252851,0.732169039688173,-0.104487715435322,0.4672,50,50,6,11
Random,12,20270936,2,0.3,0.628550474173523,0.714144907669206,-0.0855944334956827,0.4944,50,50,6,11
Random,12,20270936,3,0.3,0.62943663998763,0.687016033622849,-0.0575793936352199,0.5252,50,50,6,11
Random,12,20270936,5,0.3,0.633793039486344,0.635809316411501,-0.00201627692515727,0.5804,50,50,6,11
Random,12,20270936,10,0.3,0.714156229669165,0.586576221545433,0.127580008123732,0.6708,50,50,6,11
Random,12,20270936,20,0.3,0.832120333711297,0.583618499730797,0.2485018339805,0.838,50,50,6,11
Random,12,20270936,1.1,0.5,0.639251338355576,0.610073717444124,0.0291776209114512,0.6004,50,50,14,11
Random,12,20270936,2,0.5,0.692398506426336,0.517473350916609,0.174925155509726,0.6872,50,50,14,11
Random,12,20270936,3,0.5,0.772975557261156,0.508167068521668,0.264808488739488,0.7972,50,50,14,11
Random,12,20270936,5,0.5,0.875674962742988,0.511764792169355,0.363910170573633,0.926,50,50,14,11
Random,12,20270936,10,0.5,0.932425932010569,0.492878895442411,0.439547036568158,0.9776,50,50,14,11
Random,12,20270936,20,0.5,0.957960354903387,0.480595657369423,0.477364697533964,0.986,50,50,14,11
Random,12,20270936,1.1,0.7,0.736043435509081,0.500838999987143,0.235204435521939,0.752,50,50,17,11
Random,12,20270936,2,0.7,0.874032065589391,0.512518861300439,0.361513204288952,0.9384,50,50,17,11
Random,12,20270936,3,0.7,0.926522771950218,0.516265445725741,0.410257326224476,0.9696,50,50,17,11
Random,12,20270936,5,0.7,0.949618104660766,0.502588084257369,0.447030020403396,0.9912,50,50,17,11
Random,12,20270936,10,0.7,0.96689519664423,0.492955346479685,0.473939850164545,0.9932,50,50,17,11
Random,12,20270936,20,0.7,0.975529635444421,0.488811400842039,0.486718234602382,0.9968,50,50,17,11
Random,13,20270937,1.1,0.1,0.549870028285173,0.734470777030595,-0.184600748745422,0.328,50,50,3,2
Random,13,20270937,2,0.1,0.550169721421505,0.732628748497144,-0.182459027075639,0.3296,50,50,3,2
Random,13,20270937,3,0.1,0.550595723832719,0.727882244512767,-0.177286520680048,0.3332,50,50,3,2
Random,13,20270937,5,0.1,0.551625453306672,0.715263137344467,-0.163637684037796,0.3448,50,50,3,2
Random,13,20270937,10,0.1,0.572901740014355,0.68745335640761,-0.114551616393255,0.3868,50,50,3,2
Random,13,20270937,20,0.1,0.652258885856508,0.670771912596854,-0.0185130267403456,0.4948,50,50,3,2
Random,13,20270937,1.1,0.3,0.550173529994867,0.726686788621399,-0.176513258626533,0.3376,50,50,5,2
Random,13,20270937,2,0.3,0.550694450604855,0.722242048126212,-0.171547597521357,0.3432,50,50,5,2
Random,13,20270937,3,0.3,0.551463062706557,0.710585099318314,-0.159122036611758,0.3528,50,50,5,2
Random,13,20270937,5,0.3,0.556285170170369,0.67505809265338,-0.118772922483011,0.3828,50,50,5,2
Random,13,20270937,10,0.3,0.613002745569478,0.624360061229735,-0.0113573156602563,0.5064,50,50,5,2
Random,13,20270937,20,0.3,0.728233312800062,0.616628928086499,0.111604384713563,0.6824,50,50,5,2
Random,13,20270937,1.1,0.5,0.551284339808733,0.69760916950884,-0.146324829700107,0.364,50,50,9,2
Random,13,20270937,2,0.5,0.552908819672117,0.660651419636455,-0.107742599964338,0.3976,50,50,9,2
Random,13,20270937,3,0.5,0.556349118113717,0.616824100755648,-0.0604749826419309,0.4436,50,50,9,2
Random,13,20270937,5,0.5,0.598863948857927,0.572971814499915,0.025892134358012,0.5488,50,50,9,2
Random,13,20270937,10,0.5,0.74996257820866,0.552426646327026,0.197535931881634,0.7924,50,50,9,2
Random,13,20270937,20,0.5,0.868451135577057,0.547312649773137,0.32113848580392,0.922,50,50,9,2
Random,13,20270937,1.1,0.7,0.566711182187847,0.575706758549806,-0.00899557636195925,0.4992,50,50,15,2
Random,13,20270937,2,0.7,0.657142052108896,0.527316308271754,0.129825743837141,0.6708,50,50,15,2
Random,13,20270937,3,0.7,0.761040426924151,0.52022433268581,0.24081609423834,0.8312,50,50,15,2
Random,13,20270937,5,0.7,0.869434731658773,0.514141194710433,0.35529353694834,0.952,50,50,15,2
Random,13,20270937,10,0.7,0.930612316763077,0.497520215508218,0.43309210125486,0.994,50,50,15,2
Random,13,20270937,20,0.7,0.964216196465973,0.491418486704015,0.472797709761958,1,50,50,15,2
Random,14,20270938,1.1,0.1,0.636599333591702,0.710952280242714,-0.0743529466510123,0.459591836734694,49,50,2,4
Random,14,20270938,2,0.1,0.636676661167736,0.711229979755415,-0.0745533185876793,0.460816326530612,49,50,2,4
Random,14,20270938,3,0.1,0.636786557311211,0.711262253725809,-0.0744756964145983,0.464489795918367,49,50,2,4
Random,14,20270938,5,0.1,0.637077173183026,0.704920468332333,-0.0678432951493072,0.473877551020408,49,50,2,4
Random,14,20270938,10,0.1,0.638153921706,0.6830803387265,-0.0449264170205004,0.496734693877551,49,50,2,4
Random,14,20270938,20,0.1,0.662484197587847,0.662815068879512,-0.000330871291665424,0.53265306122449,49,50,2,4
Random,14,20270938,1.1,0.3,0.637315361204026,0.693682611507035,-0.056367250303009,0.477142857142857,49,50,6,4
Random,14,20270938,2,0.3,0.638088531014882,0.673036234418454,-0.0349477034035723,0.497142857142857,49,50,6,4
Random,14,20270938,3,0.3,0.639015642888918,0.650607122856608,-0.0115914799676897,0.525714285714286,49,50,6,4
Random,14,20270938,5,0.3,0.641456692169828,0.598180197142038,0.0432764950277904,0.573469387755102,49,50,6,4
Random,14,20270938,10,0.3,0.72057406483901,0.555433936241288,0.165140128597722,0.693469387755102,49,50,6,4
Random,14,20270938,20,0.3,0.836324615890215,0.547097434551493,0.289227181338722,0.875510204081633,49,50,6,4
Random,14,20270938,1.1,0.5,0.637915505888535,0.680702503850639,-0.0427869979621039,0.488163265306122,49,50,8,4
Random,14,20270938,2,0.5,0.639231605858774,0.652889681118547,-0.0136580752597736,0.531428571428571,49,50,8,4
Random,14,20270938,3,0.5,0.641640496023136,0.615016358339473,0.0266241376836622,0.564081632653061,49,50,8,4
Random,14,20270938,5,0.5,0.672903754038212,0.554710735071145,0.118193018967067,0.64734693877551,49,50,8,4
Random,14,20270938,10,0.5,0.794280162846848,0.538461018466832,0.255819144380016,0.812244897959184,49,50,8,4
Random,14,20270938,20,0.5,0.890448246137651,0.538345757964011,0.35210248817364,0.941224489795918,49,50,8,4
Random,14,20270938,1.1,0.7,0.658724912926365,0.550769878858987,0.107955034067378,0.634285714285714,49,50,15,4
Random,14,20270938,2,0.7,0.759172300363056,0.521239688153057,0.237932612209998,0.794285714285714,49,50,15,4
Random,14,20270938,3,0.7,0.834640000680759,0.510453488394439,0.32418651228632,0.921224489795918,49,50,15,4
Random,14,20270938,5,0.7,0.907513636956231,0.514530131007643,0.392983505948589,0.984081632653061,49,50,15,4
Random,14,20270938,10,0.7,0.952998530096891,0.507943565822957,0.445054964273934,1,49,50,15,4
Random,14,20270938,20,0.7,0.976296986240903,0.505050073963547,0.471246912277356,1,49,50,15,4
Random,15,20270939,1.1,0.1,0.674451136508823,0.668597711475646,0.00585342503317654,0.524897959183673,50,49,4,24
Random,15,20270939,2,0.1,0.674753921730528,0.66627869662043,0.00847522511009791,0.527755102040816,50,49,4,24
Random,15,20270939,3,0.1,0.675197598908446,0.664475504370281,0.0107220945381643,0.533469387755102,50,49,4,24
Random,15,20270939,5,0.1,0.676384609879007,0.648120097407124,0.0282645124718822,0.559591836734694,50,49,4,24
Random,15,20270939,10,0.1,0.710109199724851,0.627412318441608,0.0826968812832436,0.622448979591837,50,49,4,24
Random,15,20270939,20,0.1,0.792658247353715,0.633827576266864,0.158830671086851,0.719591836734694,50,49,4,24
Random,15,20270939,1.1,0.3,0.674618662272118,0.664643195273793,0.00997546699832585,0.534285714285714,50,49,5,24
Random,15,20270939,2,0.3,0.675020640752045,0.659313044187132,0.0157075965649131,0.549795918367347,50,49,5,24
Random,15,20270939,3,0.3,0.675613433335331,0.649648468757445,0.0259649645778866,0.560816326530612,50,49,5,24
Random,15,20270939,5,0.3,0.678410447232268,0.622788068644642,0.0556223785876263,0.60530612244898,50,49,5,24
Random,15,20270939,10,0.3,0.726216595626889,0.601033623377192,0.125182972249697,0.686938775510204,50,49,5,24
Random,15,20270939,20,0.3,0.813784557562138,0.606755650792829,0.207028906769308,0.782040816326531,50,49,5,24
Random,15,20270939,1.1,0.5,0.67574976756919,0.63789247714102,0.0378572904281707,0.582040816326531,50,49,9,24
Random,15,20270939,2,0.5,0.677071801352285,0.597790355196173,0.0792814461561127,0.646530612244898,50,49,9,24
Random,15,20270939,3,0.5,0.682849079402389,0.571191919963216,0.111657159439173,0.689387755102041,50,49,9,24
Random,15,20270939,5,0.5,0.714346238542508,0.540576307469105,0.173769931073403,0.761632653061225,50,49,9,24
Random,15,20270939,10,0.5,0.815003508031592,0.542649948218644,0.272353559812948,0.879591836734694,50,49,9,24
Random,15,20270939,20,0.5,0.886509338974506,0.547497034727834,0.339012304246672,0.932244897959184,50,49,9,24
Random,15,20270939,1.1,0.7,0.679080696910121,0.583765596974465,0.0953150999356563,0.677551020408163,50,49,13,24
Random,15,20270939,2,0.7,0.69506164225492,0.530672425073926,0.164389217180994,0.760408163265306,50,49,13,24
Random,15,20270939,3,0.7,0.743471167575796,0.516870962206203,0.226600205369593,0.829387755102041,50,49,13,24
Random,15,20270939,5,0.7,0.82959360466693,0.525587355382247,0.304006249284684,0.908163265306122,50,49,13,24
Random,15,20270939,10,0.7,0.897679074972389,0.525230418877939,0.37244865609445,0.958367346938775,50,49,13,24
Random,15,20270939,20,0.7,0.930683918815007,0.522169644481783,0.408514274333224,0.978367346938775,50,49,13,24
Random,16,20270940,1.1,0.1,0.519622054092749,0.76717239908878,-0.247550344996031,0.279183673469388,49,50,0,2
Random,16,20270940,2,0.1,0.519622054092749,0.76717239908878,-0.247550344996031,0.279183673469388,49,50,0,2
Random,16,20270940,3,0.1,0.519622054092749,0.76717239908878,-0.247550344996031,0.279183673469388,49,50,0,2
Random,16,20270940,5,0.1,0.519622054092749,0.76717239908878,-0.247550344996031,0.279183673469388,49,50,0,2
Random,16,20270940,10,0.1,0.519622054092749,0.76717239908878,-0.247550344996031,0.279183673469388,49,50,0,2
Random,16,20270940,20,0.1,0.519622054092749,0.76717239908878,-0.247550344996031,0.279183673469388,49,50,0,2
Random,16,20270940,1.1,0.3,0.519858430888478,0.760662697502342,-0.240804266613864,0.283673469387755,49,50,2,2
Random,16,20270940,2,0.3,0.519976793371398,0.753155961207749,-0.233179167836352,0.289795918367347,49,50,2,2
Random,16,20270940,3,0.3,0.52014331054536,0.747044602217147,-0.226901291671787,0.293469387755102,49,50,2,2
Random,16,20270940,5,0.3,0.520583551449572,0.745256254101349,-0.224672702651777,0.295918367346939,49,50,2,2
Random,16,20270940,10,0.3,0.522256837945397,0.720226599437666,-0.197969761492269,0.322448979591837,49,50,2,2
Random,16,20270940,20,0.3,0.573313316037822,0.697345176906698,-0.124031860868875,0.379183673469388,49,50,2,2
Random,16,20270940,1.1,0.5,0.520001855701246,0.756695158723225,-0.236693303021979,0.286530612244898,49,50,3,2
Random,16,20270940,2,0.5,0.52017331050917,0.745075758131867,-0.224902447622697,0.293877551020408,49,50,3,2
Random,16,20270940,3,0.5,0.520416505092434,0.735025655529629,-0.214609150437195,0.304897959183673,49,50,3,2
Random,16,20270940,5,0.5,0.521062099880211,0.728173894630861,-0.20711179475065,0.311428571428571,49,50,3,2
Random,16,20270940,10,0.5,0.528713682975713,0.694720056864927,-0.166006373889213,0.345714285714286,49,50,3,2
Random,16,20270940,20,0.5,0.603786995954385,0.675512682735141,-0.0717256867807557,0.417142857142857,49,50,3,2
Random,16,20270940,1.1,0.7,0.521277509265873,0.726992433745903,-0.20571492448003,0.308571428571429,49,50,8,2
Random,16,20270940,2,0.7,0.522539326776575,0.686748049806148,-0.164208723029573,0.349387755102041,49,50,8,2
Random,16,20270940,3,0.7,0.526941985295681,0.644932030481745,-0.117990045186064,0.39265306122449,49,50,8,2
Random,16,20270940,5,0.7,0.560292823750934,0.591926838353115,-0.0316340146021808,0.471428571428571,49,50,8,2
Random,16,20270940,10,0.7,0.676853484276136,0.55828462710252,0.118568857173616,0.673877551020408,49,50,8,2
Random,16,20270940,20,0.7,0.811292133307854,0.560451976898965,0.250840156408889,0.849387755102041,49,50,8,2
Random,17,20270941,1.1,0.1,0.591610919012883,0.717641130106753,-0.12603021109387,0.382,50,50,3,8
Random,17,20270941,2,0.1,0.591817215704282,0.718500635213749,-0.126683419509467,0.3868,50,50,3,8
Random,17,20270941,3,0.1,0.59211288713099,0.71802052422817,-0.12590763709718,0.3896,50,50,3,8
Random,17,20270941,5,0.1,0.592902421069697,0.710095801773534,-0.117193380703837,0.4016,50,50,3,8
Random,17,20270941,10,0.1,0.610706551820147,0.677262362434484,-0.0665558106143362,0.4536,50,50,3,8
Random,17,20270941,20,0.1,0.693578642506029,0.658730106790889,0.0348485357151403,0.5652,50,50,3,8
Random,17,20270941,1.1,0.3,0.592020818312289,0.708244719318408,-0.116223901006119,0.3932,50,50,5,8
Random,17,20270941,2,0.3,0.592817480611159,0.701321145518576,-0.108503664907417,0.4116,50,50,5,8
Random,17,20270941,3,0.3,0.593428447615754,0.692039702128712,-0.0986112545129577,0.4192,50,50,5,8
Random,17,20270941,5,0.3,0.595324996220499,0.658514494170245,-0.0631894979497467,0.4656,50,50,5,8
Random,17,20270941,10,0.3,0.650279226571274,0.607623901483215,0.0426553250880586,0.566,50,50,5,8
Random,17,20270941,20,0.3,0.768857753584487,0.595595402591325,0.173262350993162,0.7524,50,50,5,8
Random,17,20270941,1.1,0.5,0.593995711222163,0.666413504216681,-0.0724177929945172,0.4464,50,50,10,8
Random,17,20270941,2,0.5,0.600070207690252,0.62384092250456,-0.023770714814308,0.506,50,50,10,8
Random,17,20270941,3,0.5,0.612518256307666,0.579955681347249,0.0325625749604168,0.5616,50,50,10,8
Random,17,20270941,5,0.5,0.683954065110132,0.53718224823865,0.146771816871483,0.7012,50,50,10,8
Random,17,20270941,10,0.5,0.81448122539859,0.518420481321302,0.296060744077288,0.9032,50,50,10,8
Random,17,20270941,20,0.5,0.900475320607854,0.511173960107442,0.389301360500413,0.9836,50,50,10,8
Random,17,20270941,1.1,0.7,0.648473285742022,0.519298770066224,0.129174515675798,0.6728,50,50,16,8
Random,17,20270941,2,0.7,0.791654557567224,0.505315830870503,0.286338726696721,0.8884,50,50,16,8
Random,17,20270941,3,0.7,0.868808906187849,0.506361355538136,0.362447550649713,0.9576,50,50,16,8
Random,17,20270941,5,0.7,0.923170314064216,0.501636640100777,0.421533673963439,0.9852,50,50,16,8
Random,17,20270941,10,0.7,0.958739920639051,0.493323259019376,0.465416661619674,0.9928,50,50,16,8
Random,17,20270941,20,0.7,0.977204308212318,0.489637181214938,0.48756712699738,0.9968,50,50,16,8
Random,18,20270942,1.1,0.1,0.698234281240488,0.683073568882324,0.0151607123581636,0.550612244897959,50,49,3,5
Random,18,20270942,2,0.1,0.69843513747466,0.673972338298743,0.0244627991759171,0.562040816326531,50,49,3,5
Random,18,20270942,3,0.1,0.698721606391998,0.669262403179193,0.0294592032128052,0.562857142857143,50,49,3,5
Random,18,20270942,5,0.1,0.699479367145681,0.652565636583683,0.0469137305619972,0.580408163265306,50,49,3,5
Random,18,20270942,10,0.1,0.713053647408658,0.627510154605875,0.0855434928027834,0.630204081632653,50,49,3,5
Random,18,20270942,20,0.1,0.777785655564406,0.614994603660181,0.162791051904226,0.728571428571429,50,49,3,5
Random,18,20270942,1.1,0.3,0.699249042734493,0.660463294864309,0.0387857478701837,0.57265306122449,50,49,8,5
Random,18,20270942,2,0.3,0.700457743878933,0.635667168712995,0.0647905751659378,0.597959183673469,50,49,8,5
Random,18,20270942,3,0.3,0.702406659027948,0.602834766087478,0.0995718929404698,0.633469387755102,50,49,8,5
Random,18,20270942,5,0.3,0.724960769368305,0.554722586418729,0.170238182949576,0.704897959183673,50,49,8,5
Random,18,20270942,10,0.3,0.827546642575739,0.55037595040226,0.277170692173479,0.868979591836735,50,49,8,5
Random,18,20270942,20,0.3,0.910234459236418,0.555802131694668,0.354432327541751,0.977551020408163,50,49,8,5
Random,18,20270942,1.1,0.5,0.702690545891258,0.601193991086126,0.101496554805132,0.634285714285714,50,49,13,5
Random,18,20270942,2,0.5,0.718657208250498,0.53788805349277,0.180769154757728,0.708571428571429,50,49,13,5
Random,18,20270942,3,0.5,0.765250124325778,0.516482743342581,0.248767380983197,0.79469387755102,50,49,13,5
Random,18,20270942,5,0.5,0.855000825104568,0.515295109659659,0.339705715444909,0.936326530612245,50,49,13,5
Random,18,20270942,10,0.5,0.928017721957173,0.513026118938918,0.414991603018255,0.984081632653061,50,49,13,5
Random,18,20270942,20,0.5,0.963323646321313,0.510311264350799,0.453012381970513,0.993469387755102,50,49,13,5
Random,18,20270942,1.1,0.7,0.710232014443708,0.545687985256693,0.164544029187015,0.681224489795918,50,49,15,5
Random,18,20270942,2,0.7,0.776657295307037,0.510518262338257,0.26613903296878,0.822448979591837,50,49,15,5
Random,18,20270942,3,0.7,0.851348058299852,0.510011223829612,0.34133683447024,0.927755102040816,50,49,15,5
Random,18,20270942,5,0.7,0.924215478462972,0.511434861758445,0.412780616704527,0.983265306122449,50,49,15,5
Random,18,20270942,10,0.7,0.961398714855387,0.500841474383652,0.460557240471735,0.99469387755102,50,49,15,5
Random,18,20270942,20,0.7,0.980503555313662,0.496909010705579,0.483594544608083,0.998775510204082,50,49,15,5
Random,19,20270943,1.1,0.1,0.635411667039725,0.674328187976777,-0.0389165209370522,0.505833333333333,50,48,3,7
Random,19,20270943,2,0.1,0.63554563437241,0.676289321738052,-0.0407436873656418,0.502083333333333,50,48,3,7
Random,19,20270943,3,0.1,0.635737428231261,0.682253285062559,-0.0465158568312984,0.500833333333333,50,48,3,7
Random,19,20270943,5,0.1,0.63624982793422,0.686344905016888,-0.050095077082668,0.5025,50,48,3,7
Random,19,20270943,10,0.1,0.646503498075533,0.672829965440819,-0.0263264673652859,0.527083333333333,50,48,3,7
Random,19,20270943,20,0.1,0.703286159301838,0.667365873876697,0.0359202854251411,0.580416666666667,50,48,3,7
Random,19,20270943,1.1,0.3,0.636013783983199,0.656655319748631,-0.0206415357654312,0.52125,50,48,7,7
Random,19,20270943,2,0.3,0.636776690330626,0.63767591638274,-0.000899226052114899,0.545,50,48,7,7
Random,19,20270943,3,0.3,0.637911964936832,0.61868431586351,0.0192276490733224,0.57,50,48,7,7
Random,19,20270943,5,0.3,0.655830067221217,0.586191406563433,0.0696386606577838,0.614583333333333,50,48,7,7
Random,19,20270943,10,0.3,0.745314755601778,0.56762991896911,0.177684836632668,0.735,50,48,7,7
Random,19,20270943,20,0.3,0.848924725996569,0.573937881697898,0.274986844298671,0.89875,50,48,7,7
Random,19,20270943,1.1,0.5,0.636936469675801,0.635082614687588,0.00185385498821233,0.5475,50,48,10,7
Random,19,20270943,2,0.5,0.640082851290468,0.601531295335192,0.0385515559552759,0.5875,50,48,10,7
Random,19,20270943,3,0.5,0.652028261513904,0.565158977800951,0.0868692837129528,0.623333333333333,50,48,10,7
Random,19,20270943,5,0.5,0.705791298026262,0.535540095427696,0.170251202598566,0.700833333333333,50,48,10,7
Random,19,20270943,10,0.5,0.829884650156597,0.541403868102025,0.288480782054572,0.889166666666667,50,48,10,7
Random,19,20270943,20,0.5,0.90786018312994,0.540349356485208,0.367510826644732,0.984583333333333,50,48,10,7
Random,19,20270943,1.1,0.7,0.668048379712792,0.503754564255992,0.164293815456799,0.675416666666667,50,48,16,7
Random,19,20270943,2,0.7,0.768501339875471,0.484407827906716,0.284093511968755,0.830833333333333,50,48,16,7
Random,19,20270943,3,0.7,0.848385150753269,0.491012094899877,0.357373055853392,0.933333333333333,50,48,16,7
Random,19,20270943,5,0.7,0.912822558251451,0.489325858965458,0.423496699285993,0.987083333333333,50,48,16,7
Random,19,20270943,10,0.7,0.951761265273173,0.479120097090093,0.47264116818308,0.999583333333333,50,48,16,7
Random,19,20270943,20,0.7,0.9717892799825,0.474949424601859,0.496839855380641,1,50,48,16,7
Random,20,20270944,1.1,0.1,0.73666723079534,0.680126585758815,0.056540645036525,0.622083333333333,50,48,1,2
Random,20,20270944,2,0.1,0.736694779493466,0.684499582655621,0.0521951968378445,0.619583333333333,50,48,1,2
Random,20,20270944,3,0.1,0.736733786158291,0.692468741888356,0.0442650442699357,0.617083333333333,50,48,1,2
Random,20,20270944,5,0.1,0.736837680329887,0.703706115124551,0.0331315652053358,0.614166666666667,50,48,1,2
Random,20,20270944,10,0.1,0.737238042669017,0.708925060844606,0.0283129818244108,0.614166666666667,50,48,1,2
Random,20,20270944,20,0.1,0.745726185366174,0.708833570813267,0.0368926145529067,0.622916666666667,50,48,1,2
Random,20,20270944,1.1,0.3,0.736832847399845,0.67588614422371,0.0609467031761356,0.625833333333333,50,48,3,2
Random,20,20270944,2,0.3,0.737007075115323,0.682952476853078,0.0540545982622448,0.626666666666667,50,48,3,2
Random,20,20270944,3,0.3,0.737197438386465,0.687361531019072,0.0498359073673921,0.63375,50,48,3,2
Random,20,20270944,5,0.3,0.737705725168747,0.685061476601866,0.0526442485668818,0.647916666666667,50,48,3,2
Random,20,20270944,10,0.3,0.744446503041125,0.668442836069616,0.0760036669715086,0.686666666666667,50,48,3,2
Random,20,20270944,20,0.3,0.788342243014418,0.658436472425704,0.129905770588714,0.731666666666667,50,48,3,2
Random,20,20270944,1.1,0.5,0.737373300210823,0.660435877697987,0.0769374225128362,0.653333333333333,50,48,7,2
Random,20,20270944,2,0.5,0.737949900055344,0.651732088931285,0.0862178111240594,0.676666666666667,50,48,7,2
Random,20,20270944,3,0.5,0.738694039443314,0.63596511336577,0.102728926077544,0.706666666666667,50,48,7,2
Random,20,20270944,5,0.5,0.745008872764131,0.599249095148762,0.14575977761537,0.733333333333333,50,48,7,2
Random,20,20270944,10,0.5,0.791636828219422,0.545098785316604,0.246538042902818,0.7875,50,48,7,2
Random,20,20270944,20,0.5,0.878072134990668,0.542495507630003,0.335576627360665,0.899166666666667,50,48,7,2
Random,20,20270944,1.1,0.7,0.740251581582013,0.598010928252756,0.142240653329256,0.73375,50,48,13,2
Random,20,20270944,2,0.7,0.753361049824837,0.538573671975522,0.214787377849315,0.772916666666667,50,48,13,2
Random,20,20270944,3,0.7,0.79668443353645,0.523636304412567,0.273048129123884,0.825833333333333,50,48,13,2
Random,20,20270944,5,0.7,0.868040661924361,0.52327493781643,0.344765724107931,0.91625,50,48,13,2
Random,20,20270944,10,0.7,0.933445839297967,0.512731641008411,0.420714198289556,0.98875,50,48,13,2
Random,20,20270944,20,0.7,0.965454136796968,0.500611546780242,0.464842590016726,1,50,48,13,2
Regular,1,20280925,1.1,0.1,0.85131501272865,0.54782505724283,0.30348995548582,0.829583333333333,48,50,5,5
Regular,1,20280925,2,0.1,0.851788598249656,0.559252240926647,0.292536357323009,0.824166666666667,48,50,5,5
Regular,1,20280925,3,0.1,0.852294064012013,0.554562944248153,0.29773111976386,0.829166666666667,48,50,5,5
Regular,1,20280925,5,0.1,0.856921121509324,0.542849676572113,0.314071444937212,0.844583333333333,48,50,5,5
Regular,1,20280925,10,0.1,0.880867464580923,0.515247434765933,0.365620029814991,0.88125,48,50,5,5
Regular,1,20280925,20,0.1,0.933264729822427,0.497223881453788,0.436040848368639,0.9325,48,50,5,5
Regular,1,20280925,1.1,0.3,0.851579609987676,0.539805561397687,0.31177404858999,0.835416666666667,48,50,7,5
Regular,1,20280925,2,0.3,0.852290285725596,0.543655289562605,0.308634996162991,0.84125,48,50,7,5
Regular,1,20280925,3,0.3,0.853150676855091,0.533145239782899,0.320005437072192,0.851666666666667,48,50,7,5
Regular,1,20280925,5,0.3,0.862739167106693,0.513560968320947,0.349178198785745,0.87125,48,50,7,5
Regular,1,20280925,10,0.3,0.910460734854835,0.493160204936634,0.417300529918202,0.92375,48,50,7,5
Regular,1,20280925,20,0.3,0.953203946066263,0.477730383801749,0.475473562264514,0.96125,48,50,7,5
Regular,1,20280925,1.1,0.5,0.852268397241583,0.519873635860797,0.332394761380786,0.854583333333333,48,50,10,5
Regular,1,20280925,2,0.5,0.854287855696993,0.497022289766061,0.357265565930931,0.872083333333333,48,50,10,5
Regular,1,20280925,3,0.5,0.863327824487748,0.468230000542086,0.395097823945662,0.898333333333333,48,50,10,5
Regular,1,20280925,5,0.5,0.892550069757853,0.438451146895121,0.454098922862731,0.93,48,50,10,5
Regular,1,20280925,10,0.5,0.941274184362679,0.426410468318187,0.514863716044492,0.955833333333333,48,50,10,5
Regular,1,20280925,20,0.5,0.968827406419867,0.417865447040007,0.55096195937986,0.970416666666667,48,50,10,5
Regular,1,20280925,1.1,0.7,0.852268397241583,0.519873635860797,0.332394761380786,0.854583333333333,48,50,10,5
Regular,1,20280925,2,0.7,0.854287855696993,0.497022289766061,0.357265565930931,0.872083333333333,48,50,10,5
Regular,1,20280925,3,0.7,0.863327824487748,0.468230000542086,0.395097823945662,0.898333333333333,48,50,10,5
Regular,1,20280925,5,0.7,0.892550069757853,0.438451146895121,0.454098922862731,0.93,48,50,10,5
Regular,1,20280925,10,0.7,0.941274184362679,0.426410468318187,0.514863716044492,0.955833333333333,48,50,10,5
Regular,1,20280925,20,0.7,0.968827406419867,0.417865447040007,0.55096195937986,0.970416666666667,48,50,10,5
Regular,2,20280926,1.1,0.1,0.678912771260673,0.688765556882894,-0.00985278562222169,0.566666666666667,48,50,1,16
Regular,2,20280926,2,0.1,0.678966445096656,0.691404684377237,-0.0124382392805805,0.565,48,50,1,16
Regular,2,20280926,3,0.1,0.679042808267626,0.694915183358054,-0.0158723750904277,0.56,48,50,1,16
Regular,2,20280926,5,0.1,0.679246071314876,0.695323682296829,-0.0160776109819534,0.562916666666667,48,50,1,16
Regular,2,20280926,10,0.1,0.680013903186886,0.683404889645243,-0.00339098645835723,0.576666666666667,48,50,1,16
Regular,2,20280926,20,0.1,0.694157379243153,0.666221713301781,0.0279356659413721,0.590833333333333,48,50,1,16
Regular,2,20280926,1.1,0.3,0.679147977569651,0.684053160377856,-0.00490518280820451,0.572916666666667,48,50,3,16
Regular,2,20280926,2,0.3,0.679426655563377,0.681801169720687,-0.0023745141573096,0.579166666666667,48,50,3,16
Regular,2,20280926,3,0.3,0.679711685945533,0.676690386307586,0.00302129963794695,0.58125,48,50,3,16
Regular,2,20280926,5,0.3,0.680468108080454,0.660457694616244,0.0200104134642106,0.595833333333333,48,50,3,16
Regular,2,20280926,10,0.3,0.68526601061444,0.613517700691005,0.0717483099234357,0.62875,48,50,3,16
Regular,2,20280926,20,0.3,0.737926854003436,0.578957965203031,0.158968888800405,0.6775,48,50,3,16
Regular,2,20280926,1.1,0.5,0.68110178346505,0.64984297872133,0.0312588047437193,0.61375,48,50,10,16
Regular,2,20280926,2,0.5,0.68359692547069,0.621112407437338,0.0624845180333528,0.650416666666667,48,50,10,16
Regular,2,20280926,3,0.5,0.687452973125872,0.577161091698997,0.110291881426876,0.692083333333333,48,50,10,16
Regular,2,20280926,5,0.5,0.714429912572324,0.520300992876075,0.19412891969625,0.732916666666667,48,50,10,16
Regular,2,20280926,10,0.5,0.810752712019132,0.494470393176356,0.316282318842775,0.8225,48,50,10,16
Regular,2,20280926,20,0.5,0.888123837336419,0.487395702385469,0.40072813495095,0.908333333333333,48,50,10,16
Regular,2,20280926,1.1,0.7,0.684019278645747,0.60936531358496,0.0746539650607874,0.657083333333333,48,50,13,16
Regular,2,20280926,2,0.7,0.694652354925739,0.549631985656596,0.145020369269143,0.712083333333333,48,50,13,16
Regular,2,20280926,3,0.7,0.731909955478347,0.498626394824341,0.233283560654006,0.75875,48,50,13,16
Regular,2,20280926,5,0.7,0.833991139532471,0.474779575728565,0.359211563803905,0.885833333333333,48,50,13,16
Regular,2,20280926,10,0.7,0.907572358343181,0.455006886647276,0.452565471695906,0.955833333333333,48,50,13,16
Regular,2,20280926,20,0.7,0.938838372648659,0.44334551289726,0.495492859751399,0.98,48,50,13,16
Regular,3,20280927,1.1,0.1,0.730990972640803,0.655505142704433,0.0754858299363699,0.644081632653061,49,50,0,0
Regular,3,20280927,2,0.1,0.730990972640803,0.655505142704433,0.0754858299363699,0.644081632653061,49,50,0,0
Regular,3,20280927,3,0.1,0.730990972640803,0.655505142704433,0.0754858299363699,0.644081632653061,49,50,0,0
Regular,3,20280927,5,0.1,0.730990972640803,0.655505142704433,0.0754858299363699,0.644081632653061,49,50,0,0
Regular,3,20280927,10,0.1,0.730990972640803,0.655505142704433,0.0754858299363699,0.644081632653061,49,50,0,0
Regular,3,20280927,20,0.1,0.730990972640803,0.655505142704433,0.0754858299363699,0.644081632653061,49,50,0,0
Regular,3,20280927,1.1,0.3,0.731611415518679,0.642543533829259,0.0890678816894203,0.653877551020408,49,50,5,0
Regular,3,20280927,2,0.3,0.73220803674853,0.640881795846463,0.0913262409020673,0.657142857142857,49,50,5,0
Regular,3,20280927,3,0.3,0.732963360918958,0.631400645405392,0.101562715513566,0.666122448979592,49,50,5,0
Regular,3,20280927,5,0.3,0.735862817559515,0.600179700790133,0.135683116769382,0.69265306122449,49,50,5,0
Regular,3,20280927,10,0.3,0.761047518827439,0.530120399090382,0.230927119737057,0.767755102040816,49,50,5,0
Regular,3,20280927,20,0.3,0.82456045711732,0.483250617910951,0.341309839206368,0.832244897959184,49,50,5,0
Regular,3,20280927,1.1,0.5,0.732751433877714,0.620583240043243,0.112168193834471,0.679183673469388,49,50,9,0
Regular,3,20280927,2,0.5,0.734843017528812,0.595898603132373,0.138944414396439,0.700408163265306,49,50,9,0
Regular,3,20280927,3,0.5,0.739382029409699,0.560234355222063,0.179147674187636,0.731020408163265,49,50,9,0
Regular,3,20280927,5,0.5,0.768281262962384,0.512353200992786,0.255928061969598,0.800408163265306,49,50,9,0
Regular,3,20280927,10,0.5,0.856986170423318,0.467066912248673,0.389919258174645,0.898367346938776,49,50,9,0
Regular,3,20280927,20,0.5,0.926953556183497,0.437943554290382,0.489010001893115,0.970204081632653,49,50,9,0
Regular,3,20280927,1.1,0.7,0.73387313894648,0.600580468202276,0.133292670744204,0.694285714285714,49,50,11,0
Regular,3,20280927,2,0.7,0.739258609428178,0.555522695819622,0.183735913608556,0.736326530612245,49,50,11,0
Regular,3,20280927,3,0.7,0.756914596496728,0.511515748660018,0.24539884783671,0.788163265306122,49,50,11,0
Regular,3,20280927,5,0.7,0.804013717816591,0.46239269120698,0.341621026609611,0.85469387755102,49,50,11,0
Regular,3,20280927,10,0.7,0.899203444714557,0.446517513926967,0.452685930787591,0.938367346938776,49,50,11,0
Regular,3,20280927,20,0.7,0.948035553413811,0.433239279029975,0.514796274383835,0.986530612244898,49,50,11,0
Regular,4,20280928,1.1,0.1,0.797970760911304,0.664778063128753,0.133192697782552,0.7088,50,50,2,8
Regular,4,20280928,2,0.1,0.79803363340588,0.662455373288249,0.135578260117631,0.7108,50,50,2,8
Regular,4,20280928,3,0.1,0.798125696150685,0.667593388734431,0.130532307416254,0.7064,50,50,2,8
Regular,4,20280928,5,0.1,0.798377510980492,0.671646735899804,0.126730775080689,0.7004,50,50,2,8
Regular,4,20280928,10,0.1,0.799362260321396,0.657569494941539,0.141792765379857,0.7208,50,50,2,8
Regular,4,20280928,20,0.1,0.817052956671468,0.638173133988775,0.178879822682693,0.7448,50,50,2,8
Regular,4,20280928,1.1,0.3,0.798440025778903,0.651204062722449,0.147235963056455,0.7248,50,50,6,8
Regular,4,20280928,2,0.3,0.798931251144957,0.627796550305272,0.171134700839684,0.7416,50,50,6,8
Regular,4,20280928,3,0.3,0.799484751999096,0.606307693627439,0.193177058371657,0.76,50,50,6,8
Regular,4,20280928,5,0.3,0.800954910232284,0.567274869742697,0.233680040489587,0.7944,50,50,6,8
Regular,4,20280928,10,0.3,0.835688560366576,0.527723095816409,0.307965464550167,0.8612,50,50,6,8
Regular,4,20280928,20,0.3,0.895485459793351,0.52526708998688,0.370218369806471,0.9056,50,50,6,8
Regular,4,20280928,1.1,0.5,0.799154434856934,0.636421626213036,0.162732808643898,0.7416,50,50,9,8
Regular,4,20280928,2,0.5,0.800748873400549,0.604801398851846,0.195947474548703,0.7668,50,50,9,8
Regular,4,20280928,3,0.5,0.802649028386177,0.571215662809235,0.231433365576942,0.7984,50,50,9,8
Regular,4,20280928,5,0.5,0.815962406366611,0.510138548167466,0.305823858199145,0.8508,50,50,9,8
Regular,4,20280928,10,0.5,0.882878327208575,0.463441507818775,0.419436819389799,0.9292,50,50,9,8
Regular,4,20280928,20,0.5,0.930696799865156,0.461947988075527,0.468748811789629,0.9612,50,50,9,8
Regular,4,20280928,1.1,0.7,0.800656676677502,0.60697746653468,0.193679210142822,0.766,50,50,12,8
Regular,4,20280928,2,0.7,0.805185129254214,0.550038991822345,0.255146137431869,0.8272,50,50,12,8
Regular,4,20280928,3,0.7,0.819721141620509,0.504853208370049,0.314867933250459,0.866,50,50,12,8
Regular,4,20280928,5,0.7,0.874581511482537,0.47334609184662,0.401235419635917,0.924,50,50,12,8
Regular,4,20280928,10,0.7,0.940228149874273,0.463336725973439,0.476891423900834,0.9652,50,50,12,8
Regular,4,20280928,20,0.7,0.961979665835035,0.453106249323578,0.508873416511457,0.9816,50,50,12,8
Regular,5,20280929,1.1,0.1,0.587398931236547,0.719681293910462,-0.132282362673915,0.400416666666667,48,50,0,0
Regular,5,20280929,2,0.1,0.587398931236547,0.719681293910462,-0.132282362673915,0.400416666666667,48,50,0,0
Regular,5,20280929,3,0.1,0.587398931236547,0.719681293910462,-0.132282362673915,0.400416666666667,48,50,0,0
Regular,5,20280929,5,0.1,0.587398931236547,0.719681293910462,-0.132282362673915,0.400416666666667,48,50,0,0
Regular,5,20280929,10,0.1,0.587398931236547,0.719681293910462,-0.132282362673915,0.400416666666667,48,50,0,0
Regular,5,20280929,20,0.1,0.587398931236547,0.719681293910462,-0.132282362673915,0.400416666666667,48,50,0,0
Regular,5,20280929,1.1,0.3,0.593762322564229,0.64401850780997,-0.050256185245741,0.46625,48,50,12,0
Regular,5,20280929,2,0.3,0.606044663204015,0.566888776445285,0.0391558867587297,0.56,48,50,12,0
Regular,5,20280929,3,0.3,0.645619264823047,0.524061367526952,0.121557897296095,0.645833333333333,48,50,12,0
Regular,5,20280929,5,0.3,0.769111112852194,0.497899669847638,0.271211443004556,0.846666666666667,48,50,12,0
Regular,5,20280929,10,0.3,0.901863286231367,0.470449268686859,0.431414017544509,0.974166666666667,48,50,12,0
Regular,5,20280929,20,0.3,0.951314566849398,0.454213766777082,0.497100800072316,0.99625,48,50,12,0
Regular,5,20280929,1.1,0.5,0.633805661472322,0.53270548819715,0.101100173275172,0.627916666666667,48,50,16,0
Regular,5,20280929,2,0.5,0.792191300357247,0.497791122823827,0.294400177533419,0.875,48,50,16,0
Regular,5,20280929,3,0.5,0.886332231036297,0.486512422566556,0.399819808469741,0.964166666666667,48,50,16,0
Regular,5,20280929,5,0.5,0.95577057062746,0.45456997357155,0.50120059705591,0.997083333333333,48,50,16,0
Regular,5,20280929,10,0.5,0.977693910814536,0.431311438640897,0.546382472173639,1,48,50,16,0
Regular,5,20280929,20,0.5,0.988790699526606,0.421828663187765,0.566962036338841,1,48,50,16,0
Regular,5,20280929,1.1,0.7,0.633805661472322,0.53270548819715,0.101100173275172,0.627916666666667,48,50,16,0
Regular,5,20280929,2,0.7,0.792191300357247,0.497791122823827,0.294400177533419,0.875,48,50,16,0
Regular,5,20280929,3,0.7,0.886332231036297,0.486512422566556,0.399819808469741,0.964166666666667,48,50,16,0
Regular,5,20280929,5,0.7,0.95577057062746,0.45456997357155,0.50120059705591,0.997083333333333,48,50,16,0
Regular,5,20280929,10,0.7,0.977693910814536,0.431311438640897,0.546382472173639,1,48,50,16,0
Regular,5,20280929,20,0.7,0.988790699526606,0.421828663187765,0.566962036338841,1,48,50,16,0
Regular,6,20280930,1.1,0.1,0.699151138761246,0.665086152379649,0.0340649863815962,0.582040816326531,49,50,2,0
Regular,6,20280930,2,0.1,0.699183398713119,0.665165903337064,0.0340174953760547,0.578775510204082,49,50,2,0
Regular,6,20280930,3,0.1,0.699230065301572,0.673251722086051,0.0259783432155207,0.576326530612245,49,50,2,0
Regular,6,20280930,5,0.1,0.699356764666327,0.678757663188002,0.0205991014783246,0.575918367346939,49,50,2,0
Regular,6,20280930,10,0.1,0.699854679223407,0.675457356437151,0.0243973227862558,0.581632653061224,49,50,2,0
Regular,6,20280930,20,0.1,0.715096406291735,0.668291465541659,0.0468049407500759,0.603265306122449,49,50,2,0
Regular,6,20280930,1.1,0.3,0.699854381694887,0.652842560086405,0.0470118216084812,0.593877551020408,49,50,7,0
Regular,6,20280930,2,0.3,0.70046703994589,0.651632902303526,0.0488341376423636,0.599183673469388,49,50,7,0
Regular,6,20280930,3,0.3,0.701326205521347,0.64971119769628,0.0516150078250673,0.600816326530612,49,50,7,0
Regular,6,20280930,5,0.3,0.702664613289424,0.627773286917357,0.0748913263720669,0.618367346938775,49,50,7,0
Regular,6,20280930,10,0.3,0.73495213826489,0.590145028438106,0.144807109826784,0.673877551020408,49,50,7,0
Regular,6,20280930,20,0.3,0.822773467321561,0.58798706871215,0.234786398609411,0.759183673469388,49,50,7,0
Regular,6,20280930,1.1,0.5,0.701259400188502,0.628160113676498,0.0730992865120037,0.621632653061225,49,50,11,0
Regular,6,20280930,2,0.5,0.703251678001993,0.597148771371462,0.10610290663053,0.646938775510204,49,50,11,0
Regular,6,20280930,3,0.5,0.706206289396236,0.563672617698396,0.14253367169784,0.675510204081633,49,50,11,0
Regular,6,20280930,5,0.5,0.75315413499111,0.53129965161361,0.2218544833775,0.748163265306122,49,50,11,0
Regular,6,20280930,10,0.5,0.836283885230277,0.502826287484732,0.333457597745545,0.844897959183673,49,50,11,0
Regular,6,20280930,20,0.5,0.913979832128701,0.504514623183355,0.409465208945346,0.911428571428571,49,50,11,0
Regular,6,20280930,1.1,0.7,0.70291196662676,0.605443006187848,0.097468960438912,0.639591836734694,49,50,13,0
Regular,6,20280930,2,0.7,0.707155844141078,0.556557669768639,0.150598174372439,0.676734693877551,49,50,13,0
Regular,6,20280930,3,0.7,0.739418819227886,0.526178551076517,0.213240268151369,0.728979591836735,49,50,13,0
Regular,6,20280930,5,0.7,0.818906616923186,0.506519393000053,0.312387223923133,0.828571428571429,49,50,13,0
Regular,6,20280930,10,0.7,0.904315930112653,0.494235977939439,0.410079952173214,0.918367346938776,49,50,13,0
Regular,6,20280930,20,0.7,0.95066200824372,0.490550310844048,0.460111697399672,0.948163265306122,49,50,13,0
Regular,7,20280931,1.1,0.1,0.643491277291529,0.695072458301028,-0.0515811810094983,0.5112,50,50,2,0
Regular,7,20280931,2,0.1,0.643821869495567,0.691117460686077,-0.0472955911905105,0.5104,50,50,2,0
Regular,7,20280931,3,0.1,0.644262903219626,0.692682966600339,-0.0484200633807135,0.5124,50,50,2,0
Regular,7,20280931,5,0.1,0.64539982545659,0.688800124123795,-0.0434002986672052,0.5132,50,50,2,0
Regular,7,20280931,10,0.1,0.654162274629814,0.67118842674445,-0.017026152114636,0.5396,50,50,2,0
Regular,7,20280931,20,0.1,0.700489756406198,0.652609034320508,0.0478807220856896,0.6004,50,50,2,0
Regular,7,20280931,1.1,0.3,0.643958663018899,0.686941765380834,-0.0429831023619348,0.5128,50,50,5,0
Regular,7,20280931,2,0.3,0.644695991871656,0.676744234784283,-0.0320482429126271,0.5208,50,50,5,0
Regular,7,20280931,3,0.3,0.645728368869232,0.66762188861203,-0.0218935197427977,0.5288,50,50,5,0
Regular,7,20280931,5,0.3,0.650805389843621,0.641475574833175,0.00932981501044605,0.556,50,50,5,0
Regular,7,20280931,10,0.3,0.686393763869933,0.591433524406671,0.0949602394632614,0.6416,50,50,5,0
Regular,7,20280931,20,0.3,0.776837473215401,0.555501311447848,0.221336161767553,0.764,50,50,5,0
Regular,7,20280931,1.1,0.5,0.646281645223337,0.649697971497894,-0.00341632627455735,0.5368,50,50,11,0
Regular,7,20280931,2,0.5,0.652564604929408,0.60413881135602,0.0484257935733878,0.5824,50,50,11,0
Regular,7,20280931,3,0.5,0.665402827208326,0.563932073642085,0.101470753566242,0.6312,50,50,11,0
Regular,7,20280931,5,0.5,0.716754103156157,0.528858401189004,0.187895701967152,0.7148,50,50,11,0
Regular,7,20280931,10,0.5,0.84430714220563,0.509998210341112,0.334308931864518,0.8684,50,50,11,0
Regular,7,20280931,20,0.5,0.91252860928328,0.504872602898946,0.407656006384333,0.946,50,50,11,0
Regular,7,20280931,1.1,0.7,0.671252537683444,0.538471898691636,0.132780638991808,0.6584,50,50,16,0
Regular,7,20280931,2,0.7,0.765452735963672,0.485000925476865,0.280451810486807,0.8044,50,50,16,0
Regular,7,20280931,3,0.7,0.849667306280577,0.481436624886609,0.368230681393968,0.8996,50,50,16,0
Regular,7,20280931,5,0.7,0.920240934628592,0.466913127486193,0.453327807142399,0.9632,50,50,16,0
Regular,7,20280931,10,0.7,0.960018653308139,0.459934070720564,0.500084582587575,0.9896,50,50,16,0
Regular,7,20280931,20,0.7,0.980037819500634,0.457639176851321,0.522398642649313,0.9964,50,50,16,0
Regular,8,20280932,1.1,0.1,0.700401325435977,0.659895449967101,0.0405058754688763,0.5684,50,50,3,6
Regular,8,20280932,2,0.1,0.70062453567528,0.64888257919344,0.0517419564818402,0.5816,50,50,3,6
Regular,8,20280932,3,0.1,0.700946072100871,0.641177738836195,0.0597683332646753,0.5924,50,50,3,6
Regular,8,20280932,5,0.1,0.701710537204175,0.620295673382331,0.081414863821844,0.6156,50,50,3,6
Regular,8,20280932,10,0.1,0.717369022147931,0.579553138315714,0.137815883832217,0.6688,50,50,3,6
Regular,8,20280932,20,0.1,0.776424923710261,0.563898078930025,0.212526844780235,0.7468,50,50,3,6
Regular,8,20280932,1.1,0.3,0.701498094451997,0.624854442492277,0.07664365195972,0.6124,50,50,9,6
Regular,8,20280932,2,0.3,0.702927691471806,0.584804962558184,0.118122728913622,0.6548,50,50,9,6
Regular,8,20280932,3,0.3,0.704968932522472,0.533722683468462,0.17124624905401,0.698,50,50,9,6
Regular,8,20280932,5,0.3,0.73000265747042,0.471476213030479,0.258526444439942,0.7732,50,50,9,6
Regular,8,20280932,10,0.3,0.837072672870194,0.456587526484392,0.380485146385802,0.896,50,50,9,6
Regular,8,20280932,20,0.3,0.911214558912605,0.456146831169698,0.455067727742907,0.9484,50,50,9,6
Regular,8,20280932,1.1,0.5,0.703022767179868,0.584200635133146,0.118822132046722,0.65,50,50,12,6
Regular,8,20280932,2,0.5,0.707400541558501,0.506966371687187,0.200434169871313,0.7216,50,50,12,6
Regular,8,20280932,3,0.5,0.734682698084385,0.461853917607086,0.272828780477299,0.7848,50,50,12,6
Regular,8,20280932,5,0.5,0.813993355580629,0.448429664427661,0.365563691152967,0.8868,50,50,12,6
Regular,8,20280932,10,0.5,0.899823408671741,0.437636744330103,0.462186664341639,0.9472,50,50,12,6
Regular,8,20280932,20,0.5,0.944618102333069,0.427776039477402,0.516842062855667,0.9764,50,50,12,6
Regular,8,20280932,1.1,0.7,0.705298029233382,0.532263921702296,0.173034107531087,0.6956,50,50,14,6
Regular,8,20280932,2,0.7,0.72896476402648,0.452690728269228,0.276274035757251,0.79,50,50,14,6
Regular,8,20280932,3,0.7,0.791140395213937,0.448963505705322,0.342176889508616,0.8656,50,50,14,6
Regular,8,20280932,5,0.7,0.864983983625355,0.444051762332932,0.420932221292423,0.9244,50,50,14,6
Regular,8,20280932,10,0.7,0.927593590703643,0.439783538411822,0.487810052291821,0.9668,50,50,14,6
Regular,8,20280932,20,0.7,0.959170395565659,0.435328202883142,0.523842192682517,0.984,50,50,14,6
Regular,9,20280933,1.1,0.1,0.681155258209994,0.69460879364412,-0.0134535354341264,0.536595744680851,50,47,2,26
Regular,9,20280933,2,0.1,0.681327230368338,0.701271806868938,-0.0199445765005998,0.525957446808511,50,47,2,26
Regular,9,20280933,3,0.1,0.681431494321655,0.70098795459001,-0.0195564602683551,0.526382978723404,50,47,2,26
Regular,9,20280933,5,0.1,0.681710204488111,0.693425019668845,-0.0117148151807338,0.539148936170213,50,47,2,26
Regular,9,20280933,10,0.1,0.682760095793387,0.664502557198445,0.0182575385949413,0.582127659574468,50,47,2,26
Regular,9,20280933,20,0.1,0.704523531606407,0.628967776902048,0.075555754704359,0.618297872340426,50,47,2,26
Regular,9,20280933,1.1,0.3,0.682187219937284,0.670475250581629,0.0117119693556551,0.559574468085106,50,47,8,26
Regular,9,20280933,2,0.3,0.683436939296996,0.639052519620954,0.0443844196760415,0.606382978723404,50,47,8,26
Regular,9,20280933,3,0.3,0.685257514884754,0.602949091143832,0.0823084237409224,0.631063829787234,50,47,8,26
Regular,9,20280933,5,0.3,0.695295469419439,0.536549949662816,0.158745519756623,0.680851063829787,50,47,8,26
Regular,9,20280933,10,0.3,0.777381124207559,0.495779257379972,0.281601866827586,0.78936170212766,50,47,8,26
Regular,9,20280933,20,0.3,0.865977073840871,0.478188090507798,0.387788983333074,0.892340425531915,50,47,8,26
Regular,9,20280933,1.1,0.5,0.685359060023037,0.615805743581904,0.0695533164411329,0.63063829787234,50,47,13,26
Regular,9,20280933,2,0.5,0.694419484142822,0.521953887029935,0.172465597112887,0.708085106382979,50,47,13,26
Regular,9,20280933,3,0.5,0.745591941346934,0.487133141360645,0.258458799986289,0.779574468085106,50,47,13,26
Regular,9,20280933,5,0.5,0.81590715134358,0.455802083630919,0.360105067712661,0.87531914893617,50,47,13,26
Regular,9,20280933,10,0.5,0.889622817924921,0.422671652685224,0.466951165239697,0.952340425531915,50,47,13,26
Regular,9,20280933,20,0.5,0.924296277217345,0.414657984711381,0.509638292505964,0.970212765957447,50,47,13,26
Regular,9,20280933,1.1,0.7,0.837956287453953,0.455090610075132,0.382865677378821,0.903829787234043,50,47,18,26
Regular,9,20280933,2,0.7,0.897725039779309,0.42579357906088,0.47193146071843,0.959574468085106,50,47,18,26
Regular,9,20280933,3,0.7,0.916595114608904,0.410630131209767,0.505964983399137,0.976170212765958,50,47,18,26
Regular,9,20280933,5,0.7,0.933704162911661,0.40002269105383,0.533681471857831,0.981702127659574,50,47,18,26
Regular,9,20280933,10,0.7,0.946815621733315,0.393065373506099,0.553750248227216,0.986382978723404,50,47,18,26
Regular,9,20280933,20,0.7,0.95343930062026,0.389867008477619,0.563572292142642,0.988936170212766,50,47,18,26
Regular,10,20280934,1.1,0.1,0.732624035780803,0.665161436332373,0.0674625994484302,0.597959183673469,50,49,0,8
Regular,10,20280934,2,0.1,0.732624035780803,0.665161436332373,0.0674625994484302,0.597959183673469,50,49,0,8
Regular,10,20280934,3,0.1,0.732624035780803,0.665161436332373,0.0674625994484302,0.597959183673469,50,49,0,8
Regular,10,20280934,5,0.1,0.732624035780803,0.665161436332373,0.0674625994484302,0.597959183673469,50,49,0,8
Regular,10,20280934,10,0.1,0.732624035780803,0.665161436332373,0.0674625994484302,0.597959183673469,50,49,0,8
Regular,10,20280934,20,0.1,0.732624035780803,0.665161436332373,0.0674625994484302,0.597959183673469,50,49,0,8
Regular,10,20280934,1.1,0.3,0.733087349589668,0.651216795636134,0.0818705539535345,0.614285714285714,50,49,5,8
Regular,10,20280934,2,0.3,0.733354790103733,0.646721466773382,0.0866333233303508,0.625714285714286,50,49,5,8
Regular,10,20280934,3,0.3,0.733748506100394,0.640652405590675,0.0930961005097195,0.633469387755102,50,49,5,8
Regular,10,20280934,5,0.3,0.734802512231966,0.632817515038931,0.101984997193035,0.638367346938776,50,49,5,8
Regular,10,20280934,10,0.3,0.757147495277855,0.595013754812594,0.162133740465261,0.702448979591837,50,49,5,8
Regular,10,20280934,20,0.3,0.827484120261542,0.586937552916594,0.240546567344948,0.782857142857143,50,49,5,8
Regular,10,20280934,1.1,0.5,0.733417046478621,0.64176019940704,0.0916568470715813,0.633877551020408,50,49,7,8
Regular,10,20280934,2,0.5,0.733888613374514,0.631808146680656,0.102080466693858,0.640408163265306,50,49,7,8
Regular,10,20280934,3,0.5,0.734576606852532,0.615003381278461,0.119573225574071,0.656326530612245,50,49,7,8
Regular,10,20280934,5,0.5,0.74039983478504,0.591752859398824,0.148646975386216,0.690204081632653,50,49,7,8
Regular,10,20280934,10,0.5,0.776960007419339,0.538720430883815,0.238239576535524,0.768571428571429,50,49,7,8
Regular,10,20280934,20,0.5,0.861438470715799,0.541369121194176,0.320069349521624,0.835510204081633,50,49,7,8
Regular,10,20280934,1.1,0.7,0.736540549877869,0.571907952622108,0.164632597255761,0.697142857142857,50,49,13,8
Regular,10,20280934,2,0.7,0.748567540183098,0.506444632563166,0.242122907619932,0.766530612244898,50,49,13,8
Regular,10,20280934,3,0.7,0.787473874589641,0.487916959111182,0.299556915478459,0.821224489795918,50,49,13,8
Regular,10,20280934,5,0.7,0.861578906425026,0.491605061296978,0.369973845128048,0.879591836734694,50,49,13,8
Regular,10,20280934,10,0.7,0.923122356548618,0.488038492484363,0.435083864064255,0.926938775510204,50,49,13,8
Regular,10,20280934,20,0.7,0.955814496113967,0.486174268532301,0.469640227581666,0.953877551020408,50,49,13,8
Regular,11,20280935,1.1,0.1,0.691471857254681,0.664200125428171,0.0272717318265105,0.560816326530612,50,49,0,5
Regular,11,20280935,2,0.1,0.691471857254681,0.664200125428171,0.0272717318265105,0.560816326530612,50,49,0,5
Regular,11,20280935,3,0.1,0.691471857254681,0.664200125428171,0.0272717318265105,0.560816326530612,50,49,0,5
Regular,11,20280935,5,0.1,0.691471857254681,0.664200125428171,0.0272717318265105,0.560816326530612,50,49,0,5
Regular,11,20280935,10,0.1,0.691471857254681,0.664200125428171,0.0272717318265105,0.560816326530612,50,49,0,5
Regular,11,20280935,20,0.1,0.691471857254681,0.664200125428171,0.0272717318265105,0.560816326530612,50,49,0,5
Regular,11,20280935,1.1,0.3,0.691747270082262,0.654385859629377,0.0373614104528849,0.579183673469388,50,49,4,5
Regular,11,20280935,2,0.3,0.691954063388376,0.645680065218581,0.0462739981697947,0.592244897959184,50,49,4,5
Regular,11,20280935,3,0.3,0.692252418887661,0.64044864605496,0.0518037728327013,0.594285714285714,50,49,4,5
Regular,11,20280935,5,0.3,0.692894820616699,0.629141063048204,0.0637537575684944,0.61265306122449,50,49,4,5
Regular,11,20280935,10,0.3,0.700612035356987,0.587632905201607,0.11297913015538,0.657959183673469,50,49,4,5
Regular,11,20280935,20,0.3,0.754171273274678,0.563614631413913,0.190556641860765,0.730204081632653,50,49,4,5
Regular,11,20280935,1.1,0.5,0.691848114207512,0.650708683662737,0.0411394305447748,0.585714285714286,50,49,5,5
Regular,11,20280935,2,0.5,0.692143785297776,0.639096942273075,0.0530468430247011,0.586938775510204,50,49,5,5
Regular,11,20280935,3,0.5,0.692574776929402,0.636921298272374,0.0556534786570284,0.58734693877551,50,49,5,5
Regular,11,20280935,5,0.5,0.693545021391506,0.623683976665325,0.0698610447261809,0.602857142857143,50,49,5,5
Regular,11,20280935,10,0.5,0.712153688823005,0.583392235896005,0.128761452927,0.671020408163265,50,49,5,5
Regular,11,20280935,20,0.5,0.779323698370625,0.569014438967154,0.21030925940347,0.753877551020408,50,49,5,5
Regular,11,20280935,1.1,0.7,0.692536221010714,0.629365734345847,0.0631704866648662,0.606122448979592,50,49,9,5
Regular,11,20280935,2,0.7,0.693660313897749,0.593880527019469,0.0997797868782799,0.640408163265306,50,49,9,5
Regular,11,20280935,3,0.7,0.69533420708151,0.561331815952734,0.134002391128777,0.676734693877551,50,49,9,5
Regular,11,20280935,5,0.7,0.709764943842254,0.503702221902962,0.206062721939292,0.749387755102041,50,49,9,5
Regular,11,20280935,10,0.7,0.807850606645387,0.477821125530847,0.330029481114539,0.867755102040816,50,49,9,5
Regular,11,20280935,20,0.7,0.892809210867401,0.480536046781196,0.412273164086204,0.944081632653061,50,49,9,5
Regular,12,20280936,1.1,0.1,0.654584768539775,0.726694269368335,-0.0721095008285599,0.466938775510204,49,50,3,18
Regular,12,20280936,2,0.1,0.654785766578506,0.724569367905672,-0.0697836013271655,0.453877551020408,49,50,3,18
Regular,12,20280936,3,0.1,0.655067924511608,0.720295302698462,-0.065227378186854,0.457959183673469,49,50,3,18
Regular,12,20280936,5,0.1,0.655816987418603,0.703822844214996,-0.0480058567963931,0.487755102040816,49,50,3,18
Regular,12,20280936,10,0.1,0.660486345977292,0.65208909506232,0.00839725091497268,0.576734693877551,49,50,3,18
Regular,12,20280936,20,0.1,0.71466904736723,0.591865733834475,0.122803313532755,0.670612244897959,49,50,3,18
Regular,12,20280936,1.1,0.3,0.655288687889133,0.70885834498566,-0.0535696570965276,0.483673469387755,49,50,7,18
Regular,12,20280936,2,0.3,0.656490633515112,0.690405683243513,-0.0339150497284004,0.497142857142857,49,50,7,18
Regular,12,20280936,3,0.3,0.65785363017359,0.65937375223146,-0.00152012205787,0.544897959183673,49,50,7,18
Regular,12,20280936,5,0.3,0.661516388707209,0.587982857917537,0.0735335307896722,0.635102040816326,49,50,7,18
Regular,12,20280936,10,0.3,0.744026391845018,0.528450979362822,0.215575412482196,0.769795918367347,49,50,7,18
Regular,12,20280936,20,0.3,0.83946284305333,0.513718810307319,0.325744032746011,0.883673469387755,49,50,7,18
Regular,12,20280936,1.1,0.5,0.656335475042886,0.682820438629436,-0.0264849635865502,0.519183673469388,49,50,10,18
Regular,12,20280936,2,0.5,0.658923969798089,0.632275175421664,0.026648794376425,0.58530612244898,49,50,10,18
Regular,12,20280936,3,0.5,0.665566788904682,0.569979279075091,0.0955875098295915,0.658775510204082,49,50,10,18
Regular,12,20280936,5,0.5,0.703905302151258,0.502651297130957,0.201254005020301,0.75265306122449,49,50,10,18
Regular,12,20280936,10,0.5,0.829202876882386,0.488804375277036,0.34039850160535,0.893877551020408,49,50,10,18
Regular,12,20280936,20,0.5,0.893084324782965,0.478213833012543,0.414870491770421,0.950204081632653,49,50,10,18
Regular,12,20280936,1.1,0.7,0.667354473683183,0.575975801730758,0.0913786719524248,0.673877551020408,49,50,15,18
Regular,12,20280936,2,0.7,0.716965141911188,0.496629104328084,0.220336037583104,0.781632653061225,49,50,15,18
Regular,12,20280936,3,0.7,0.79051632787953,0.486298897100322,0.304217430779208,0.866938775510204,49,50,15,18
Regular,12,20280936,5,0.7,0.882697309856742,0.45462814032487,0.428069169531872,0.961224489795918,49,50,15,18
Regular,12,20280936,10,0.7,0.919952848048004,0.429040473958635,0.49091237408937,0.979183673469388,49,50,15,18
Regular,12,20280936,20,0.7,0.939380060380849,0.420256116631194,0.519123943749655,0.984897959183674,49,50,15,18
Regular,13,20280937,1.1,0.1,0.748469163446702,0.644830223487717,0.103638939958985,0.6772,50,50,2,0
Regular,13,20280937,2,0.1,0.748555428553446,0.639243919814076,0.10931150873937,0.6804,50,50,2,0
Regular,13,20280937,3,0.1,0.748673338657604,0.636413356274579,0.112259982383025,0.6784,50,50,2,0
Regular,13,20280937,5,0.1,0.748982429911051,0.655759943580839,0.0932224863302126,0.6676,50,50,2,0
Regular,13,20280937,10,0.1,0.750274262244265,0.662764082479741,0.0875101797645234,0.6612,50,50,2,0
Regular,13,20280937,20,0.1,0.77222977847627,0.655384456678218,0.116845321798051,0.6896,50,50,2,0
Regular,13,20280937,1.1,0.3,0.749400438372108,0.623925285433101,0.125475152939008,0.6856,50,50,8,0
Regular,13,20280937,2,0.3,0.750370709924925,0.60038888237918,0.149981827545745,0.7076,50,50,8,0
Regular,13,20280937,3,0.3,0.751812639517348,0.572301584085759,0.179511055431589,0.7268,50,50,8,0
Regular,13,20280937,5,0.3,0.757220534175341,0.525205040709238,0.232015493466104,0.7576,50,50,8,0
Regular,13,20280937,10,0.3,0.832555959619294,0.509746541990032,0.322809417629262,0.8444,50,50,8,0
Regular,13,20280937,20,0.3,0.90967084347455,0.513553114770435,0.396117728704115,0.9204,50,50,8,0
Regular,13,20280937,1.1,0.5,0.753536946676419,0.551684845761128,0.20185210091529,0.752,50,50,14,0
Regular,13,20280937,2,0.5,0.766818240435649,0.469749539014044,0.297068701421605,0.8076,50,50,14,0
Regular,13,20280937,3,0.5,0.81357919009088,0.451037451793599,0.362541738297281,0.8704,50,50,14,0
Regular,13,20280937,5,0.5,0.881343156058037,0.438405135496139,0.442938020561898,0.9368,50,50,14,0
Regular,13,20280937,10,0.5,0.939738850482016,0.436960834685534,0.502778015796481,0.9732,50,50,14,0
Regular,13,20280937,20,0.5,0.9695402524538,0.435129142706353,0.534411109747447,0.9844,50,50,14,0
Regular,13,20280937,1.1,0.7,0.756009145763648,0.523909683095211,0.232099462668437,0.7744,50,50,15,0
Regular,13,20280937,2,0.7,0.789508219869967,0.459631666668401,0.329876553201566,0.8376,50,50,15,0
Regular,13,20280937,3,0.7,0.845262949404975,0.451034601955838,0.394228347449137,0.904,50,50,15,0
Regular,13,20280937,5,0.7,0.907261282897027,0.450251612795152,0.457009670101875,0.9536,50,50,15,0
Regular,13,20280937,10,0.7,0.952816078701551,0.447039374502632,0.505776704198919,0.9776,50,50,15,0
Regular,13,20280937,20,0.7,0.976212432655452,0.445555063831976,0.530657368823476,0.9852,50,50,15,0
Regular,14,20280938,1.1,0.1,0.623181869589071,0.713055933995816,-0.0898740644067451,0.47875,48,50,0,8
Regular,14,20280938,2,0.1,0.623181869589071,0.713055933995816,-0.0898740644067451,0.47875,48,50,0,8
Regular,14,20280938,3,0.1,0.623181869589071,0.713055933995816,-0.0898740644067451,0.47875,48,50,0,8
Regular,14,20280938,5,0.1,0.623181869589071,0.713055933995816,-0.0898740644067451,0.47875,48,50,0,8
Regular,14,20280938,10,0.1,0.623181869589071,0.713055933995816,-0.0898740644067451,0.47875,48,50,0,8
Regular,14,20280938,20,0.1,0.623181869589071,0.713055933995816,-0.0898740644067451,0.47875,48,50,0,8
Regular,14,20280938,1.1,0.3,0.624112605729937,0.697913319429585,-0.0738007136996481,0.492916666666667,48,50,5,8
Regular,14,20280938,2,0.3,0.624622314078291,0.685357079926364,-0.0607347658480732,0.503333333333333,48,50,5,8
Regular,14,20280938,3,0.3,0.6251477691135,0.668585953779893,-0.0434381846663925,0.517916666666667,48,50,5,8
Regular,14,20280938,5,0.3,0.626537433461455,0.632179411624826,-0.0056419781633712,0.556666666666667,48,50,5,8
Regular,14,20280938,10,0.3,0.651583482345912,0.570975514683784,0.0806079676621279,0.614583333333333,48,50,5,8
Regular,14,20280938,20,0.3,0.754433553448358,0.553484187619682,0.200949365828676,0.725833333333333,48,50,5,8
Regular,14,20280938,1.1,0.5,0.624406858574857,0.693136092785749,-0.0687292342108914,0.500416666666667,48,50,6,8
Regular,14,20280938,2,0.5,0.625081545030141,0.675032808964354,-0.0499512639342136,0.510416666666667,48,50,6,8
Regular,14,20280938,3,0.5,0.625826564559631,0.653104177958891,-0.0272776133992598,0.532083333333333,48,50,6,8
Regular,14,20280938,5,0.5,0.62778152019437,0.604497620376337,0.0232838998180325,0.576666666666667,48,50,6,8
Regular,14,20280938,10,0.5,0.673249112315326,0.542723125168895,0.130525987146431,0.650416666666667,48,50,6,8
Regular,14,20280938,20,0.5,0.792687514282001,0.533191541440772,0.259495972841229,0.791666666666667,48,50,6,8
Regular,14,20280938,1.1,0.7,0.628907487404424,0.638425372350214,-0.00951788494578965,0.549583333333333,48,50,12,8
Regular,14,20280938,2,0.7,0.636283837869023,0.575069493542353,0.0612143443266696,0.592916666666667,48,50,12,8
Regular,14,20280938,3,0.7,0.665932293366043,0.532656536940382,0.133275756425661,0.65875,48,50,12,8
Regular,14,20280938,5,0.7,0.770979570047306,0.499034802173101,0.271944767874205,0.79875,48,50,12,8
Regular,14,20280938,10,0.7,0.90845057526096,0.467766078146439,0.440684497114521,0.92125,48,50,12,8
Regular,14,20280938,20,0.7,0.94667149878667,0.451696758060105,0.494974740726564,0.945416666666667,48,50,12,8
Regular,15,20280939,1.1,0.1,0.662753193383001,0.67958177791964,-0.0168285845366386,0.504166666666667,48,50,1,3
Regular,15,20280939,2,0.1,0.662803144673407,0.678727972300086,-0.0159248276266792,0.502083333333333,48,50,1,3
Regular,15,20280939,3,0.1,0.662873320358567,0.676342007080122,-0.0134686867215543,0.5,48,50,1,3
Regular,15,20280939,5,0.1,0.663058393064744,0.674784315964284,-0.0117259228995402,0.503333333333333,48,50,1,3
Regular,15,20280939,10,0.1,0.663756571093385,0.659011763147982,0.00474480794540355,0.522916666666667,48,50,1,3
Regular,15,20280939,20,0.1,0.679369093045311,0.638235497864959,0.0411335951803521,0.54875,48,50,1,3
Regular,15,20280939,1.1,0.3,0.663071655802512,0.671192520538756,-0.00812086473624374,0.50875,48,50,4,3
Regular,15,20280939,2,0.3,0.66338727149673,0.668081434763847,-0.00469416326711669,0.509583333333333,48,50,4,3
Regular,15,20280939,3,0.3,0.6637008205917,0.66158912711588,0.00211169347582019,0.525,48,50,4,3
Regular,15,20280939,5,0.3,0.664533485055033,0.643336417169521,0.021197067885512,0.554583333333333,48,50,4,3
Regular,15,20280939,10,0.3,0.678479693127766,0.597197979780971,0.0812817133467948,0.61,48,50,4,3
Regular,15,20280939,20,0.3,0.744107434553657,0.571055911311415,0.173051523242242,0.715416666666667,48,50,4,3
Regular,15,20280939,1.1,0.5,0.664608825781663,0.632190069924672,0.0324187558569915,0.55,48,50,10,3
Regular,15,20280939,2,0.5,0.66668616700138,0.582456090762427,0.0842300762389532,0.620416666666667,48,50,10,3
Regular,15,20280939,3,0.5,0.671459154227866,0.533078985861367,0.138380168366499,0.682083333333333,48,50,10,3
Regular,15,20280939,5,0.5,0.712163420523021,0.476470866141535,0.235692554381486,0.77875,48,50,10,3
Regular,15,20280939,10,0.5,0.816236899725479,0.447138850050069,0.36909804967541,0.90375,48,50,10,3
Regular,15,20280939,20,0.5,0.890749091080339,0.436280077341522,0.454469013738817,0.95875,48,50,10,3
Regular,15,20280939,1.1,0.7,0.667046327479014,0.585678148777258,0.0813681787017559,0.624166666666667,48,50,13,3
Regular,15,20280939,2,0.7,0.685281327001146,0.503184846769844,0.182096480231302,0.7375,48,50,13,3
Regular,15,20280939,3,0.7,0.734853243691439,0.461351111313592,0.273502132377847,0.824583333333333,48,50,13,3
Regular,15,20280939,5,0.7,0.839883280884612,0.458130400557801,0.381752880326811,0.917916666666667,48,50,13,3
Regular,15,20280939,10,0.7,0.924356943475145,0.440455545863497,0.483901397611647,0.97,48,50,13,3
Regular,15,20280939,20,0.7,0.961188126824513,0.422344891926845,0.538843234897667,0.997083333333333,48,50,13,3
Regular,16,20280940,1.1,0.1,0.768375815007303,0.684586162719382,0.0837896522879208,0.640408163265306,49,50,1,0
Regular,16,20280940,2,0.1,0.768405945012944,0.68074447705772,0.0876614679552244,0.644081632653061,49,50,1,0
Regular,16,20280940,3,0.1,0.768449461803335,0.675416493530815,0.0930329682725192,0.650204081632653,49,50,1,0
Regular,16,20280940,5,0.1,0.768567224543005,0.670605445069616,0.0979617794733886,0.650612244897959,49,50,1,0
Regular,16,20280940,10,0.1,0.769025471718138,0.651448750960472,0.117576720757666,0.672244897959184,49,50,1,0
Regular,16,20280940,20,0.1,0.776368547433008,0.622939879174126,0.153428668258882,0.69469387755102,49,50,1,0
Regular,16,20280940,1.1,0.3,0.768502621448324,0.680943806969251,0.0875588144790735,0.641632653061225,49,50,3,0
Regular,16,20280940,2,0.3,0.768575634887976,0.671445224622441,0.0971304102655353,0.653469387755102,49,50,3,0
Regular,16,20280940,3,0.3,0.768683128578757,0.660530715136586,0.10815241344217,0.660816326530612,49,50,3,0
Regular,16,20280940,5,0.3,0.768974572784546,0.65132271375605,0.117651859028496,0.664897959183673,49,50,3,0
Regular,16,20280940,10,0.3,0.772090399424184,0.629509375050094,0.14258102437409,0.688979591836735,49,50,3,0
Regular,16,20280940,20,0.3,0.800156969057708,0.604140105933922,0.196016863123786,0.751428571428571,49,50,3,0
Regular,16,20280940,1.1,0.5,0.769077858715072,0.666069039275059,0.103008819440012,0.656326530612245,49,50,8,0
Regular,16,20280940,2,0.5,0.769465930803799,0.64329832550348,0.126167605300319,0.673469387755102,49,50,8,0
Regular,16,20280940,3,0.5,0.770049119171767,0.619711488961407,0.15033763021036,0.69265306122449,49,50,8,0
Regular,16,20280940,5,0.5,0.775205692449098,0.581124710100491,0.194080982348607,0.73265306122449,49,50,8,0
Regular,16,20280940,10,0.5,0.807765367548984,0.530323670026018,0.277441697522966,0.808163265306122,49,50,8,0
Regular,16,20280940,20,0.5,0.887663434742234,0.527363542680674,0.36029989206156,0.895918367346939,49,50,8,0
Regular,16,20280940,1.1,0.7,0.772174043633799,0.60819598574821,0.163978057885589,0.700816326530612,49,50,14,0
Regular,16,20280940,2,0.7,0.784532103343645,0.537794270131254,0.246737833212392,0.776734693877551,49,50,14,0
Regular,16,20280940,3,0.7,0.814562593383716,0.494296380426882,0.320266212956834,0.856326530612245,49,50,14,0
Regular,16,20280940,5,0.7,0.889797679224966,0.480423928262134,0.409373750962832,0.943265306122449,49,50,14,0
Regular,16,20280940,10,0.7,0.945795498120493,0.461087601019322,0.48470789710117,0.984489795918367,49,50,14,0
Regular,16,20280940,20,0.7,0.972801790933868,0.450675538167902,0.522126252765966,0.992244897959184,49,50,14,0
Regular,17,20280941,1.1,0.1,0.858470441120834,0.615814171120487,0.242656270000347,0.817176870748299,48,49,1,10
Regular,17,20280941,2,0.1,0.858483132160222,0.619267776663896,0.239215355496326,0.818452380952381,48,49,1,10
Regular,17,20280941,3,0.1,0.858501460676807,0.620401265296597,0.23810019538021,0.818452380952381,48,49,1,10
Regular,17,20280941,5,0.1,0.858551158057998,0.619087914823739,0.239463243234259,0.822278911564626,48,49,1,10
Regular,17,20280941,10,0.1,0.858746287234108,0.609084078770772,0.249662208463337,0.829506802721088,48,49,1,10
Regular,17,20280941,20,0.1,0.862369559374824,0.592734914751044,0.26963464462378,0.835459183673469,48,49,1,10
Regular,17,20280941,1.1,0.3,0.858630476608311,0.607813362962667,0.250817113645644,0.821428571428571,48,49,5,10
Regular,17,20280941,2,0.3,0.858725286992733,0.605993957942015,0.252731329050718,0.82015306122449,48,49,5,10
Regular,17,20280941,3,0.3,0.858867015468936,0.601459623380705,0.257407392088231,0.818877551020408,48,49,5,10
Regular,17,20280941,5,0.3,0.859249268939871,0.583834101266815,0.275415167673056,0.82780612244898,48,49,5,10
Regular,17,20280941,10,0.3,0.866522229950683,0.558238187345622,0.308284042605061,0.841836734693878,48,49,5,10
Regular,17,20280941,20,0.3,0.88893615246684,0.552479508135727,0.336456644331113,0.857993197278912,48,49,5,10
Regular,17,20280941,1.1,0.5,0.859114809196916,0.585363106106856,0.27375170309006,0.834183673469388,48,49,10,10
Regular,17,20280941,2,0.5,0.859719699289009,0.552119459975536,0.307600239313473,0.843112244897959,48,49,10,10
Regular,17,20280941,3,0.5,0.863887480523157,0.528302476811998,0.335585003711159,0.852891156462585,48,49,10,10
Regular,17,20280941,5,0.5,0.876998938419341,0.507076191147747,0.369922747271593,0.871598639455782,48,49,10,10
Regular,17,20280941,10,0.5,0.913787443780436,0.510930437391701,0.402857006388735,0.904761904761905,48,49,10,10
Regular,17,20280941,20,0.5,0.954656336851545,0.520619718904597,0.434036617946948,0.940051020408163,48,49,10,10
Regular,17,20280941,1.1,0.7,0.859572213792756,0.570837805582215,0.28873440821054,0.840986394557823,48,49,12,10
Regular,17,20280941,2,0.7,0.86395735683342,0.532855906567304,0.331101450266116,0.848639455782313,48,49,12,10
Regular,17,20280941,3,0.7,0.872542781090559,0.510789948036171,0.361752833054388,0.866921768707483,48,49,12,10
Regular,17,20280941,5,0.7,0.897711416408228,0.504615057681465,0.393096358726764,0.897108843537415,48,49,12,10
Regular,17,20280941,10,0.7,0.935497316142291,0.503389163899091,0.4321081522432,0.928146258503401,48,49,12,10
Regular,17,20280941,20,0.7,0.967049471673095,0.506131988590061,0.460917483083034,0.954506802721088,48,49,12,10
Regular,18,20280942,1.1,0.1,0.563286880855384,0.74940613715931,-0.186119256303926,0.396326530612245,49,50,4,0
Regular,18,20280942,2,0.1,0.563617379513753,0.740280452140093,-0.17666307262634,0.4,49,50,4,0
Regular,18,20280942,3,0.1,0.563953628212658,0.731011134905358,-0.1670575066927,0.406938775510204,49,50,4,0
Regular,18,20280942,5,0.1,0.564846113930481,0.710366130196491,-0.145520016266009,0.420408163265306,49,50,4,0
Regular,18,20280942,10,0.1,0.580220885779368,0.659402942297282,-0.0791820565179142,0.464489795918367,49,50,4,0
Regular,18,20280942,20,0.1,0.666511015467272,0.633112854868139,0.0333981605991331,0.553061224489796,49,50,4,0
Regular,18,20280942,1.1,0.3,0.56449520294067,0.725936206606682,-0.161441003666012,0.407755102040816,49,50,8,0
Regular,18,20280942,2,0.3,0.565769563578929,0.698035101188609,-0.13226553760968,0.426938775510204,49,50,8,0
Regular,18,20280942,3,0.3,0.568640145848897,0.664240951459107,-0.0956008056102102,0.448163265306122,49,50,8,0
Regular,18,20280942,5,0.3,0.588812085287267,0.607722701351542,-0.0189106160642749,0.510612244897959,49,50,8,0
Regular,18,20280942,10,0.3,0.682641856496955,0.551286987230425,0.131354869266531,0.648571428571429,49,50,8,0
Regular,18,20280942,20,0.3,0.808728300349661,0.554272511468518,0.254455788881144,0.777551020408163,49,50,8,0
Regular,18,20280942,1.1,0.5,0.565643227648805,0.705797102597665,-0.14015387494886,0.420408163265306,49,50,10,0
Regular,18,20280942,2,0.5,0.568642769474485,0.660889743875756,-0.0922469744012707,0.453061224489796,49,50,10,0
Regular,18,20280942,3,0.5,0.58330396678315,0.622162521109802,-0.0388585543266516,0.492244897959184,49,50,10,0
Regular,18,20280942,5,0.5,0.627565959424294,0.564916252411361,0.062649707012933,0.577959183673469,49,50,10,0
Regular,18,20280942,10,0.5,0.764265290132049,0.537103932115994,0.227161358016054,0.744081632653061,49,50,10,0
Regular,18,20280942,20,0.5,0.86236751513001,0.53428175957243,0.32808575555758,0.856326530612245,49,50,10,0
Regular,18,20280942,1.1,0.7,0.567717027204553,0.674900218175632,-0.107183190971079,0.442857142857143,49,50,12,0
Regular,18,20280942,2,0.7,0.580514375656789,0.614961526770239,-0.0344471511134501,0.495102040816327,49,50,12,0
Regular,18,20280942,3,0.7,0.619826067971881,0.568933189932835,0.0508928780390455,0.571836734693878,49,50,12,0
Regular,18,20280942,5,0.7,0.714174911824515,0.526162596141366,0.188012315683149,0.70734693877551,49,50,12,0
Regular,18,20280942,10,0.7,0.844394113967002,0.503161106857583,0.341233007109419,0.857551020408163,49,50,12,0
Regular,18,20280942,20,0.7,0.919741648665149,0.494770333058656,0.424971315606493,0.933469387755102,49,50,12,0
Regular,19,20280943,1.1,0.1,0.644386843439518,0.658360330871412,-0.0139734874318942,0.576595744680851,47,50,3,0
Regular,19,20280943,2,0.1,0.644454785235589,0.6599723051876,-0.0155175199520118,0.585531914893617,47,50,3,0
Regular,19,20280943,3,0.1,0.644557591175947,0.666523014759421,-0.021965423583474,0.581276595744681,47,50,3,0
Regular,19,20280943,5,0.1,0.644843527512028,0.673561579409575,-0.0287180518975475,0.577021276595745,47,50,3,0
Regular,19,20280943,10,0.1,0.648265008855167,0.670874047518665,-0.0226090386634978,0.577872340425532,47,50,3,0
Regular,19,20280943,20,0.1,0.673301496053039,0.669322734391426,0.00397876166161315,0.586382978723404,47,50,3,0
Regular,19,20280943,1.1,0.3,0.644643828617174,0.650816393267321,-0.00617256465014782,0.578723404255319,47,50,5,0
Regular,19,20280943,2,0.3,0.644823749258044,0.637921266609614,0.00690248264843041,0.590212765957447,47,50,5,0
Regular,19,20280943,3,0.3,0.645097214828347,0.640306242212473,0.00479097261587402,0.588085106382979,47,50,5,0
Regular,19,20280943,5,0.3,0.645847045894665,0.636688815683611,0.00915823021105433,0.592340425531915,47,50,5,0
Regular,19,20280943,10,0.3,0.65735744423998,0.618572225764844,0.0387852184751358,0.61531914893617,47,50,5,0
Regular,19,20280943,20,0.3,0.712721887826841,0.614324582984235,0.0983973048426056,0.643829787234043,47,50,5,0
Regular,19,20280943,1.1,0.5,0.646538146593538,0.617652458427965,0.0288856881655731,0.595744680851064,47,50,11,0
Regular,19,20280943,2,0.5,0.64951318290116,0.582129721974255,0.0673834609269054,0.618297872340426,47,50,11,0
Regular,19,20280943,3,0.5,0.662385356926208,0.545345204005458,0.11704015292075,0.648510638297872,47,50,11,0
Regular,19,20280943,5,0.5,0.703126017267468,0.51157331136713,0.191552705900338,0.707659574468085,47,50,11,0
Regular,19,20280943,10,0.5,0.781715177026608,0.490952863425832,0.290762313600777,0.792340425531915,47,50,11,0
Regular,19,20280943,20,0.5,0.877305849431159,0.495223011757352,0.382082837673807,0.901276595744681,47,50,11,0
Regular,19,20280943,1.1,0.7,0.65838173044673,0.540915262351816,0.117466468094914,0.638723404255319,47,50,15,0
Regular,19,20280943,2,0.7,0.711649930175044,0.48276732905584,0.228882601119204,0.73063829787234,47,50,15,0
Regular,19,20280943,3,0.7,0.77807947523299,0.467334491843226,0.310744983389764,0.814893617021277,47,50,15,0
Regular,19,20280943,5,0.7,0.883259103425306,0.465630240487753,0.417628862937552,0.923829787234043,47,50,15,0
Regular,19,20280943,10,0.7,0.939299951935018,0.452847461284486,0.486452490650532,0.976170212765958,47,50,15,0
Regular,19,20280943,20,0.7,0.969250710734276,0.447286687945199,0.521964022789078,0.989787234042553,47,50,15,0
Regular,20,20280944,1.1,0.1,0.617865695593582,0.717718083361088,-0.0998523877675065,0.432823129251701,49,48,0,8
Regular,20,20280944,2,0.1,0.617865695593582,0.717718083361088,-0.0998523877675065,0.432823129251701,49,48,0,8
Regular,20,20280944,3,0.1,0.617865695593582,0.717718083361088,-0.0998523877675065,0.432823129251701,49,48,0,8
Regular,20,20280944,5,0.1,0.617865695593582,0.717718083361088,-0.0998523877675065,0.432823129251701,49,48,0,8
Regular,20,20280944,10,0.1,0.617865695593582,0.717718083361088,-0.0998523877675065,0.432823129251701,49,48,0,8
Regular,20,20280944,20,0.1,0.617865695593582,0.717718083361088,-0.0998523877675065,0.432823129251701,49,48,0,8
Regular,20,20280944,1.1,0.3,0.618632243257626,0.698291744897128,-0.0796595016395021,0.454506802721088,49,48,6,8
Regular,20,20280944,2,0.3,0.619247614651137,0.6871409502121,-0.067893335560963,0.464285714285714,49,48,6,8
Regular,20,20280944,3,0.3,0.620005990430929,0.669847335659091,-0.049841345228162,0.488095238095238,49,48,6,8
Regular,20,20280944,5,0.3,0.623022540842097,0.625587868829787,-0.0025653279876896,0.541241496598639,49,48,6,8
Regular,20,20280944,10,0.3,0.678330583102489,0.573865214661518,0.10446536844097,0.636479591836735,49,48,6,8
Regular,20,20280944,20,0.3,0.772892478388011,0.569060387977415,0.203832090410597,0.758078231292517,49,48,6,8
Regular,20,20280944,1.1,0.5,0.61950623729569,0.676343420665832,-0.0568371833701417,0.474914965986395,49,48,9,8
Regular,20,20280944,2,0.5,0.621084279686752,0.63268450067794,-0.0116002209911877,0.525510204081633,49,48,9,8
Regular,20,20280944,3,0.5,0.623392240504338,0.585174282263137,0.0382179582412014,0.573554421768708,49,48,9,8
Regular,20,20280944,5,0.5,0.654140534180444,0.536883375858264,0.11725715832218,0.656037414965986,49,48,9,8
Regular,20,20280944,10,0.5,0.753197688110052,0.498855830094791,0.25434185801526,0.785714285714286,49,48,9,8
Regular,20,20280944,20,0.5,0.862530893078527,0.490711059428719,0.371819833649809,0.905187074829932,49,48,9,8
Regular,20,20280944,1.1,0.7,0.629292118409614,0.550463804747684,0.0788283136619303,0.619897959183674,49,48,15,8
Regular,20,20280944,2,0.7,0.693418487797957,0.494677508911561,0.198740978886396,0.733418367346939,49,48,15,8
Regular,20,20280944,3,0.7,0.766613123345465,0.482319934211874,0.284293189133591,0.819727891156463,49,48,15,8
Regular,20,20280944,5,0.7,0.886830815471383,0.464462681460787,0.422368134010597,0.946003401360544,49,48,15,8
Regular,20,20280944,10,0.7,0.939808999296792,0.435791687036164,0.504017312260627,0.981292517006803,49,48,15,8
Regular,20,20280944,20,0.7,0.968882037678301,0.427834203361283,0.541047834317018,0.989795918367347,49,48,15,8
Clustered,1,20290925,1.1,0.1,0.573000309175612,0.71925952991607,-0.146259220740458,0.358,50,50,5,5
Clustered,1,20290925,2,0.1,0.573629823205459,0.700778088257328,-0.127148265051869,0.3636,50,50,5,5
Clustered,1,20290925,3,0.1,0.574404473264461,0.689033826485772,-0.114629353221311,0.3756,50,50,5,5
Clustered,1,20290925,5,0.1,0.580541070155783,0.655979044193563,-0.0754379740377793,0.408,50,50,5,5
Clustered,1,20290925,10,0.1,0.620352829976555,0.59401824034388,0.0263345896326751,0.5216,50,50,5,5
Clustered,1,20290925,20,0.1,0.730961425917636,0.565105419589763,0.165856006327873,0.6784,50,50,5,5
Clustered,1,20290925,1.1,0.3,0.574755673748914,0.696239309418425,-0.121483635669511,0.3688,50,50,9,5
Clustered,1,20290925,2,0.3,0.577698197819246,0.66071569163398,-0.0830174938147336,0.4084,50,50,9,5
Clustered,1,20290925,3,0.3,0.58568512799764,0.624610294869258,-0.038925166871618,0.4536,50,50,9,5
Clustered,1,20290925,5,0.3,0.62044403172516,0.569590295384599,0.0508537363405612,0.5688,50,50,9,5
Clustered,1,20290925,10,0.3,0.774144455100199,0.55038469212238,0.223759762977819,0.786,50,50,9,5
Clustered,1,20290925,20,0.3,0.87664602269294,0.537934105344558,0.338711917348382,0.8928,50,50,9,5
Clustered,1,20290925,1.1,0.5,0.57547139216483,0.687367856753195,-0.111896464588365,0.3812,50,50,10,5
Clustered,1,20290925,2,0.5,0.581551223356414,0.64770972598987,-0.0661585026334556,0.422,50,50,10,5
Clustered,1,20290925,3,0.5,0.593821792677039,0.606711645559529,-0.0128898528824897,0.482,50,50,10,5
Clustered,1,20290925,5,0.5,0.64796653149196,0.560448566415019,0.087517965076942,0.6044,50,50,10,5
Clustered,1,20290925,10,0.5,0.810808622372624,0.548434723390437,0.262373898982188,0.8256,50,50,10,5
Clustered,1,20290925,20,0.5,0.893550975063302,0.536837327975981,0.356713647087322,0.9028,50,50,10,5
Clustered,1,20290925,1.1,0.7,0.588170534766637,0.615851003647593,-0.0276804688809565,0.462,50,50,14,5
Clustered,1,20290925,2,0.7,0.627524945684003,0.530984697667913,0.09654024801609,0.6204,50,50,14,5
Clustered,1,20290925,3,0.7,0.717863800646946,0.503670561116023,0.214193239530922,0.7604,50,50,14,5
Clustered,1,20290925,5,0.7,0.84027497921179,0.49858193980352,0.341693039408269,0.9084,50,50,14,5
Clustered,1,20290925,10,0.7,0.92071578544252,0.477982241869366,0.442733543573153,0.95,50,50,14,5
Clustered,1,20290925,20,0.7,0.951486431336512,0.467493423692308,0.483993007644204,0.9736,50,50,14,5
Clustered,2,20290926,1.1,0.1,0.670639921772968,0.73434851513203,-0.0637085933590623,0.583673469387755,49,50,1,29
Clustered,2,20290926,2,0.1,0.670715494018728,0.730358110537668,-0.0596426165189395,0.586938775510204,49,50,1,29
Clustered,2,20290926,3,0.1,0.670823380231541,0.73343572045127,-0.0626123402197294,0.588571428571429,49,50,1,29
Clustered,2,20290926,5,0.1,0.67111240903779,0.734034313602722,-0.0629219045649317,0.591836734693878,49,50,1,29
Clustered,2,20290926,10,0.1,0.672226058722933,0.724279623764303,-0.0520535650413697,0.592244897959184,49,50,1,29
Clustered,2,20290926,20,0.1,0.690977598577088,0.71016851383869,-0.0191909152616015,0.59469387755102,49,50,1,29
Clustered,2,20290926,1.1,0.3,0.671018511148105,0.725109030001644,-0.0540905188535388,0.590204081632653,49,50,4,29
Clustered,2,20290926,2,0.3,0.671331538520112,0.712414642736603,-0.0410831042164902,0.598367346938775,49,50,4,29
Clustered,2,20290926,3,0.3,0.671746769922519,0.701633055356036,-0.0298862854335173,0.602857142857143,49,50,4,29
Clustered,2,20290926,5,0.3,0.672847530442871,0.67888553808502,-0.00603800764214923,0.608571428571429,49,50,4,29
Clustered,2,20290926,10,0.3,0.691219215820047,0.635974665273027,0.0552445505470208,0.624081632653061,49,50,4,29
Clustered,2,20290926,20,0.3,0.773694781529632,0.616910942752128,0.156783838777503,0.69469387755102,49,50,4,29
Clustered,2,20290926,1.1,0.5,0.671664459843775,0.710933101243353,-0.0392686413995774,0.601632653061224,49,50,7,29
Clustered,2,20290926,2,0.5,0.67257409125715,0.690929011029205,-0.0183549197720555,0.608571428571429,49,50,7,29
Clustered,2,20290926,3,0.5,0.673768555744648,0.665653049542573,0.00811550620207446,0.617142857142857,49,50,7,29
Clustered,2,20290926,5,0.5,0.68184007801403,0.62281389538024,0.0590261826337896,0.628979591836735,49,50,7,29
Clustered,2,20290926,10,0.5,0.745176445407266,0.562594268027671,0.182582177379594,0.693061224489796,49,50,7,29
Clustered,2,20290926,20,0.5,0.846930619337965,0.551742133489296,0.295188485848669,0.851020408163265,49,50,7,29
Clustered,2,20290926,1.1,0.7,0.680464676071424,0.619049215996997,0.0614154600744267,0.634285714285714,49,50,14,29
Clustered,2,20290926,2,0.7,0.714352235230394,0.543190337703038,0.171161897527356,0.682040816326531,49,50,14,29
Clustered,2,20290926,3,0.7,0.78110003411218,0.521666257105073,0.259433777007107,0.76530612244898,49,50,14,29
Clustered,2,20290926,5,0.7,0.885980657503059,0.525694813803235,0.360285843699824,0.906530612244898,49,50,14,29
Clustered,2,20290926,10,0.7,0.945298676735662,0.508107423418771,0.437191253316891,0.97265306122449,49,50,14,29
Clustered,2,20290926,20,0.7,0.969447534198743,0.497435108208773,0.472012425989969,0.981632653061224,49,50,14,29
Clustered,3,20290927,1.1,0.1,0.559763576325365,0.772081272280283,-0.212317695954918,0.34,50,50,2,7
Clustered,3,20290927,2,0.1,0.559865497908978,0.768471076894747,-0.20860557898577,0.34,50,50,2,7
Clustered,3,20290927,3,0.1,0.560009875030152,0.764060648569955,-0.204050773539802,0.3436,50,50,2,7
Clustered,3,20290927,5,0.1,0.560393272880544,0.757794339743779,-0.197401066863235,0.3544,50,50,2,7
Clustered,3,20290927,10,0.1,0.563465771998094,0.733594002433819,-0.170128230435725,0.366,50,50,2,7
Clustered,3,20290927,20,0.1,0.612264315166439,0.710749722533797,-0.0984854073673577,0.4212,50,50,2,7
Clustered,3,20290927,1.1,0.3,0.560659194851468,0.748160855777046,-0.187501660925578,0.3584,50,50,7,7
Clustered,3,20290927,2,0.3,0.561502529617236,0.722689002188759,-0.161186472571523,0.3776,50,50,7,7
Clustered,3,20290927,3,0.3,0.563067244291399,0.691558205351863,-0.128490961060464,0.4052,50,50,7,7
Clustered,3,20290927,5,0.3,0.573567648085505,0.636220633947226,-0.0626529858617206,0.4684,50,50,7,7
Clustered,3,20290927,10,0.3,0.65586037192477,0.576782210751424,0.0790781611733465,0.618,50,50,7,7
Clustered,3,20290927,20,0.3,0.788002443309037,0.568069267122855,0.219933176186182,0.7856,50,50,7,7
Clustered,3,20290927,1.1,0.5,0.560976808224641,0.740734241770663,-0.179757433546022,0.366,50,50,8,7
Clustered,3,20290927,2,0.5,0.562244136211505,0.709885208968375,-0.14764107275687,0.3904,50,50,8,7
Clustered,3,20290927,3,0.5,0.565179082288653,0.672420403950195,-0.107241321661543,0.4228,50,50,8,7
Clustered,3,20290927,5,0.5,0.58661625280609,0.616881936378779,-0.0302656835726898,0.4892,50,50,8,7
Clustered,3,20290927,10,0.5,0.678045887271778,0.556362397607433,0.121683489664345,0.672,50,50,8,7
Clustered,3,20290927,20,0.5,0.811247906658302,0.548522123395772,0.26272578326253,0.8436,50,50,8,7
Clustered,3,20290927,1.1,0.7,0.563351602556146,0.689607505641979,-0.126255903085833,0.4092,50,50,12,7
Clustered,3,20290927,2,0.7,0.571172040754358,0.611614666039363,-0.0404426252850051,0.4748,50,50,12,7
Clustered,3,20290927,3,0.7,0.608898306284057,0.561721734836251,0.0471765714478056,0.5792,50,50,12,7
Clustered,3,20290927,5,0.7,0.70485273955502,0.532486039549626,0.172366700005395,0.7328,50,50,12,7
Clustered,3,20290927,10,0.7,0.833634949539411,0.51359989209068,0.320035057448731,0.9016,50,50,12,7
Clustered,3,20290927,20,0.7,0.907812855379961,0.511602028274042,0.396210827105919,0.9572,50,50,12,7
Clustered,4,20290928,1.1,0.1,0.595571766185041,0.719622000167501,-0.12405023398246,0.3656,50,50,1,3
Clustered,4,20290928,2,0.1,0.595664935296034,0.716426752303476,-0.120761817007442,0.3684,50,50,1,3
Clustered,4,20290928,3,0.1,0.595790585035223,0.715032964974946,-0.119242379939723,0.3684,50,50,1,3
Clustered,4,20290928,5,0.1,0.596059722236834,0.712300033098231,-0.116240310861398,0.3796,50,50,1,3
Clustered,4,20290928,10,0.1,0.596907509863464,0.693676277380825,-0.0967687675173613,0.3924,50,50,1,3
Clustered,4,20290928,20,0.1,0.611704010849384,0.66930374963028,-0.0575997387808967,0.4352,50,50,1,3
Clustered,4,20290928,1.1,0.3,0.596101058027441,0.70377910286357,-0.107678044836129,0.3772,50,50,5,3
Clustered,4,20290928,2,0.3,0.596581030744436,0.682665052722421,-0.0860840219779849,0.3948,50,50,5,3
Clustered,4,20290928,3,0.3,0.597271281946428,0.670774787822676,-0.0735035058762477,0.402,50,50,5,3
Clustered,4,20290928,5,0.3,0.599716268434821,0.638647693899755,-0.0389314254649342,0.4484,50,50,5,3
Clustered,4,20290928,10,0.3,0.649716040498565,0.582022649326911,0.0676933911716546,0.5692,50,50,5,3
Clustered,4,20290928,20,0.3,0.761715893495119,0.569699678140426,0.192016215354692,0.782,50,50,5,3
Clustered,4,20290928,1.1,0.5,0.598406919524911,0.649883666961052,-0.0514767474361417,0.43,50,50,11,3
Clustered,4,20290928,2,0.5,0.602003110421698,0.578167053476947,0.0238360569447512,0.5064,50,50,11,3
Clustered,4,20290928,3,0.5,0.627231668882896,0.537942830851322,0.0892888380315734,0.5956,50,50,11,3
Clustered,4,20290928,5,0.5,0.72061702018866,0.519207063933767,0.201409956254893,0.7772,50,50,11,3
Clustered,4,20290928,10,0.5,0.85222348274087,0.511651996425776,0.340571486315094,0.9444,50,50,11,3
Clustered,4,20290928,20,0.5,0.923535430145271,0.504018119679976,0.419517310465295,0.9928,50,50,11,3
Clustered,4,20290928,1.1,0.7,0.608259970309476,0.542493285492159,0.0657666848173173,0.562,50,50,15,3
Clustered,4,20290928,2,0.7,0.711501714061894,0.499344941845385,0.212156772216509,0.7692,50,50,15,3
Clustered,4,20290928,3,0.7,0.798445919190838,0.495934993859487,0.302510925331351,0.898,50,50,15,3
Clustered,4,20290928,5,0.7,0.885333381577731,0.491564889903436,0.393768491674295,0.9812,50,50,15,3
Clustered,4,20290928,10,0.7,0.941086655989245,0.481895562202993,0.459191093786253,1,50,50,15,3
Clustered,4,20290928,20,0.7,0.970267340238935,0.478479441393353,0.491787898845582,1,50,50,15,3
Clustered,5,20290929,1.1,0.1,0.465207684872303,0.773266595268324,-0.308058910396022,0.249583333333333,48,50,0,0
Clustered,5,20290929,2,0.1,0.465207684872303,0.773266595268324,-0.308058910396022,0.249583333333333,48,50,0,0
Clustered,5,20290929,3,0.1,0.465207684872303,0.773266595268324,-0.308058910396022,0.249583333333333,48,50,0,0
Clustered,5,20290929,5,0.1,0.465207684872303,0.773266595268324,-0.308058910396022,0.249583333333333,48,50,0,0
Clustered,5,20290929,10,0.1,0.465207684872303,0.773266595268324,-0.308058910396022,0.249583333333333,48,50,0,0
Clustered,5,20290929,20,0.1,0.465207684872303,0.773266595268324,-0.308058910396022,0.249583333333333,48,50,0,0
Clustered,5,20290929,1.1,0.3,0.465496124453112,0.767105701219538,-0.301609576766426,0.252916666666667,48,50,2,0
Clustered,5,20290929,2,0.3,0.465784834163074,0.762737170585247,-0.296952336422173,0.252083333333333,48,50,2,0
Clustered,5,20290929,3,0.3,0.465985208031364,0.761668259627971,-0.295683051596608,0.249583333333333,48,50,2,0
Clustered,5,20290929,5,0.3,0.466509280415613,0.754502242565318,-0.287992962149705,0.249583333333333,48,50,2,0
Clustered,5,20290929,10,0.3,0.471286441858498,0.728946572765192,-0.257660130906694,0.27125,48,50,2,0
Clustered,5,20290929,20,0.3,0.515534090042895,0.705685853051957,-0.190151763009063,0.3125,48,50,2,0
Clustered,5,20290929,1.1,0.5,0.466394701439651,0.748914050176862,-0.282519348737211,0.258333333333333,48,50,6,0
Clustered,5,20290929,2,0.5,0.467545517946578,0.73261492780005,-0.265069409853471,0.262916666666667,48,50,6,0
Clustered,5,20290929,3,0.5,0.468753407944721,0.712396837452044,-0.243643429507323,0.278333333333333,48,50,6,0
Clustered,5,20290929,5,0.5,0.48332606788252,0.670160872178176,-0.186834804295656,0.315,48,50,6,0
Clustered,5,20290929,10,0.5,0.550193666681208,0.596725567557756,-0.0465319008765479,0.440833333333333,48,50,6,0
Clustered,5,20290929,20,0.5,0.708000612940558,0.578475902959402,0.129524709981156,0.68125,48,50,6,0
Clustered,5,20290929,1.1,0.7,0.470384098170647,0.682222658078016,-0.211838559907368,0.3025,48,50,12,0
Clustered,5,20290929,2,0.7,0.484013062802151,0.611414141101835,-0.127401078299684,0.358333333333333,48,50,12,0
Clustered,5,20290929,3,0.7,0.531108316611947,0.568034201355376,-0.0369258847434289,0.4475,48,50,12,0
Clustered,5,20290929,5,0.7,0.661367943852663,0.550279681704053,0.111088262148611,0.645416666666667,48,50,12,0
Clustered,5,20290929,10,0.7,0.823811785193281,0.541628407876893,0.282183377316388,0.873333333333333,48,50,12,0
Clustered,5,20290929,20,0.7,0.910689536410816,0.529249186845509,0.381440349565307,0.9575,48,50,12,0
Clustered,6,20290930,1.1,0.1,0.569368653979711,0.736730862152039,-0.167362208172328,0.3872,50,50,2,8
Clustered,6,20290930,2,0.1,0.569524145745387,0.734379047814743,-0.164854902069356,0.3884,50,50,2,8
Clustered,6,20290930,3,0.1,0.569736212569791,0.733550538172765,-0.163814325602975,0.3924,50,50,2,8
Clustered,6,20290930,5,0.1,0.570185032737172,0.73646512355108,-0.166280090813908,0.3884,50,50,2,8
Clustered,6,20290930,10,0.1,0.573470812203796,0.721057841267314,-0.147587029063518,0.3988,50,50,2,8
Clustered,6,20290930,20,0.1,0.617161082212873,0.702958823348201,-0.085797741135328,0.4536,50,50,2,8
Clustered,6,20290930,1.1,0.3,0.570276240127706,0.711778367801898,-0.141502127674192,0.4112,50,50,7,8
Clustered,6,20290930,2,0.3,0.571079079063741,0.685934577190048,-0.114855498126307,0.4308,50,50,7,8
Clustered,6,20290930,3,0.3,0.572231295014948,0.658906364958076,-0.0866750699431273,0.4652,50,50,7,8
Clustered,6,20290930,5,0.3,0.58034557199476,0.610807398396681,-0.0304618264019207,0.5076,50,50,7,8
Clustered,6,20290930,10,0.3,0.651615467699115,0.562842878335801,0.0887725893633139,0.6104,50,50,7,8
Clustered,6,20290930,20,0.3,0.784110362960628,0.560422787964747,0.22368757499588,0.7568,50,50,7,8
Clustered,6,20290930,1.1,0.5,0.570592304654733,0.704161696352591,-0.133569391697858,0.4184,50,50,8,8
Clustered,6,20290930,2,0.5,0.571682503801509,0.670281734436334,-0.0985992306348248,0.452,50,50,8,8
Clustered,6,20290930,3,0.5,0.573500097785406,0.63371262245315,-0.0602125246677445,0.4896,50,50,8,8
Clustered,6,20290930,5,0.5,0.591256823806103,0.579451760897988,0.0118050629081154,0.5456,50,50,8,8
Clustered,6,20290930,10,0.5,0.684280508190968,0.543745483318215,0.140535024872754,0.6688,50,50,8,8
Clustered,6,20290930,20,0.5,0.807199036501541,0.547421652265488,0.259777384236053,0.8016,50,50,8,8
Clustered,6,20290930,1.1,0.7,0.574506796834027,0.630554015793356,-0.056047218959329,0.4984,50,50,13,8
Clustered,6,20290930,2,0.7,0.596779157009147,0.558771599849613,0.038007557159534,0.57,50,50,13,8
Clustered,6,20290930,3,0.7,0.655285013829643,0.532302915912475,0.122982097917168,0.6524,50,50,13,8
Clustered,6,20290930,5,0.7,0.751252997442176,0.523204450400523,0.228048547041652,0.7716,50,50,13,8
Clustered,6,20290930,10,0.7,0.853524026229021,0.52360402489257,0.329920001336451,0.874,50,50,13,8
Clustered,6,20290930,20,0.7,0.91424675763377,0.523953994581925,0.390292763051845,0.9304,50,50,13,8
Clustered,7,20290931,1.1,0.1,0.564548928868598,0.730932302556333,-0.166383373687736,0.431020408163265,49,50,3,2
Clustered,7,20290931,2,0.1,0.564878433246397,0.726480450281594,-0.161602017035197,0.438367346938775,49,50,3,2
Clustered,7,20290931,3,0.1,0.565350099612713,0.718201932923659,-0.152851833310946,0.450204081632653,49,50,3,2
Clustered,7,20290931,5,0.1,0.566796587959818,0.703713007664603,-0.136916419704785,0.471836734693878,49,50,3,2
Clustered,7,20290931,10,0.1,0.581018469074791,0.653797954762023,-0.0727794856872317,0.515102040816326,49,50,3,2
Clustered,7,20290931,20,0.1,0.652685256490536,0.615491966634735,0.0371932898558005,0.57265306122449,49,50,3,2
Clustered,7,20290931,1.1,0.3,0.565727990301927,0.709597074768336,-0.143869084466409,0.447755102040816,49,50,7,2
Clustered,7,20290931,2,0.3,0.567589604337042,0.675847774492143,-0.108258170155101,0.484897959183673,49,50,7,2
Clustered,7,20290931,3,0.3,0.571590566106657,0.637881511690037,-0.0662909455833801,0.511836734693878,49,50,7,2
Clustered,7,20290931,5,0.3,0.585231348895794,0.570801030463828,0.0144303184319657,0.569795918367347,49,50,7,2
Clustered,7,20290931,10,0.3,0.678799266733674,0.497491102532046,0.181308164201628,0.686122448979592,49,50,7,2
Clustered,7,20290931,20,0.3,0.822640715938527,0.479887145654601,0.342753570283926,0.875510204081633,49,50,7,2
Clustered,7,20290931,1.1,0.5,0.567451626128536,0.681754435752065,-0.114302809623529,0.483673469387755,49,50,10,2
Clustered,7,20290931,2,0.5,0.571692193067188,0.623504545341626,-0.0518123522744378,0.526122448979592,49,50,10,2
Clustered,7,20290931,3,0.5,0.584546049782282,0.563099530084636,0.021446519697646,0.568571428571429,49,50,10,2
Clustered,7,20290931,5,0.5,0.6541201901845,0.508056689122051,0.146063501062449,0.650612244897959,49,50,10,2
Clustered,7,20290931,10,0.5,0.7873104402648,0.469798494383308,0.317511945881493,0.855510204081633,49,50,10,2
Clustered,7,20290931,20,0.5,0.888038900186558,0.463285639825248,0.42475326036131,0.968163265306122,49,50,10,2
Clustered,7,20290931,1.1,0.7,0.571716466421603,0.628094850275107,-0.0563783838535046,0.523673469387755,49,50,13,2
Clustered,7,20290931,2,0.7,0.608312003177837,0.538951110778965,0.0693608923988728,0.598775510204082,49,50,13,2
Clustered,7,20290931,3,0.7,0.688770158372527,0.51155598381229,0.177214174560237,0.688571428571429,49,50,13,2
Clustered,7,20290931,5,0.7,0.805584544557718,0.506649246619565,0.298935297938153,0.835510204081633,49,50,13,2
Clustered,7,20290931,10,0.7,0.906523935517143,0.497943045050652,0.408580890466491,0.959183673469388,49,50,13,2
Clustered,7,20290931,20,0.7,0.952142455793158,0.486820290865914,0.465322164927244,0.990612244897959,49,50,13,2
Clustered,8,20290932,1.1,0.1,0.658082291616203,0.703414975855553,-0.0453326842393494,0.508,50,50,2,0
Clustered,8,20290932,2,0.1,0.658307407769065,0.697103294922777,-0.0387958871537117,0.5104,50,50,2,0
Clustered,8,20290932,3,0.1,0.65849120943853,0.695564082943877,-0.0370728735053476,0.5128,50,50,2,0
Clustered,8,20290932,5,0.1,0.658803020299305,0.691769135621968,-0.0329661153226627,0.5096,50,50,2,0
Clustered,8,20290932,10,0.1,0.660015345056153,0.662476323164206,-0.00246097810805335,0.5412,50,50,2,0
Clustered,8,20290932,20,0.1,0.688111878910974,0.626924949812928,0.0611869290980463,0.5948,50,50,2,0
Clustered,8,20290932,1.1,0.3,0.658706570606261,0.689448792510747,-0.0307422219044863,0.518,50,50,6,0
Clustered,8,20290932,2,0.3,0.659364764953554,0.680829431084579,-0.0214646661310245,0.524,50,50,6,0
Clustered,8,20290932,3,0.3,0.660122555867255,0.662155558083348,-0.00203300221609293,0.5344,50,50,6,0
Clustered,8,20290932,5,0.3,0.662782298322509,0.613772840912067,0.0490094574104428,0.584,50,50,6,0
Clustered,8,20290932,10,0.3,0.707706098875073,0.540885102265,0.166820996610073,0.7024,50,50,6,0
Clustered,8,20290932,20,0.3,0.804910366607715,0.526654639784751,0.278255726822964,0.8236,50,50,6,0
Clustered,8,20290932,1.1,0.5,0.661520968621662,0.62937137941814,0.0321495892035225,0.5684,50,50,12,0
Clustered,8,20290932,2,0.5,0.667317300226865,0.551884480447751,0.115432819779114,0.6348,50,50,12,0
Clustered,8,20290932,3,0.5,0.695730703237581,0.507328705244562,0.188401997993019,0.698,50,50,12,0
Clustered,8,20290932,5,0.5,0.780137738229971,0.492618302692025,0.287519435537946,0.8256,50,50,12,0
Clustered,8,20290932,10,0.5,0.874074293195727,0.475680586224695,0.398393706971033,0.942,50,50,12,0
Clustered,8,20290932,20,0.5,0.926760757860378,0.457636945582616,0.469123812277762,0.9764,50,50,12,0
Clustered,8,20290932,1.1,0.7,0.664398623181033,0.580799006232072,0.083599616948961,0.6036,50,50,14,0
Clustered,8,20290932,2,0.7,0.694829637076355,0.509936380079427,0.184893256996928,0.704,50,50,14,0
Clustered,8,20290932,3,0.7,0.763394270497167,0.498134049912842,0.265260220584325,0.8044,50,50,14,0
Clustered,8,20290932,5,0.7,0.848679078769542,0.484923861677956,0.363755217091586,0.9132,50,50,14,0
Clustered,8,20290932,10,0.7,0.913985587126311,0.462082830686904,0.451902756439407,0.9692,50,50,14,0
Clustered,8,20290932,20,0.7,0.947440989346826,0.447557269871262,0.499883719475564,0.9796,50,50,14,0
Clustered,9,20290933,1.1,0.1,0.689641954924126,0.66632675173328,0.0233152031908455,0.575177009579342,49,49,2,10
Clustered,9,20290933,2,0.1,0.689837112188609,0.657266473752134,0.0325706384364758,0.590170762182424,49,49,2,10
Clustered,9,20290933,3,0.1,0.68997103888558,0.664083087544094,0.0258879513414865,0.583923365264473,49,49,2,10
Clustered,9,20290933,5,0.1,0.690331992358652,0.669495562521543,0.0208364298371085,0.590587255310287,49,49,2,10
Clustered,9,20290933,10,0.1,0.693875160413611,0.650974715985773,0.0429004444278385,0.604748021657643,49,49,2,10
Clustered,9,20290933,20,0.1,0.729768783584556,0.622582086422612,0.107186697161944,0.645980841316118,49,49,2,10
Clustered,9,20290933,1.1,0.3,0.689835432870834,0.663034779207864,0.02680065366297,0.58225739275302,49,49,4,10
Clustered,9,20290933,2,0.3,0.690230694331571,0.663270512789442,0.0269601815421293,0.58850478967097,49,49,4,10
Clustered,9,20290933,3,0.3,0.690617715368263,0.661646360841813,0.0289713545264496,0.593086214077468,49,49,4,10
Clustered,9,20290933,5,0.3,0.691648587760114,0.657190485644938,0.0344581021151757,0.599333610995419,49,49,4,10
Clustered,9,20290933,10,0.3,0.707398036239231,0.621376093117671,0.0860219431215594,0.638067471886714,49,49,4,10
Clustered,9,20290933,20,0.3,0.786354215347343,0.588769860335023,0.19758435501232,0.752603082049146,49,49,4,10
Clustered,9,20290933,1.1,0.5,0.690779822466797,0.63845409867675,0.0523257237900475,0.60683048729696,49,49,9,10
Clustered,9,20290933,2,0.5,0.692220746182009,0.626081082703944,0.0661396634780652,0.621824239900042,49,49,9,10
Clustered,9,20290933,3,0.5,0.69570517002781,0.607659430482157,0.0880457395456526,0.641815910037484,49,49,9,10
Clustered,9,20290933,5,0.5,0.720178253374188,0.576985111627677,0.143193141746511,0.678883798417326,49,49,9,10
Clustered,9,20290933,10,0.5,0.823557432715429,0.567117240992737,0.256440191722692,0.813411078717201,49,49,9,10
Clustered,9,20290933,20,0.5,0.911279496661403,0.560203013614673,0.351076483046731,0.949187838400666,49,49,9,10
Clustered,9,20290933,1.1,0.7,0.700567712287293,0.53554461534341,0.165023096943883,0.688046647230321,49,49,15,10
Clustered,9,20290933,2,0.7,0.755680162163388,0.489430558364867,0.266249603798521,0.776343190337359,49,49,15,10
Clustered,9,20290933,3,0.7,0.830222346314414,0.485559535904438,0.344662810409977,0.887546855476885,49,49,15,10
Clustered,9,20290933,5,0.7,0.907872390589883,0.485805610738331,0.422066779851553,0.972094960433153,49,49,15,10
Clustered,9,20290933,10,0.7,0.952713577101111,0.475192937886904,0.477520639214207,0.996668054977093,49,49,15,10
Clustered,9,20290933,20,0.7,0.976033519085076,0.47144089499154,0.504592624093536,1,49,49,15,10
Clustered,10,20290934,1.1,0.1,0.682003836033336,0.730176506460926,-0.0481726704275904,0.565714285714286,49,50,3,11
Clustered,10,20290934,2,0.1,0.682144453229065,0.726590406040988,-0.0444459528119231,0.568979591836735,49,50,3,11
Clustered,10,20290934,3,0.1,0.682346320804446,0.723771752187211,-0.041425431382765,0.57265306122449,49,50,3,11
Clustered,10,20290934,5,0.1,0.682896063510227,0.712594071424159,-0.0296980079139317,0.580816326530612,49,50,3,11
Clustered,10,20290934,10,0.1,0.686206681824104,0.671580316209295,0.0146263656148083,0.604897959183674,49,50,3,11
Clustered,10,20290934,20,0.1,0.731585885450932,0.628868206318428,0.102717679132504,0.654285714285714,49,50,3,11
Clustered,10,20290934,1.1,0.3,0.682108284120184,0.726520811070022,-0.0444125269498379,0.567755102040816,49,50,4,11
Clustered,10,20290934,2,0.3,0.682332156762804,0.719685186388737,-0.0373530296259328,0.572244897959184,49,50,4,11
Clustered,10,20290934,3,0.3,0.682656014032198,0.71278872177169,-0.0301327077394913,0.579183673469388,49,50,4,11
Clustered,10,20290934,5,0.3,0.68353697474762,0.691487453565721,-0.0079504788181004,0.593061224489796,49,50,4,11
Clustered,10,20290934,10,0.3,0.694715763237819,0.633472281191569,0.0612434820462502,0.628163265306122,49,50,4,11
Clustered,10,20290934,20,0.3,0.76249651745525,0.588413812290093,0.174082705165157,0.712244897959184,49,50,4,11
Clustered,10,20290934,1.1,0.5,0.683986532023944,0.676430557426205,0.00755597459773916,0.603673469387755,49,50,11,11
Clustered,10,20290934,2,0.5,0.686761053112432,0.628367970572559,0.0583930825398731,0.630204081632653,49,50,11,11
Clustered,10,20290934,3,0.5,0.69784995702599,0.576192738785024,0.121657218240966,0.662857142857143,49,50,11,11
Clustered,10,20290934,5,0.5,0.749973695754739,0.549743532387556,0.200230163367183,0.719591836734694,49,50,11,11
Clustered,10,20290934,10,0.5,0.863195496301259,0.544561169803552,0.318634326497707,0.863265306122449,49,50,11,11
Clustered,10,20290934,20,0.5,0.928116373167247,0.526320213085118,0.401796160082129,0.944081632653061,49,50,11,11
Clustered,10,20290934,1.1,0.7,0.687413768061202,0.614336638305745,0.073077129755457,0.633877551020408,49,50,14,11
Clustered,10,20290934,2,0.7,0.710447992800337,0.531574807536303,0.178873185264034,0.687755102040816,49,50,14,11
Clustered,10,20290934,3,0.7,0.759377696816556,0.505435596062426,0.25394210075413,0.752244897959184,49,50,14,11
Clustered,10,20290934,5,0.7,0.850059690540507,0.502809998529222,0.347249692011285,0.88,49,50,14,11
Clustered,10,20290934,10,0.7,0.923322235200954,0.484017555815071,0.439304679385883,0.958775510204082,49,50,14,11
Clustered,10,20290934,20,0.7,0.959986582001111,0.471771205240844,0.488215376760267,0.979183673469388,49,50,14,11
Clustered,11,20290935,1.1,0.1,0.589695406298737,0.710735353891505,-0.121039947592768,0.377959183673469,49,50,3,5
Clustered,11,20290935,2,0.1,0.589897864709784,0.706031590706603,-0.116133725996819,0.373061224489796,49,50,3,5
Clustered,11,20290935,3,0.1,0.590193495499046,0.683282225694454,-0.0930887301954082,0.395510204081633,49,50,3,5
Clustered,11,20290935,5,0.1,0.590949388677156,0.666960465535047,-0.0760110768578907,0.408979591836735,49,50,3,5
Clustered,11,20290935,10,0.1,0.603870922334964,0.628860762675737,-0.0249898403407733,0.46734693877551,49,50,3,5
Clustered,11,20290935,20,0.1,0.680203067115188,0.60447199546871,0.0757310716464785,0.584897959183673,49,50,3,5
Clustered,11,20290935,1.1,0.3,0.591206349654763,0.678676016107955,-0.0874696664531921,0.396326530612245,49,50,9,5
Clustered,11,20290935,2,0.3,0.593032474482162,0.640622760525106,-0.0475902860429437,0.433877551020408,49,50,9,5
Clustered,11,20290935,3,0.3,0.595591328856822,0.588365117587782,0.00722621126904033,0.499591836734694,49,50,9,5
Clustered,11,20290935,5,0.3,0.617706756221639,0.530670624760063,0.0870361314615763,0.592244897959184,49,50,9,5
Clustered,11,20290935,10,0.3,0.743558525976546,0.504336776960288,0.239221749016258,0.793877551020408,49,50,9,5
Clustered,11,20290935,20,0.3,0.864541187302863,0.503112778656613,0.36142840864625,0.948163265306122,49,50,9,5
Clustered,11,20290935,1.1,0.5,0.594507903288627,0.620624732711412,-0.0261168294227846,0.459591836734694,49,50,13,5
Clustered,11,20290935,2,0.5,0.607100606061278,0.55128755920204,0.0558130468592382,0.551428571428571,49,50,13,5
Clustered,11,20290935,3,0.5,0.650445593755715,0.506625812716022,0.143819781039693,0.670204081632653,49,50,13,5
Clustered,11,20290935,5,0.5,0.757637729690055,0.486434663885582,0.271203065804472,0.84734693877551,49,50,13,5
Clustered,11,20290935,10,0.5,0.878304614914154,0.467779382727942,0.410525232186212,0.975510204081633,49,50,13,5
Clustered,11,20290935,20,0.5,0.937486668888673,0.459404510549249,0.478082158339424,0.997551020408163,49,50,13,5
Clustered,11,20290935,1.1,0.7,0.596774469693809,0.594120485721055,0.00265398397275396,0.491020408163265,49,50,14,5
Clustered,11,20290935,2,0.7,0.622828091214787,0.518398144476723,0.104429946738063,0.613877551020408,49,50,14,5
Clustered,11,20290935,3,0.7,0.68896215551233,0.488209201980041,0.200752953532289,0.756326530612245,49,50,14,5
Clustered,11,20290935,5,0.7,0.805603108671575,0.470620081722617,0.334983026948958,0.918775510204082,49,50,14,5
Clustered,11,20290935,10,0.7,0.904297287361354,0.451073639989053,0.453223647372301,0.994285714285714,49,50,14,5
Clustered,11,20290935,20,0.7,0.950706615804276,0.441980729907867,0.508725885896409,0.999591836734694,49,50,14,5
Clustered,12,20290936,1.1,0.1,0.725700408808277,0.648623625629214,0.0770767831790629,0.649312786339025,49,49,1,0
Clustered,12,20290936,2,0.1,0.725786001543734,0.6424900251412,0.0832959764025339,0.650145772594752,49,49,1,0
Clustered,12,20290936,3,0.1,0.725903888241774,0.638069825389061,0.0878340628527129,0.65722615576843,49,49,1,0
Clustered,12,20290936,5,0.1,0.726207967646158,0.632341944329216,0.0938660233169415,0.661807580174927,49,49,1,0
Clustered,12,20290936,10,0.1,0.727314649906902,0.615090488539365,0.112224161367536,0.674718867138692,49,49,1,0
Clustered,12,20290936,20,0.1,0.744502276125778,0.593465343176645,0.151036932949133,0.705955851728446,49,49,1,0
Clustered,12,20290936,1.1,0.3,0.726133631925186,0.639621637274446,0.0865119946507403,0.653061224489796,49,49,4,0
Clustered,12,20290936,2,0.3,0.726447232174843,0.630634308051192,0.0958129241236516,0.65972511453561,49,49,4,0
Clustered,12,20290936,3,0.3,0.726890908354643,0.62481560250745,0.102075305847193,0.665556018325698,49,49,4,0
Clustered,12,20290936,5,0.3,0.728047003192457,0.605903985437721,0.122143017754735,0.673052894627239,49,49,4,0
Clustered,12,20290936,10,0.3,0.750426003084022,0.570176673114847,0.180249329969175,0.719700124947938,49,49,4,0
Clustered,12,20290936,20,0.3,0.823721669573814,0.57203042836715,0.251691241206664,0.802582257392753,49,49,4,0
Clustered,12,20290936,1.1,0.5,0.72899874609546,0.588270860873674,0.140727885221786,0.68554768846314,49,49,11,0
Clustered,12,20290936,2,0.5,0.74227226814919,0.548285019081576,0.193987249067615,0.724698042482299,49,49,11,0
Clustered,12,20290936,3,0.5,0.770866725902298,0.519033390944306,0.251833334957992,0.767180341524365,49,49,11,0
Clustered,12,20290936,5,0.5,0.836632898742373,0.503115664489487,0.333517234252886,0.864223240316535,49,49,11,0
Clustered,12,20290936,10,0.5,0.918559430786215,0.50897664049543,0.409582790290785,0.950020824656393,49,49,11,0
Clustered,12,20290936,20,0.5,0.957219807841419,0.510922320451548,0.446297487389872,0.970845481049563,49,49,11,0
Clustered,12,20290936,1.1,0.7,0.74159159700077,0.539867043657147,0.201724553343623,0.72844648063307,49,49,14,0
Clustered,12,20290936,2,0.7,0.793103670327426,0.503525303490278,0.289578366837149,0.809662640566431,49,49,14,0
Clustered,12,20290936,3,0.7,0.85202186552439,0.498512657710787,0.353509207813604,0.889212827988338,49,49,14,0
Clustered,12,20290936,5,0.7,0.920156466041964,0.504931812563463,0.4152246534785,0.971261974177426,49,49,14,0
Clustered,12,20290936,10,0.7,0.960613052345221,0.497200544264244,0.463412508080977,0.995418575593503,49,49,14,0
Clustered,12,20290936,20,0.7,0.978423524105041,0.491080485699492,0.487343038405549,0.996668054977093,49,49,14,0
Clustered,13,20290937,1.1,0.1,0.606018933066356,0.731386379246192,-0.125367446179836,0.4204,50,50,1,2
Clustered,13,20290937,2,0.1,0.606072151242638,0.729233346993908,-0.12316119575127,0.4228,50,50,1,2
Clustered,13,20290937,3,0.1,0.60614539084245,0.7274386205089,-0.12129322966645,0.4248,50,50,1,2
Clustered,13,20290937,5,0.1,0.606335256500256,0.728575827342749,-0.122240570842493,0.426,50,50,1,2
Clustered,13,20290937,10,0.1,0.607044786850478,0.719482137110768,-0.11243735026029,0.432,50,50,1,2
Clustered,13,20290937,20,0.1,0.626526214698262,0.706236052589081,-0.0797098378908193,0.4572,50,50,1,2
Clustered,13,20290937,1.1,0.3,0.60705867801756,0.714081392792982,-0.107022714775421,0.432,50,50,6,2
Clustered,13,20290937,2,0.3,0.608096982379691,0.69426433837428,-0.0861673559945887,0.446,50,50,6,2
Clustered,13,20290937,3,0.3,0.609394400575798,0.674112270843325,-0.0647178702675273,0.464,50,50,6,2
Clustered,13,20290937,5,0.3,0.617106907703211,0.627839779443869,-0.0107328717406582,0.512,50,50,6,2
Clustered,13,20290937,10,0.3,0.676633497748331,0.549901487253391,0.12673201049494,0.6476,50,50,6,2
Clustered,13,20290937,20,0.3,0.802098654667975,0.523803067679599,0.278295586988376,0.8276,50,50,6,2
Clustered,13,20290937,1.1,0.5,0.61101352178422,0.6593036556767,-0.0482901338924805,0.484,50,50,12,2
Clustered,13,20290937,2,0.5,0.621841734679218,0.58625393852414,0.0355877961550781,0.5664,50,50,12,2
Clustered,13,20290937,3,0.5,0.663646844924675,0.531672995121231,0.131973849803444,0.6652,50,50,12,2
Clustered,13,20290937,5,0.5,0.779083880330833,0.507717729080231,0.271366151250602,0.8284,50,50,12,2
Clustered,13,20290937,10,0.5,0.913244258723059,0.480201899267218,0.433042359455842,0.9716,50,50,12,2
Clustered,13,20290937,20,0.5,0.955726135089823,0.456924824101234,0.498801310988589,0.9988,50,50,12,2
Clustered,13,20290937,1.1,0.7,0.629112186792927,0.575224918438881,0.0538872683540459,0.5892,50,50,15,2
Clustered,13,20290937,2,0.7,0.717696972009189,0.497662051524668,0.220034920484521,0.7676,50,50,15,2
Clustered,13,20290937,3,0.7,0.826617278357525,0.48090022560092,0.345717052756604,0.8932,50,50,15,2
Clustered,13,20290937,5,0.7,0.92807158893548,0.458097930649908,0.469973658285572,0.9696,50,50,15,2
Clustered,13,20290937,10,0.7,0.962448048017673,0.420436423937103,0.54201162408057,0.9972,50,50,15,2
Clustered,13,20290937,20,0.7,0.980812721001611,0.406641988532413,0.574170732469198,1,50,50,15,2
Clustered,14,20290938,1.1,0.1,0.58291598250643,0.7576473646645,-0.17473138215807,0.372244897959184,50,49,1,31
Clustered,14,20290938,2,0.1,0.582970346454281,0.755758902115121,-0.17278855566084,0.380408163265306,50,49,1,31
Clustered,14,20290938,3,0.1,0.583047344543014,0.756968656906898,-0.173921312363884,0.383265306122449,50,49,1,31
Clustered,14,20290938,5,0.1,0.583251882434572,0.754468093993952,-0.171216211559379,0.394285714285714,50,49,1,31
Clustered,14,20290938,10,0.1,0.584031004079378,0.737659518327276,-0.153628514247897,0.407755102040816,50,49,1,31
Clustered,14,20290938,20,0.1,0.596790642160056,0.717911793788789,-0.121121151628733,0.411428571428571,50,49,1,31
Clustered,14,20290938,1.1,0.3,0.584401118797236,0.723600741096455,-0.139199622299219,0.461632653061224,50,49,7,31
Clustered,14,20290938,2,0.3,0.585985734001448,0.690523516733857,-0.104537782732409,0.506530612244898,50,49,7,31
Clustered,14,20290938,3,0.3,0.588300159183601,0.649013426689431,-0.0607132675058301,0.544081632653061,50,49,7,31
Clustered,14,20290938,5,0.3,0.607710232058351,0.582483556995193,0.0252266750631573,0.592244897959184,50,49,7,31
Clustered,14,20290938,10,0.3,0.726333562011535,0.537554701292381,0.188778860719154,0.751836734693878,50,49,7,31
Clustered,14,20290938,20,0.3,0.830224723334015,0.536185818914455,0.29403890441956,0.870612244897959,50,49,7,31
Clustered,14,20290938,1.1,0.5,0.590302467146996,0.627476871081472,-0.0371744039344765,0.559591836734694,50,49,13,31
Clustered,14,20290938,2,0.5,0.612694672023573,0.519557525872522,0.0931371461510508,0.644081632653061,50,49,13,31
Clustered,14,20290938,3,0.5,0.690610081921873,0.477242044690648,0.213368037231225,0.750204081632653,50,49,13,31
Clustered,14,20290938,5,0.5,0.791487133985354,0.464041046440343,0.32744608754501,0.895102040816326,50,49,13,31
Clustered,14,20290938,10,0.5,0.87232785409973,0.456116426336033,0.416211427763697,0.981224489795918,50,49,13,31
Clustered,14,20290938,20,0.5,0.913882455176163,0.452613295611627,0.461269159564536,0.995102040816327,50,49,13,31
Clustered,14,20290938,1.1,0.7,0.630121000861734,0.516466557080585,0.113654443781148,0.643673469387755,50,49,16,31
Clustered,14,20290938,2,0.7,0.772465862071215,0.476278309916053,0.296187552155163,0.839591836734694,50,49,16,31
Clustered,14,20290938,3,0.7,0.841445351793,0.466648515329287,0.374796836463714,0.933061224489796,50,49,16,31
Clustered,14,20290938,5,0.7,0.891501272042093,0.453849956439589,0.437651315602504,0.977551020408163,50,49,16,31
Clustered,14,20290938,10,0.7,0.923220042412283,0.439819716116006,0.483400326296278,0.995102040816327,50,49,16,31
Clustered,14,20290938,20,0.7,0.939834551721081,0.433851824417662,0.505982727303419,0.996326530612245,50,49,16,31
Clustered,15,20290939,1.1,0.1,0.59194216335139,0.738815218658168,-0.146873055306779,0.405714285714286,49,50,2,13
Clustered,15,20290939,2,0.1,0.592050617202697,0.731637691692169,-0.139587074489472,0.410612244897959,49,50,2,13
Clustered,15,20290939,3,0.1,0.592210797573302,0.729772042242817,-0.137561244669515,0.415102040816327,49,50,2,13
Clustered,15,20290939,5,0.1,0.592651606570285,0.724211590809964,-0.131559984239679,0.417551020408163,49,50,2,13
Clustered,15,20290939,10,0.1,0.599414887272086,0.70107747909818,-0.101662591826094,0.429795918367347,49,50,2,13
Clustered,15,20290939,20,0.1,0.644841677722679,0.679486544106887,-0.0346448663842073,0.472244897959184,49,50,2,13
Clustered,15,20290939,1.1,0.3,0.59235444271217,0.728152038884465,-0.135797596172295,0.417959183673469,49,50,5,13
Clustered,15,20290939,2,0.3,0.592748638929118,0.713810544150631,-0.121061905221513,0.427755102040816,49,50,5,13
Clustered,15,20290939,3,0.3,0.593331474486791,0.704850766343317,-0.111519291856526,0.43469387755102,49,50,5,13
Clustered,15,20290939,5,0.3,0.594929918606945,0.679107114309387,-0.0841771957024416,0.452244897959184,49,50,5,13
Clustered,15,20290939,10,0.3,0.632553809281984,0.630547940469065,0.00200586881291942,0.508571428571429,49,50,5,13
Clustered,15,20290939,20,0.3,0.746512011935573,0.619207181854542,0.127304830081031,0.648163265306122,49,50,5,13
Clustered,15,20290939,1.1,0.5,0.595342716865073,0.663688667058315,-0.0683459501932421,0.463673469387755,49,50,12,13
Clustered,15,20290939,2,0.5,0.600229952877078,0.5896053798746,0.0106245730024772,0.517142857142857,49,50,12,13
Clustered,15,20290939,3,0.5,0.641836202793931,0.546502610766837,0.0953335920270938,0.601224489795918,49,50,12,13
Clustered,15,20290939,5,0.5,0.746126727365852,0.524637973498935,0.221488753866917,0.755510204081633,49,50,12,13
Clustered,15,20290939,10,0.5,0.862476686500408,0.516475226145412,0.346001460354997,0.898775510204082,49,50,12,13
Clustered,15,20290939,20,0.5,0.922910945100463,0.511682639535502,0.411228305564961,0.931836734693878,49,50,12,13
Clustered,15,20290939,1.1,0.7,0.603615939123316,0.580166410977246,0.0234495281460697,0.528571428571429,49,50,15,13
Clustered,15,20290939,2,0.7,0.687162846744994,0.516146145385004,0.17101670135999,0.687755102040816,49,50,15,13
Clustered,15,20290939,3,0.7,0.771690398869265,0.504236947143183,0.267453451726082,0.833061224489796,49,50,15,13
Clustered,15,20290939,5,0.7,0.870637663096675,0.50600324012607,0.364634422970605,0.946122448979592,49,50,15,13
Clustered,15,20290939,10,0.7,0.927221611594732,0.493207780382402,0.43401383121233,0.975510204081633,49,50,15,13
Clustered,15,20290939,20,0.7,0.956877958087967,0.488124582925251,0.468753375162716,0.983265306122449,49,50,15,13
Clustered,16,20290940,1.1,0.1,0.629340758554416,0.762133552224388,-0.132792793669972,0.3952,50,50,0,0
Clustered,16,20290940,2,0.1,0.629340758554416,0.762133552224388,-0.132792793669972,0.3952,50,50,0,0
Clustered,16,20290940,3,0.1,0.629340758554416,0.762133552224388,-0.132792793669972,0.3952,50,50,0,0
Clustered,16,20290940,5,0.1,0.629340758554416,0.762133552224388,-0.132792793669972,0.3952,50,50,0,0
Clustered,16,20290940,10,0.1,0.629340758554416,0.762133552224388,-0.132792793669972,0.3952,50,50,0,0
Clustered,16,20290940,20,0.1,0.629340758554416,0.762133552224388,-0.132792793669972,0.3952,50,50,0,0
Clustered,16,20290940,1.1,0.3,0.630253113758645,0.740850580434121,-0.110597466675476,0.4088,50,50,5,0
Clustered,16,20290940,2,0.3,0.630855251425055,0.719475156884869,-0.0886199054598137,0.424,50,50,5,0
Clustered,16,20290940,3,0.3,0.631550688069927,0.695019222647826,-0.0634685345778995,0.4496,50,50,5,0
Clustered,16,20290940,5,0.3,0.633369146855683,0.64462216744832,-0.0112530205926367,0.5084,50,50,5,0
Clustered,16,20290940,10,0.3,0.678419154950287,0.584110731467393,0.0943084234828943,0.6316,50,50,5,0
Clustered,16,20290940,20,0.3,0.785222759284083,0.581019310833372,0.204203448450711,0.7528,50,50,5,0
Clustered,16,20290940,1.1,0.5,0.631340629094115,0.718346928417122,-0.0870062993230067,0.432,50,50,8,0
Clustered,16,20290940,2,0.5,0.633023896129678,0.67192965560219,-0.0389057594725118,0.476,50,50,8,0
Clustered,16,20290940,3,0.5,0.635242570920121,0.616211817889192,0.0190307530309295,0.5456,50,50,8,0
Clustered,16,20290940,5,0.5,0.653881751366209,0.54631387216537,0.107567879200838,0.6344,50,50,8,0
Clustered,16,20290940,10,0.5,0.768206656458176,0.508516686386667,0.259689970071509,0.818,50,50,8,0
Clustered,16,20290940,20,0.5,0.874114004046311,0.511480841702657,0.362633162343654,0.9336,50,50,8,0
Clustered,16,20290940,1.1,0.7,0.636799656809122,0.631631564044431,0.00516809276469066,0.5276,50,50,13,0
Clustered,16,20290940,2,0.7,0.660303782371135,0.519717567745065,0.14058621462607,0.664,50,50,13,0
Clustered,16,20290940,3,0.7,0.738316780426524,0.490176579053295,0.248140201373229,0.7856,50,50,13,0
Clustered,16,20290940,5,0.7,0.844634497705689,0.474075994020466,0.370558503685224,0.9348,50,50,13,0
Clustered,16,20290940,10,0.7,0.92668634190999,0.459295922547554,0.467390419362435,0.9816,50,50,13,0
Clustered,16,20290940,20,0.7,0.962441121497726,0.44966429581999,0.512776825677736,0.9876,50,50,13,0
Clustered,17,20290941,1.1,0.1,0.703120853319902,0.695495552664316,0.00762530065558664,0.59906462585034,48,49,2,3
Clustered,17,20290941,2,0.1,0.703337321634747,0.703582824434803,-0.000245502800056419,0.589285714285714,48,49,2,3
Clustered,17,20290941,3,0.1,0.703449929188822,0.706301692807791,-0.00285176361896911,0.588010204081633,48,49,2,3
Clustered,17,20290941,5,0.1,0.703748621888775,0.708160668966421,-0.00441204707764553,0.585884353741497,48,49,2,3
Clustered,17,20290941,10,0.1,0.704863724324734,0.687920619179479,0.0169431051452549,0.603316326530612,48,49,2,3
Clustered,17,20290941,20,0.1,0.726226428214816,0.661709694796197,0.0645167334186183,0.63265306122449,48,49,2,3
Clustered,17,20290941,1.1,0.3,0.704062674837736,0.677754084089874,0.0263085907478626,0.612670068027211,48,49,7,3
Clustered,17,20290941,2,0.3,0.705230549970748,0.671617597622034,0.0336129523487145,0.615646258503401,48,49,7,3
Clustered,17,20290941,3,0.3,0.706479957861853,0.649706280934708,0.0567736769271457,0.628826530612245,48,49,7,3
Clustered,17,20290941,5,0.3,0.712484252125159,0.603306762913513,0.109177489211645,0.664115646258503,48,49,7,3
Clustered,17,20290941,10,0.3,0.782508933762494,0.560617111090535,0.221891822671959,0.75297619047619,48,49,7,3
Clustered,17,20290941,20,0.3,0.870389840581163,0.556908565874812,0.313481274706352,0.874149659863946,48,49,7,3
Clustered,17,20290941,1.1,0.5,0.708452135940494,0.614761033684201,0.0936911022562935,0.654761904761905,48,49,13,3
Clustered,17,20290941,2,0.5,0.72717119908516,0.551328746408382,0.175842452676778,0.698979591836735,48,49,13,3
Clustered,17,20290941,3,0.5,0.774562099745625,0.518334163024322,0.256227936721303,0.782312925170068,48,49,13,3
Clustered,17,20290941,5,0.5,0.842041228937669,0.482540149348836,0.359501079588833,0.896258503401361,48,49,13,3
Clustered,17,20290941,10,0.5,0.911976907457164,0.461935477413179,0.450041430043984,0.974914965986395,48,49,13,3
Clustered,17,20290941,20,0.5,0.952417492337989,0.457686094370226,0.494731397967763,0.992772108843537,48,49,13,3
Clustered,17,20290941,1.1,0.7,0.785356754260314,0.48343419619708,0.301922558063234,0.819727891156463,48,49,17,3
Clustered,17,20290941,2,0.7,0.876819266712059,0.455523700295016,0.421295566417043,0.950255102040816,48,49,17,3
Clustered,17,20290941,3,0.7,0.919387590159749,0.444614013183205,0.474773576976544,0.972789115646258,48,49,17,3
Clustered,17,20290941,5,0.7,0.94841467308678,0.42888386283428,0.5195308102525,0.997448979591837,48,49,17,3
Clustered,17,20290941,10,0.7,0.971135436442041,0.419510143067067,0.551625293374973,0.999574829931973,48,49,17,3
Clustered,17,20290941,20,0.7,0.982492833741699,0.415895555572535,0.566597278169165,0.999574829931973,48,49,17,3
Clustered,18,20290942,1.1,0.1,0.63793758397293,0.713956511154,-0.0760189271810694,0.570212765957447,50,47,2,22
Clustered,18,20290942,2,0.1,0.638017342925838,0.712523044714353,-0.0745057017885155,0.573191489361702,50,47,2,22
Clustered,18,20290942,3,0.1,0.638129296445058,0.709013352728772,-0.0708840562837142,0.574468085106383,50,47,2,22
Clustered,18,20290942,5,0.1,0.638421939322559,0.699452497911511,-0.0610305585889519,0.58,50,47,2,22
Clustered,18,20290942,10,0.1,0.640489462773136,0.672532717589989,-0.0320432548168531,0.592340425531915,50,47,2,22
Clustered,18,20290942,20,0.1,0.666934652615403,0.652088224561694,0.0148464280537094,0.602127659574468,50,47,2,22
Clustered,18,20290942,1.1,0.3,0.638481620305846,0.695420231949785,-0.056938611643939,0.581276595744681,50,47,6,22
Clustered,18,20290942,2,0.3,0.63909700376341,0.67193727497451,-0.0328402712110999,0.591914893617021,50,47,6,22
Clustered,18,20290942,3,0.3,0.639877459875571,0.651874767381146,-0.0119973075055754,0.600425531914894,50,47,6,22
Clustered,18,20290942,5,0.3,0.647819301896459,0.611063409798288,0.0367558920981705,0.609787234042553,50,47,6,22
Clustered,18,20290942,10,0.3,0.704538900506794,0.547337238474476,0.157201662032318,0.663829787234043,50,47,6,22
Clustered,18,20290942,20,0.3,0.812590986199905,0.532465185268352,0.280125800931553,0.797446808510638,50,47,6,22
Clustered,18,20290942,1.1,0.5,0.640920270197465,0.635485167926335,0.00543510227113009,0.6,50,47,12,22
Clustered,18,20290942,2,0.5,0.650277472978042,0.576764034156476,0.0735134388215661,0.618297872340426,50,47,12,22
Clustered,18,20290942,3,0.5,0.66898277637857,0.524109020170768,0.144873756207802,0.650212765957447,50,47,12,22
Clustered,18,20290942,5,0.5,0.743265518961665,0.502567168538057,0.240698350423608,0.740425531914894,50,47,12,22
Clustered,18,20290942,10,0.5,0.857854950448554,0.503186529617258,0.354668420831297,0.886808510638298,50,47,12,22
Clustered,18,20290942,20,0.5,0.920622515465614,0.498588671572017,0.422033843893597,0.937446808510638,50,47,12,22
Clustered,18,20290942,1.1,0.7,0.672123874258372,0.525260221563276,0.146863652695096,0.653617021276596,50,47,16,22
Clustered,18,20290942,2,0.7,0.759387419866693,0.495104356345353,0.26428306352134,0.766382978723404,50,47,16,22
Clustered,18,20290942,3,0.7,0.837429214035108,0.49475996571046,0.342669248324647,0.865531914893617,50,47,16,22
Clustered,18,20290942,5,0.7,0.902818063093637,0.489792105017698,0.413025958075939,0.938297872340425,50,47,16,22
Clustered,18,20290942,10,0.7,0.942989373989608,0.476884169496422,0.466105204493187,0.964255319148936,50,47,16,22
Clustered,18,20290942,20,0.7,0.965012805487479,0.471231385813981,0.493781419673498,0.96936170212766,50,47,16,22
Clustered,19,20290943,1.1,0.1,0.624783421901917,0.704707392400115,-0.0799239704981979,0.472083333333333,48,50,3,6
Clustered,19,20290943,2,0.1,0.625012837884025,0.699650894524397,-0.074638056640372,0.475,48,50,3,6
Clustered,19,20290943,3,0.1,0.625304246921903,0.693446494008469,-0.0681422470865657,0.475416666666667,48,50,3,6
Clustered,19,20290943,5,0.1,0.62608254029748,0.682303311162339,-0.0562207708648591,0.481666666666667,48,50,3,6
Clustered,19,20290943,10,0.1,0.646579188612263,0.645445047115744,0.00113414149651936,0.527916666666667,48,50,3,6
Clustered,19,20290943,20,0.1,0.730819104577485,0.621346536807683,0.109472567769802,0.639583333333333,48,50,3,6
Clustered,19,20290943,1.1,0.3,0.625996716688933,0.67907288525013,-0.0530761685611975,0.480416666666667,48,50,8,6
Clustered,19,20290943,2,0.3,0.627927064451917,0.64468363856906,-0.0167565741171425,0.503333333333333,48,50,8,6
Clustered,19,20290943,3,0.3,0.636727615986616,0.605692250367521,0.0310353656190948,0.5475,48,50,8,6
Clustered,19,20290943,5,0.3,0.669282917386225,0.541585278543082,0.127697638843143,0.651666666666667,48,50,8,6
Clustered,19,20290943,10,0.3,0.793628729910891,0.529384690762749,0.264244039148141,0.81125,48,50,8,6
Clustered,19,20290943,20,0.3,0.893123119021304,0.538237878536998,0.354885240484306,0.931666666666667,48,50,8,6
Clustered,19,20290943,1.1,0.5,0.626986275507035,0.660858964341098,-0.0338726888340629,0.486666666666667,48,50,10,6
Clustered,19,20290943,2,0.5,0.635500791957005,0.609014526006785,0.02648626595022,0.539166666666667,48,50,10,6
Clustered,19,20290943,3,0.5,0.656992705010787,0.554832582287028,0.102160122723759,0.626666666666667,48,50,10,6
Clustered,19,20290943,5,0.5,0.712356332222887,0.498230079899473,0.214126252323415,0.743333333333333,48,50,10,6
Clustered,19,20290943,10,0.5,0.85077174498488,0.501406151474959,0.349365593509921,0.917916666666667,48,50,10,6
Clustered,19,20290943,20,0.5,0.924115988888644,0.498194533234052,0.425921455654592,0.985416666666667,48,50,10,6
Clustered,19,20290943,1.1,0.7,0.640278030095456,0.588757356055569,0.0515206740398877,0.560833333333333,48,50,14,6
Clustered,19,20290943,2,0.7,0.699333266555398,0.501971211525811,0.197362055029586,0.717916666666667,48,50,14,6
Clustered,19,20290943,3,0.7,0.787403533782625,0.490510313251943,0.296893220530683,0.84875,48,50,14,6
Clustered,19,20290943,5,0.7,0.887497212500938,0.493739023042549,0.393758189458389,0.97625,48,50,14,6
Clustered,19,20290943,10,0.7,0.94709835845656,0.478367013656764,0.468731344799796,1,48,50,14,6
Clustered,19,20290943,20,0.7,0.973390310106715,0.467695850983788,0.505694459122927,1,48,50,14,6
Clustered,20,20290944,1.1,0.1,0.619735351151417,0.720877680007301,-0.101142328855884,0.4825,48,50,2,3
Clustered,20,20290944,2,0.1,0.619845445474437,0.711546477663328,-0.0917010321888913,0.490833333333333,48,50,2,3
Clustered,20,20290944,3,0.1,0.619998579128211,0.714180930824882,-0.0941823516966708,0.487083333333333,48,50,2,3
Clustered,20,20290944,5,0.1,0.620394402311931,0.713938835355286,-0.0935444330433548,0.4875,48,50,2,3
Clustered,20,20290944,10,0.1,0.623065967005504,0.697335377740782,-0.0742694107352779,0.497916666666667,48,50,2,3
Clustered,20,20290944,20,0.1,0.66233283269521,0.684869579482267,-0.0225367467870567,0.527916666666667,48,50,2,3
Clustered,20,20290944,1.1,0.3,0.62051088631312,0.704657088461734,-0.0841462021486136,0.49,48,50,6,3
Clustered,20,20290944,2,0.3,0.621393823531197,0.672667763640648,-0.0512739401094504,0.509583333333333,48,50,6,3
Clustered,20,20290944,3,0.3,0.622347052769097,0.652152533847037,-0.0298054810779407,0.521666666666667,48,50,6,3
Clustered,20,20290944,5,0.3,0.632526414344951,0.612795956118635,0.0197304582263154,0.552916666666667,48,50,6,3
Clustered,20,20290944,10,0.3,0.701966362615124,0.578102083657923,0.123864278957201,0.655416666666667,48,50,6,3
Clustered,20,20290944,20,0.3,0.806776808059788,0.579281168241931,0.227495639817857,0.800833333333333,48,50,6,3
Clustered,20,20290944,1.1,0.5,0.622954540949324,0.665122933468459,-0.0421683925191348,0.514166666666667,48,50,11,3
Clustered,20,20290944,2,0.5,0.627735275151477,0.611414820028609,0.0163204551228686,0.544583333333333,48,50,11,3
Clustered,20,20290944,3,0.5,0.65617806052439,0.577871193755358,0.0783068667690313,0.59625,48,50,11,3
Clustered,20,20290944,5,0.5,0.730741038844488,0.562780414133567,0.167960624710921,0.708333333333333,48,50,11,3
Clustered,20,20290944,10,0.5,0.856743672482366,0.539023667219151,0.317720005263215,0.882916666666667,48,50,11,3
Clustered,20,20290944,20,0.5,0.929409222001097,0.532390335594335,0.397018886406762,0.9475,48,50,11,3
Clustered,20,20290944,1.1,0.7,0.628470802021036,0.60697241728867,0.0214983847323666,0.548333333333333,48,50,14,3
Clustered,20,20290944,2,0.7,0.68172205778624,0.556821607912155,0.124900449874086,0.6425,48,50,14,3
Clustered,20,20290944,3,0.7,0.759878846880608,0.55370839254535,0.206170454335259,0.75125,48,50,14,3
Clustered,20,20290944,5,0.7,0.837473951246243,0.52631922573831,0.311154725507933,0.874583333333333,48,50,14,3
Clustered,20,20290944,10,0.7,0.932608553376839,0.514428411964756,0.418180141412083,0.953333333333333,48,50,14,3
Clustered,20,20290944,20,0.7,0.966565321535734,0.51071303589862,0.455852285637114,0.974583333333333,48,50,14,3
Disconnected,1,20300925,1.1,0.1,0.691509779954872,0.725735119462731,-0.0342253395078599,0.551304347826087,50,46,2,12
Disconnected,1,20300925,2,0.1,0.691607407732868,0.717158809779574,-0.0255514020467064,0.562608695652174,50,46,2,12
Disconnected,1,20300925,3,0.1,0.691750108600735,0.713883230519927,-0.0221331219191913,0.575652173913043,50,46,2,12
Disconnected,1,20300925,5,0.1,0.692137448870436,0.709709272129987,-0.0175718232595511,0.597826086956522,50,46,2,12
Disconnected,1,20300925,10,0.1,0.696891743509349,0.683817378616311,0.0130743648930387,0.616521739130435,50,46,2,12
Disconnected,1,20300925,20,0.1,0.729441223527915,0.664161100301161,0.0652801232267548,0.63,50,46,2,12
Disconnected,1,20300925,1.1,0.3,0.691976171311935,0.711934580233775,-0.0199584089218401,0.568695652173913,50,46,5,12
Disconnected,1,20300925,2,0.3,0.692448850473593,0.691891070214438,0.000557780259155649,0.592173913043478,50,46,5,12
Disconnected,1,20300925,3,0.3,0.692956526776763,0.679828046409311,0.013128480367452,0.613913043478261,50,46,5,12
Disconnected,1,20300925,5,0.3,0.694337108046698,0.647719132974568,0.0466179750721301,0.638260869565217,50,46,5,12
Disconnected,1,20300925,10,0.3,0.733574847840336,0.590803300197466,0.14277154764287,0.688260869565217,50,46,5,12
Disconnected,1,20300925,20,0.3,0.822241722634877,0.583575842734559,0.238665879900318,0.77304347826087,50,46,5,12
Disconnected,1,20300925,1.1,0.5,0.693757466268035,0.670328150109117,0.0234293161589185,0.615652173913043,50,46,10,12
Disconnected,1,20300925,2,0.5,0.696578722084784,0.621503558214409,0.0750751638703746,0.650869565217391,50,46,10,12
Disconnected,1,20300925,3,0.5,0.7035462539632,0.573115916876913,0.130430337086286,0.68,50,46,10,12
Disconnected,1,20300925,5,0.5,0.745611923013696,0.51370697487235,0.231904948141346,0.735217391304348,50,46,10,12
Disconnected,1,20300925,10,0.5,0.869254180949301,0.489818049852739,0.379436131096562,0.895652173913044,50,46,10,12
Disconnected,1,20300925,20,0.5,0.923419179268365,0.476591536556341,0.446827642712024,0.932608695652174,50,46,10,12
Disconnected,1,20300925,1.1,0.7,0.696683707448448,0.609185725747949,0.0874979817004986,0.663478260869565,50,46,13,12
Disconnected,1,20300925,2,0.7,0.710530507416888,0.51664739090339,0.193883116513498,0.707826086956522,50,46,13,12
Disconnected,1,20300925,3,0.7,0.752129818428364,0.463542133361852,0.288587685066513,0.785217391304348,50,46,13,12
Disconnected,1,20300925,5,0.7,0.8479993845014,0.469573837204259,0.378425547297141,0.890434782608696,50,46,13,12
Disconnected,1,20300925,10,0.7,0.922630185017109,0.45842292984797,0.46420725516914,0.967826086956522,50,46,13,12
Disconnected,1,20300925,20,0.7,0.95087669748432,0.445316072736656,0.505560624747664,0.978695652173913,50,46,13,12
Disconnected,2,20300926,1.1,0.1,0.610863787474979,0.748485820003601,-0.137622032528623,0.38375,48,50,2,29
Disconnected,2,20300926,2,0.1,0.610996529996023,0.740200826499296,-0.129204296503273,0.394583333333333,48,50,2,29
Disconnected,2,20300926,3,0.1,0.611188413489961,0.729941809273806,-0.118753395783845,0.409583333333333,48,50,2,29
Disconnected,2,20300926,5,0.1,0.611705537385193,0.717924400046338,-0.106218862661145,0.425833333333333,48,50,2,29
Disconnected,2,20300926,10,0.1,0.614915917609209,0.681949894428434,-0.067033976819225,0.45625,48,50,2,29
Disconnected,2,20300926,20,0.1,0.662699931386216,0.652903416756155,0.00979651463006148,0.500833333333333,48,50,2,29
Disconnected,2,20300926,1.1,0.3,0.611656579492996,0.735062533425395,-0.1234059539324,0.3975,48,50,6,26
Disconnected,2,20300926,2,0.3,0.612320592093018,0.711604672957437,-0.0992840808644189,0.430416666666667,48,50,6,26
Disconnected,2,20300926,3,0.3,0.613312911891636,0.679388755515491,-0.0660758436238549,0.455,48,50,6,26
Disconnected,2,20300926,5,0.3,0.620074433257003,0.625398663825302,-0.00532423056829945,0.521666666666667,48,50,6,26
Disconnected,2,20300926,10,0.3,0.695425173465759,0.579714704056195,0.115710469409564,0.627916666666667,48,50,6,26
Disconnected,2,20300926,20,0.3,0.804935522070656,0.575654622050396,0.22928090002026,0.736666666666667,48,50,6,26
Disconnected,2,20300926,1.1,0.5,0.613384705421487,0.699388458049938,-0.0860037526284511,0.445416666666667,48,50,10,26
Disconnected,2,20300926,2,0.5,0.61557571786571,0.641780443987746,-0.0262047261220361,0.504166666666667,48,50,10,26
Disconnected,2,20300926,3,0.5,0.625044774566741,0.588540557796765,0.0365042167699768,0.564583333333333,48,50,10,26
Disconnected,2,20300926,5,0.5,0.68083929895829,0.542453858374059,0.138385440584231,0.658333333333333,48,50,10,26
Disconnected,2,20300926,10,0.5,0.818364687152328,0.548455581157042,0.269909105995286,0.79375,48,50,10,26
Disconnected,2,20300926,20,0.5,0.894272911805262,0.549718302072404,0.344554609732859,0.86375,48,50,10,26
Disconnected,2,20300926,1.1,0.7,0.623721109829217,0.565168817752551,0.0585522920766663,0.590416666666667,48,50,15,29
Disconnected,2,20300926,2,0.7,0.691428987279089,0.495426331944064,0.196002655335025,0.716666666666667,48,50,15,29
Disconnected,2,20300926,3,0.7,0.78855960606656,0.48823434867864,0.300325257387921,0.8275,48,50,15,29
Disconnected,2,20300926,5,0.7,0.891276918742079,0.48647009281622,0.404806825925859,0.917083333333333,48,50,15,29
Disconnected,2,20300926,10,0.7,0.931681752524006,0.467421556515019,0.464260196008987,0.969166666666667,48,50,15,29
Disconnected,2,20300926,20,0.7,0.952307414983431,0.460052558218501,0.49225485676493,0.980833333333333,48,50,15,29
Disconnected,3,20300927,1.1,0.1,0.58687062746851,0.734511660290075,-0.147641032821565,0.412916666666667,48,50,1,17
Disconnected,3,20300927,2,0.1,0.586909473750496,0.733356054573605,-0.146446580823108,0.414583333333333,48,50,1,17
Disconnected,3,20300927,3,0.1,0.586964907042694,0.731602566973131,-0.144637659930437,0.418333333333333,48,50,1,17
Disconnected,3,20300927,5,0.1,0.587113378439146,0.727430181201774,-0.140316802762629,0.4225,48,50,1,17
Disconnected,3,20300927,10,0.1,0.587685813626374,0.715634265263599,-0.127948451637225,0.43125,48,50,1,17
Disconnected,3,20300927,20,0.1,0.600417017459495,0.701869008552914,-0.10145199109342,0.439166666666667,48,50,1,17
Disconnected,3,20300927,1.1,0.3,0.587829876094061,0.717497586211629,-0.129667710117569,0.430416666666667,48,50,6,17
Disconnected,3,20300927,2,0.3,0.588665131182454,0.700329267786933,-0.111664136604479,0.457083333333333,48,50,6,17
Disconnected,3,20300927,3,0.3,0.589630633205206,0.680213498776435,-0.0905828655712293,0.47875,48,50,6,17
Disconnected,3,20300927,5,0.3,0.593721843376557,0.622613831964045,-0.0288919885874876,0.511666666666667,48,50,6,17
Disconnected,3,20300927,10,0.3,0.640607167794193,0.551160178115832,0.0894469896783606,0.59375,48,50,6,17
Disconnected,3,20300927,20,0.3,0.759045455308744,0.536952740715654,0.22209271459309,0.7725,48,50,6,17
Disconnected,3,20300927,1.1,0.5,0.58959734938627,0.689810653905386,-0.100213304519116,0.46125,48,50,10,17
Disconnected,3,20300927,2,0.5,0.592077404419694,0.644771406708179,-0.0526940022884853,0.504583333333333,48,50,10,17
Disconnected,3,20300927,3,0.5,0.59494209373165,0.589965688515361,0.00497640521628862,0.535,48,50,10,17
Disconnected,3,20300927,5,0.5,0.646702830458545,0.537034575415482,0.109668255043063,0.609166666666667,48,50,10,17
Disconnected,3,20300927,10,0.5,0.782524774086104,0.515553945452467,0.266970828633637,0.82875,48,50,10,17
Disconnected,3,20300927,20,0.5,0.865574593430983,0.511570561532975,0.354004031898007,0.932916666666667,48,50,10,17
Disconnected,3,20300927,1.1,0.7,0.593060441931785,0.643221894372941,-0.0501614524411567,0.503333333333333,48,50,13,17
Disconnected,3,20300927,2,0.7,0.60589823866581,0.556847669645101,0.0490505690207095,0.559166666666667,48,50,13,17
Disconnected,3,20300927,3,0.7,0.674040216778036,0.518658413500908,0.155381803277128,0.66625,48,50,13,17
Disconnected,3,20300927,5,0.7,0.771629230964522,0.48908919900605,0.282540031958471,0.835,48,50,13,17
Disconnected,3,20300927,10,0.7,0.86518092056994,0.474047181632913,0.391133738937026,0.93,48,50,13,17
Disconnected,3,20300927,20,0.7,0.917606737329608,0.46730994308764,0.450296794241967,0.96375,48,50,13,17
Disconnected,4,20300928,1.1,0.1,0.647183804573581,0.692325453638266,-0.0451416490646847,0.490416666666667,48,50,1,3
Disconnected,4,20300928,2,0.1,0.64722177326654,0.695597424259624,-0.0483756509930845,0.49,48,50,1,3
Disconnected,4,20300928,3,0.1,0.647273620416859,0.697781538068629,-0.0505079176517702,0.48625,48,50,1,3
Disconnected,4,20300928,5,0.1,0.64740667640496,0.702444404659786,-0.0550377282548258,0.479583333333333,48,50,1,3
Disconnected,4,20300928,10,0.1,0.647893438115144,0.712000202635408,-0.0641067645202636,0.47125,48,50,1,3
Disconnected,4,20300928,20,0.1,0.656266710673174,0.713841091913337,-0.0575743812401635,0.475833333333333,48,50,1,3
Disconnected,4,20300928,1.1,0.3,0.647677254763963,0.680947960169888,-0.0332707054059254,0.49875,48,50,5,3
Disconnected,4,20300928,2,0.3,0.648139143997628,0.681656086347269,-0.0335169423496413,0.505,48,50,5,3
Disconnected,4,20300928,3,0.3,0.648638277941729,0.681269814483297,-0.0326315365415678,0.50625,48,50,5,3
Disconnected,4,20300928,5,0.3,0.65020543692952,0.663647782519313,-0.0134423455897927,0.529166666666667,48,50,5,3
Disconnected,4,20300928,10,0.3,0.67814945502009,0.611989482179921,0.0661599728401688,0.601666666666667,48,50,5,3
Disconnected,4,20300928,20,0.3,0.769981196882822,0.590961776765646,0.179019420117176,0.710416666666667,48,50,5,3
Disconnected,4,20300928,1.1,0.5,0.648718402089956,0.659407374137107,-0.0106889720471514,0.524166666666667,48,50,9,3
Disconnected,4,20300928,2,0.5,0.650477056111299,0.635844967431984,0.0146320886793145,0.5525,48,50,9,3
Disconnected,4,20300928,3,0.5,0.652323394816407,0.598346139930493,0.0539772548859144,0.590416666666667,48,50,9,3
Disconnected,4,20300928,5,0.5,0.684033664872678,0.545425396181361,0.138608268691317,0.672916666666667,48,50,9,3
Disconnected,4,20300928,10,0.5,0.807935642849097,0.528118201990494,0.279817440858603,0.83125,48,50,9,3
Disconnected,4,20300928,20,0.5,0.900639219753759,0.531488697286058,0.369150522467701,0.91,48,50,9,3
Disconnected,4,20300928,1.1,0.7,0.651726790583203,0.611418138466199,0.0403086521170043,0.572083333333333,48,50,13,3
Disconnected,4,20300928,2,0.7,0.670179134235986,0.554466943783037,0.115712190452949,0.645416666666667,48,50,13,3
Disconnected,4,20300928,3,0.7,0.73195476500841,0.528707591040331,0.20324717396808,0.75625,48,50,13,3
Disconnected,4,20300928,5,0.7,0.847350374541768,0.520483040263028,0.32686733427874,0.89375,48,50,13,3
Disconnected,4,20300928,10,0.7,0.936991983459457,0.510754158286298,0.426237825173159,0.972916666666667,48,50,13,3
Disconnected,4,20300928,20,0.7,0.968025598357109,0.504099288894904,0.463926309462205,0.99,48,50,13,3
Disconnected,5,20300929,1.1,0.1,0.614104984430408,0.72326365076413,-0.109158666333721,0.392083333333333,50,48,2,11
Disconnected,5,20300929,2,0.1,0.614236565466137,0.720437263826552,-0.106200698360415,0.3925,50,48,2,11
Disconnected,5,20300929,3,0.1,0.614423994056792,0.716889098246429,-0.102465104189637,0.397916666666667,50,48,2,11
Disconnected,5,20300929,5,0.1,0.614919444761343,0.707825673894154,-0.0929062291328115,0.417083333333333,50,48,2,11
Disconnected,5,20300929,10,0.1,0.616738116045554,0.671393686342751,-0.0546555702971969,0.450833333333333,50,48,2,11
Disconnected,5,20300929,20,0.1,0.651712461652813,0.632579634609843,0.0191328270429704,0.509166666666667,50,48,2,11
Disconnected,5,20300929,1.1,0.3,0.614377723434953,0.716256052640369,-0.101878329205415,0.397083333333333,50,48,4,11
Disconnected,5,20300929,2,0.3,0.614651757366401,0.702733178297054,-0.0880814209306532,0.41875,50,48,4,11
Disconnected,5,20300929,3,0.3,0.615050507554536,0.695501528714324,-0.0804510211597873,0.432916666666667,50,48,4,11
Disconnected,5,20300929,5,0.3,0.61611917101718,0.674941473048253,-0.0588223020310727,0.461666666666667,50,48,4,11
Disconnected,5,20300929,10,0.3,0.632989198992121,0.621123793897943,0.0118654050941783,0.533333333333333,50,48,4,11
Disconnected,5,20300929,20,0.3,0.718060877955511,0.588037976976905,0.130022900978606,0.650416666666667,50,48,4,11
Disconnected,5,20300929,1.1,0.5,0.615729656415884,0.687079463886991,-0.071349807471107,0.435833333333333,50,48,9,11
Disconnected,5,20300929,2,0.5,0.61726588625362,0.64889092591213,-0.0316250396585099,0.487916666666667,50,48,9,11
Disconnected,5,20300929,3,0.5,0.619892772233043,0.605877505066039,0.0140152671670042,0.545,50,48,9,11
Disconnected,5,20300929,5,0.5,0.639916365795384,0.541589673554714,0.0983266922406696,0.622083333333333,50,48,9,11
Disconnected,5,20300929,10,0.5,0.749220344760966,0.520627120738209,0.228593224022756,0.783333333333333,50,48,9,11
Disconnected,5,20300929,20,0.5,0.853458153519712,0.522074811074213,0.331383342445499,0.91,50,48,9,11
Disconnected,5,20300929,1.1,0.7,0.621240495631448,0.60101985003167,0.0202206455997774,0.5425,50,48,14,11
Disconnected,5,20300929,2,0.7,0.647567106681771,0.513603970124197,0.133963136557574,0.657083333333333,50,48,14,11
Disconnected,5,20300929,3,0.7,0.715763644134967,0.49745879501552,0.218304849119446,0.7675,50,48,14,11
Disconnected,5,20300929,5,0.7,0.817448611557462,0.494492361279064,0.322956250278397,0.8925,50,48,14,11
Disconnected,5,20300929,10,0.7,0.896295727087587,0.489566388399014,0.406729338688573,0.959166666666667,50,48,14,11
Disconnected,5,20300929,20,0.7,0.93351202067699,0.486012544239995,0.447499476436995,0.966666666666667,50,48,14,11
Disconnected,6,20300930,1.1,0.1,0.587409198078469,0.715049405890124,-0.127640207811655,0.404897959183673,49,50,3,7
Disconnected,6,20300930,2,0.1,0.587862902051273,0.709244661326307,-0.121381759275034,0.413061224489796,49,50,3,7
Disconnected,6,20300930,3,0.1,0.588241696442557,0.704621534450408,-0.116379838007851,0.415102040816327,49,50,3,7
Disconnected,6,20300930,5,0.1,0.589233378780309,0.688351618352203,-0.0991182395718937,0.433469387755102,49,50,3,7
Disconnected,6,20300930,10,0.1,0.599863746180134,0.64586768072695,-0.0460039345468153,0.491020408163265,49,50,3,7
Disconnected,6,20300930,20,0.1,0.675478658657561,0.601848764690629,0.073629893966932,0.6,49,50,3,7
Disconnected,6,20300930,1.1,0.3,0.58799213759778,0.702339812605967,-0.114347675008188,0.418367346938776,49,50,6,7
Disconnected,6,20300930,2,0.3,0.589074652422725,0.687497794370546,-0.0984231419478203,0.431020408163265,49,50,6,7
Disconnected,6,20300930,3,0.3,0.590240729353314,0.670749841691678,-0.0805091123383646,0.460816326530612,49,50,6,7
Disconnected,6,20300930,5,0.3,0.600398067396565,0.631411358652258,-0.0310132912556929,0.501224489795918,49,50,6,7
Disconnected,6,20300930,10,0.3,0.676526017972894,0.578060682535871,0.0984653354370235,0.639183673469388,49,50,6,7
Disconnected,6,20300930,20,0.3,0.79151241609362,0.549570770510178,0.241941645583443,0.791428571428571,49,50,6,7
Disconnected,6,20300930,1.1,0.5,0.589572381454654,0.670972754025817,-0.0814003725711633,0.455102040816327,49,50,10,7
Disconnected,6,20300930,2,0.5,0.592415638300725,0.635908683376854,-0.0434930450761296,0.487755102040816,49,50,10,7
Disconnected,6,20300930,3,0.5,0.600972887084604,0.597619953083265,0.00335293400133896,0.535102040816327,49,50,10,7
Disconnected,6,20300930,5,0.5,0.650746166028836,0.555692898959956,0.0950532670688803,0.628979591836735,49,50,10,7
Disconnected,6,20300930,10,0.5,0.788669246475162,0.513353066129145,0.275316180346017,0.815918367346939,49,50,10,7
Disconnected,6,20300930,20,0.5,0.870314407540986,0.501496121387331,0.368818286153654,0.906938775510204,49,50,10,7
Disconnected,6,20300930,1.1,0.7,0.591276208127846,0.642063426679869,-0.050787218552023,0.484897959183673,49,50,12,7
Disconnected,6,20300930,2,0.7,0.600435831770297,0.584225025849072,0.0162108059212249,0.542040816326531,49,50,12,7
Disconnected,6,20300930,3,0.7,0.63755233694681,0.557376306741066,0.0801760302057435,0.602857142857143,49,50,12,7
Disconnected,6,20300930,5,0.7,0.732387874016377,0.538931365093245,0.193456508923132,0.743265306122449,49,50,12,7
Disconnected,6,20300930,10,0.7,0.860235610080846,0.504765597947119,0.355470012133727,0.892244897959184,49,50,12,7
Disconnected,6,20300930,20,0.7,0.916024190781582,0.491317487905618,0.424706702875964,0.937959183673469,49,50,12,7
Disconnected,7,20300931,1.1,0.1,0.803698341791727,0.637334814635433,0.166363527156294,0.727826086956522,50,46,2,14
Disconnected,7,20300931,2,0.1,0.803812564323524,0.640728960703604,0.163083603619921,0.723913043478261,50,46,2,14
Disconnected,7,20300931,3,0.1,0.803893750826274,0.640644772743859,0.163248978082415,0.721739130434783,50,46,2,14
Disconnected,7,20300931,5,0.1,0.804111738274725,0.638190328209875,0.165921410064851,0.729130434782609,50,46,2,14
Disconnected,7,20300931,10,0.1,0.804942042321405,0.61155262208725,0.193389420234155,0.745217391304348,50,46,2,14
Disconnected,7,20300931,20,0.1,0.822805670242361,0.577022285269029,0.245783384973332,0.784347826086957,50,46,2,14
Disconnected,7,20300931,1.1,0.3,0.804752638059193,0.606478979783153,0.19827365827604,0.749565217391304,50,46,9,14
Disconnected,7,20300931,2,0.3,0.807577361803281,0.578589083687429,0.228988278115852,0.769565217391304,50,46,9,14
Disconnected,7,20300931,3,0.3,0.815445824382814,0.553413837066137,0.262031987316677,0.799565217391304,50,46,9,14
Disconnected,7,20300931,5,0.3,0.838337737280728,0.522369838753522,0.315967898527206,0.845217391304348,50,46,9,14
Disconnected,7,20300931,10,0.3,0.901966616285488,0.513570155968045,0.388396460317443,0.936086956521739,50,46,9,14
Disconnected,7,20300931,20,0.3,0.945481216048809,0.512975762970664,0.432505453078146,0.982608695652174,50,46,9,14
Disconnected,7,20300931,1.1,0.5,0.806092401118909,0.574928106965994,0.231164294152915,0.772608695652174,50,46,12,14
Disconnected,7,20300931,2,0.5,0.816467626218863,0.52462168719653,0.291845939022332,0.822173913043478,50,46,12,14
Disconnected,7,20300931,3,0.5,0.83601713366341,0.497948257347687,0.338068876315723,0.869565217391304,50,46,12,14
Disconnected,7,20300931,5,0.5,0.893853201858608,0.487508451844544,0.406344750014064,0.927826086956522,50,46,12,14
Disconnected,7,20300931,10,0.5,0.950739793185397,0.477741916458594,0.472997876726803,0.977826086956522,50,46,12,14
Disconnected,7,20300931,20,0.5,0.970674014457216,0.459709922592162,0.510964091865053,1,50,46,12,14
Disconnected,7,20300931,1.1,0.7,0.817662442432457,0.521806642226489,0.295855800205967,0.830869565217391,50,46,15,14
Disconnected,7,20300931,2,0.7,0.85535750377406,0.474989787982075,0.380367715791986,0.896521739130435,50,46,15,14
Disconnected,7,20300931,3,0.7,0.909929885284038,0.469440011544571,0.440489873739467,0.949565217391304,50,46,15,14
Disconnected,7,20300931,5,0.7,0.967812726280483,0.46856354779356,0.499249178486922,0.982173913043478,50,46,15,14
Disconnected,7,20300931,10,0.7,0.97899719928673,0.441719243455319,0.537277955831411,0.997391304347826,50,46,15,14
Disconnected,7,20300931,20,0.7,0.98483496273364,0.429162881364467,0.555672081369173,1,50,46,15,14
Disconnected,8,20300932,1.1,0.1,0.677004685892127,0.640672418680534,0.0363322672115935,0.587673611111111,48,48,1,5
Disconnected,8,20300932,2,0.1,0.677024616510863,0.63909213503296,0.0379324814779022,0.589409722222222,48,48,1,5
Disconnected,8,20300932,3,0.1,0.677053528469308,0.643135023841929,0.033918504627379,0.584201388888889,48,48,1,5
Disconnected,8,20300932,5,0.1,0.67713212830391,0.656079208392167,0.0210529199117425,0.565104166666667,48,48,1,5
Disconnected,8,20300932,10,0.1,0.677440667734179,0.6629848683267,0.0144557994074788,0.564236111111111,48,48,1,5
Disconnected,8,20300932,20,0.1,0.686441884887287,0.660175646136307,0.0262662387509802,0.574652777777778,48,48,1,5
Disconnected,8,20300932,1.1,0.3,0.677585665906616,0.625487188891218,0.0520984770153983,0.605902777777778,48,48,6,5
Disconnected,8,20300932,2,0.3,0.678204765439793,0.614508032562039,0.063696732877754,0.610677083333333,48,48,6,5
Disconnected,8,20300932,3,0.3,0.678747424191684,0.602985098992184,0.0757623251994995,0.6328125,48,48,6,5
Disconnected,8,20300932,5,0.3,0.682964775640494,0.581258839744078,0.101705935896416,0.657118055555556,48,48,6,5
Disconnected,8,20300932,10,0.3,0.727266591393323,0.530661008254451,0.196605583138872,0.748263888888889,48,48,6,5
Disconnected,8,20300932,20,0.3,0.815376409452607,0.520089170403836,0.295287239048771,0.83984375,48,48,6,5
Disconnected,8,20300932,1.1,0.5,0.679104219026482,0.591479550784299,0.0876246682421828,0.631076388888889,48,48,11,5
Disconnected,8,20300932,2,0.5,0.681191701387156,0.549126063741907,0.132065637645249,0.677083333333333,48,48,11,5
Disconnected,8,20300932,3,0.5,0.695075220963627,0.512893399602891,0.182181821360736,0.7265625,48,48,11,5
Disconnected,8,20300932,5,0.5,0.752551642321295,0.487079846724276,0.265471795597019,0.811197916666667,48,48,11,5
Disconnected,8,20300932,10,0.5,0.860219593150522,0.468622259848555,0.391597333301966,0.928819444444444,48,48,11,5
Disconnected,8,20300932,20,0.5,0.927958074375803,0.465768021113112,0.462190053262691,0.973524305555556,48,48,11,5
Disconnected,8,20300932,1.1,0.7,0.682123291667361,0.539981526119674,0.142141765547687,0.692274305555556,48,48,14,5
Disconnected,8,20300932,2,0.7,0.726162837969815,0.496824232703785,0.229338605266029,0.769965277777778,48,48,14,5
Disconnected,8,20300932,3,0.7,0.805132934586443,0.4713452780289,0.333787656557543,0.864583333333333,48,48,14,5
Disconnected,8,20300932,5,0.7,0.875592417805644,0.460750335885918,0.414842081919726,0.924913194444444,48,48,14,5
Disconnected,8,20300932,10,0.7,0.935309208049547,0.455150498753822,0.480158709295725,0.967881944444444,48,48,14,5
Disconnected,8,20300932,20,0.7,0.966833814930191,0.451525568807052,0.515308246123139,0.986111111111111,48,48,14,5
Disconnected,9,20300933,1.1,0.1,0.621898542311641,0.72362258447331,-0.101724042161669,0.445833333333333,48,50,2,1
Disconnected,9,20300933,2,0.1,0.621975498796284,0.715241718439293,-0.0932662196430082,0.4575,48,50,2,1
Disconnected,9,20300933,3,0.1,0.622083789717376,0.709998230342598,-0.0879144406252215,0.459166666666667,48,50,2,1
Disconnected,9,20300933,5,0.1,0.622369865951877,0.704024584946542,-0.081654718994665,0.462083333333333,48,50,2,1
Disconnected,9,20300933,10,0.1,0.623452453399294,0.677587359098538,-0.0541349056992437,0.48875,48,50,2,1
Disconnected,9,20300933,20,0.1,0.64830864758862,0.650257199293018,-0.00194855170439745,0.535833333333333,48,50,2,1
Disconnected,9,20300933,1.1,0.3,0.62314525915637,0.699400871845071,-0.0762556126887005,0.467083333333333,48,50,7,1
Disconnected,9,20300933,2,0.3,0.623999846203703,0.663271789446632,-0.0392719432429292,0.500833333333333,48,50,7,1
Disconnected,9,20300933,3,0.3,0.625208398940913,0.6273089358087,-0.002100536867787,0.534583333333333,48,50,7,1
Disconnected,9,20300933,5,0.3,0.634970293219582,0.566191319006228,0.0687789742133538,0.596666666666667,48,50,7,1
Disconnected,9,20300933,10,0.3,0.691897679815972,0.50596736336616,0.185930316449811,0.720416666666667,48,50,7,1
Disconnected,9,20300933,20,0.3,0.801523921469955,0.503161654125962,0.298362267343993,0.83875,48,50,7,1
Disconnected,9,20300933,1.1,0.5,0.628791285684705,0.616727766821431,0.0120635188632737,0.542083333333333,48,50,13,1
Disconnected,9,20300933,2,0.5,0.647390016500346,0.520319560805987,0.12707045569436,0.64125,48,50,13,1
Disconnected,9,20300933,3,0.5,0.691490080865851,0.465128872977315,0.226361207888535,0.743333333333333,48,50,13,1
Disconnected,9,20300933,5,0.5,0.804243178657786,0.451994556759152,0.352248621898634,0.88625,48,50,13,1
Disconnected,9,20300933,10,0.5,0.904809243545013,0.434429476839218,0.470379766705796,0.969166666666667,48,50,13,1
Disconnected,9,20300933,20,0.5,0.951573669103759,0.421909314971601,0.529664354132158,0.99125,48,50,13,1
Disconnected,9,20300933,1.1,0.7,0.631991518935846,0.585891272127453,0.0461002468083926,0.57375,48,50,14,1
Disconnected,9,20300933,2,0.7,0.670161452914668,0.491237884547421,0.178923568367248,0.69375,48,50,14,1
Disconnected,9,20300933,3,0.7,0.73534443085472,0.457077541610286,0.278266889244434,0.8,48,50,14,1
Disconnected,9,20300933,5,0.7,0.851178629901685,0.453577901932327,0.397600727969358,0.9225,48,50,14,1
Disconnected,9,20300933,10,0.7,0.926810692452437,0.435780539556954,0.491030152895483,0.978333333333333,48,50,14,1
Disconnected,9,20300933,20,0.7,0.963004832373979,0.425408211486464,0.537596620887516,0.994166666666667,48,50,14,1
Disconnected,10,20300934,1.1,0.1,0.642681019531898,0.640109916396634,0.00257110313526432,0.566751700680272,48,49,3,7
Disconnected,10,20300934,2,0.1,0.642965708111844,0.622935101843345,0.0200306062684993,0.576955782312925,48,49,3,7
Disconnected,10,20300934,3,0.1,0.643381108795336,0.625144728392813,0.0182363804025225,0.572278911564626,48,49,3,7
Disconnected,10,20300934,5,0.1,0.644495647656187,0.618296321416683,0.0261993262395039,0.582057823129252,48,49,3,7
Disconnected,10,20300934,10,0.1,0.663503844242752,0.592712328977672,0.0707915152650794,0.610969387755102,48,49,3,7
Disconnected,10,20300934,20,0.1,0.743078904323735,0.590456077708669,0.152622826615066,0.676020408163265,48,49,3,7
Disconnected,10,20300934,1.1,0.3,0.643036665570409,0.632355869218175,0.0106807963522341,0.568027210884354,48,49,5,7
Disconnected,10,20300934,2,0.3,0.643602546842052,0.614217747320086,0.0293847995219659,0.586309523809524,48,49,5,7
Disconnected,10,20300934,3,0.3,0.644440595100956,0.605005499440646,0.0394350956603101,0.591836734693878,48,49,5,7
Disconnected,10,20300934,5,0.3,0.646680312483804,0.571751740369811,0.0749285721139924,0.612244897959184,48,49,5,7
Disconnected,10,20300934,10,0.3,0.708109182638086,0.538307560267975,0.169801622370111,0.673894557823129,48,49,5,7
Disconnected,10,20300934,20,0.3,0.812120561622008,0.538960827292097,0.27315973432991,0.810374149659864,48,49,5,7
Disconnected,10,20300934,1.1,0.5,0.644351768636693,0.605875311227038,0.0384764574096546,0.589710884353742,48,49,9,7
Disconnected,10,20300934,2,0.5,0.646303457509465,0.560681225004702,0.0856222325047626,0.615221088435374,48,49,9,7
Disconnected,10,20300934,3,0.5,0.649951212398797,0.523315570925984,0.126635641472813,0.633928571428571,48,49,9,7
Disconnected,10,20300934,5,0.5,0.694571042740719,0.487438059279626,0.207132983461093,0.68452380952381,48,49,9,7
Disconnected,10,20300934,10,0.5,0.803071519040021,0.477254409494834,0.325817109545187,0.851190476190476,48,49,9,7
Disconnected,10,20300934,20,0.5,0.887082412537589,0.478983720568239,0.40809869196935,0.93452380952381,48,49,9,7
Disconnected,10,20300934,1.1,0.7,0.648243323707525,0.547678383217031,0.100564940490493,0.620748299319728,48,49,13,7
Disconnected,10,20300934,2,0.7,0.676031891458833,0.481013034638174,0.195018856820659,0.683248299319728,48,49,13,7
Disconnected,10,20300934,3,0.7,0.741439560647737,0.456973793408473,0.284465767239263,0.769132653061224,48,49,13,7
Disconnected,10,20300934,5,0.7,0.840314238744962,0.460020650703356,0.380293588041606,0.896258503401361,48,49,13,7
Disconnected,10,20300934,10,0.7,0.914849425310964,0.460187677768498,0.454661747542466,0.954081632653061,48,49,13,7
Disconnected,10,20300934,20,0.7,0.948119973622352,0.45874942484355,0.489370548778802,0.970663265306122,48,49,13,7
Disconnected,11,20300935,1.1,0.1,0.648979445447036,0.684589011700888,-0.0356095662538514,0.550088652482269,48,47,4,9
Disconnected,11,20300935,2,0.1,0.649247093097269,0.680449918661371,-0.0312028255641015,0.547872340425532,48,47,4,9
Disconnected,11,20300935,3,0.1,0.649630868477688,0.67139561514738,-0.0217647466696923,0.549645390070922,48,47,4,9
Disconnected,11,20300935,5,0.1,0.650612427555733,0.647523870559566,0.00308855699616672,0.565159574468085,48,47,4,9
Disconnected,11,20300935,10,0.1,0.666657173843283,0.590470681890038,0.0761864919532451,0.62145390070922,48,47,4,9
Disconnected,11,20300935,20,0.1,0.743380673153614,0.557519846539582,0.185860826614032,0.700354609929078,48,47,4,9
Disconnected,11,20300935,1.1,0.3,0.649579404361118,0.669374912858941,-0.0197955084978221,0.55540780141844,48,47,7,9
Disconnected,11,20300935,2,0.3,0.650206719155337,0.646785996222289,0.00342072293304829,0.566489361702128,48,47,7,9
Disconnected,11,20300935,3,0.3,0.651113048811522,0.629270360302328,0.021842688509194,0.571808510638298,48,47,7,9
Disconnected,11,20300935,5,0.3,0.657710716069185,0.584745327538489,0.0729653885306953,0.624113475177305,48,47,7,9
Disconnected,11,20300935,10,0.3,0.71546931986836,0.534433257272363,0.181036062595997,0.707003546099291,48,47,7,9
Disconnected,11,20300935,20,0.3,0.816686933837985,0.531364081497502,0.285322852340482,0.812056737588652,48,47,7,9
Disconnected,11,20300935,1.1,0.5,0.653691820046664,0.594835189667524,0.0588566303791396,0.599734042553192,48,47,13,9
Disconnected,11,20300935,2,0.5,0.675334465348892,0.515861228504539,0.159473236844353,0.683067375886525,48,47,13,9
Disconnected,11,20300935,3,0.5,0.735725183875075,0.477086091275376,0.258639092599699,0.765514184397163,48,47,13,9
Disconnected,11,20300935,5,0.5,0.827239942500664,0.447296907245673,0.37994303525499,0.906471631205674,48,47,13,9
Disconnected,11,20300935,10,0.5,0.920709637978154,0.425897992837674,0.494811645140481,0.960992907801418,48,47,13,9
Disconnected,11,20300935,20,0.5,0.957607754150044,0.417957867178969,0.539649886971075,0.984042553191489,48,47,13,9
Disconnected,11,20300935,1.1,0.7,0.818511528467779,0.444163871312566,0.374347657155213,0.877216312056738,48,47,18,9
Disconnected,11,20300935,2,0.7,0.918836803707416,0.434478810343301,0.484357993364115,0.957003546099291,48,47,18,9
Disconnected,11,20300935,3,0.7,0.942793422051283,0.425008926062149,0.517784495989134,0.968085106382979,48,47,18,9
Disconnected,11,20300935,5,0.7,0.963313095460783,0.418212112188058,0.545100983272726,0.987588652482269,48,47,18,9
Disconnected,11,20300935,10,0.7,0.978946594520055,0.413815374851225,0.565131219668831,0.99290780141844,48,47,18,9
Disconnected,11,20300935,20,0.7,0.986841745050965,0.411743434299567,0.575098310751398,0.99645390070922,48,47,18,9
Disconnected,12,20300936,1.1,0.1,0.562200445762485,0.715223213599502,-0.153022767837017,0.412414965986395,48,49,5,7
Disconnected,12,20300936,2,0.1,0.562689882302665,0.708783902464551,-0.146094020161886,0.421343537414966,48,49,5,7
Disconnected,12,20300936,3,0.1,0.563378013621061,0.695836416042837,-0.132458402421776,0.434098639455782,48,49,5,7
Disconnected,12,20300936,5,0.1,0.56460927138086,0.667066462333961,-0.102457190953102,0.462159863945578,48,49,5,7
Disconnected,12,20300936,10,0.1,0.59531579665652,0.610217742807905,-0.0149019461513851,0.516156462585034,48,49,5,7
Disconnected,12,20300936,20,0.1,0.701630027227167,0.595301772427137,0.106328254800031,0.61437074829932,48,49,5,7
Disconnected,12,20300936,1.1,0.3,0.563541531541371,0.689190505096874,-0.125648973555503,0.432823129251701,48,49,9,7
Disconnected,12,20300936,2,0.3,0.565263743146382,0.654534865815559,-0.0892711226691776,0.468537414965986,48,49,9,7
Disconnected,12,20300936,3,0.3,0.568382669169301,0.607457103326291,-0.03907443415699,0.514030612244898,48,49,9,7
Disconnected,12,20300936,5,0.3,0.592611341093303,0.537531345520732,0.0550799955725715,0.581632653061224,48,49,9,7
Disconnected,12,20300936,10,0.3,0.707083850434792,0.489853971542043,0.217229878892749,0.721938775510204,48,49,9,7
Disconnected,12,20300936,20,0.3,0.842244472157558,0.4880297010226,0.354214771134958,0.881802721088435,48,49,9,7
Disconnected,12,20300936,1.1,0.5,0.564892589070867,0.666136832442759,-0.101244243371892,0.453656462585034,48,49,11,7
Disconnected,12,20300936,2,0.5,0.569417939466317,0.608071191245215,-0.0386532517788979,0.504251700680272,48,49,11,7
Disconnected,12,20300936,3,0.5,0.583839770191297,0.546713450228766,0.0371263199625308,0.559948979591837,48,49,11,7
Disconnected,12,20300936,5,0.5,0.6555664597559,0.491074365649917,0.164492094105983,0.66156462585034,48,49,11,7
Disconnected,12,20300936,10,0.5,0.813918245325466,0.484801953467479,0.329116291857987,0.862670068027211,48,49,11,7
Disconnected,12,20300936,20,0.5,0.903936090153614,0.479552136031301,0.424383954122313,0.951105442176871,48,49,11,7
Disconnected,12,20300936,1.1,0.7,0.567778228550321,0.629888250526962,-0.0621100219766402,0.483418367346939,48,49,13,7
Disconnected,12,20300936,2,0.7,0.586651261676468,0.552794229094331,0.0338570325821372,0.562925170068027,48,49,13,7
Disconnected,12,20300936,3,0.7,0.634752654477133,0.49092982741327,0.143822827063864,0.639880952380952,48,49,13,7
Disconnected,12,20300936,5,0.7,0.78153455302088,0.47780152742869,0.30373302559219,0.828656462585034,48,49,13,7
Disconnected,12,20300936,10,0.7,0.907010290252859,0.459990341004465,0.447019949248394,0.956632653061224,48,49,13,7
Disconnected,12,20300936,20,0.7,0.952027447761545,0.443145932075996,0.508881515685549,0.983418367346939,48,49,13,7
Disconnected,13,20300937,1.1,0.1,0.6044270926598,0.744433131199017,-0.140006038539217,0.452244897959184,49,50,0,5
Disconnected,13,20300937,2,0.1,0.6044270926598,0.744433131199017,-0.140006038539217,0.452244897959184,49,50,0,5
Disconnected,13,20300937,3,0.1,0.6044270926598,0.744433131199017,-0.140006038539217,0.452244897959184,49,50,0,5
Disconnected,13,20300937,5,0.1,0.6044270926598,0.744433131199017,-0.140006038539217,0.452244897959184,49,50,0,5
Disconnected,13,20300937,10,0.1,0.6044270926598,0.744433131199017,-0.140006038539217,0.452244897959184,49,50,0,5
Disconnected,13,20300937,20,0.1,0.6044270926598,0.744433131199017,-0.140006038539217,0.452244897959184,49,50,0,5
Disconnected,13,20300937,1.1,0.3,0.604534940423048,0.742604878426496,-0.138069938003448,0.451836734693878,49,50,1,5
Disconnected,13,20300937,2,0.3,0.604570734366121,0.74410419773008,-0.139533463363959,0.445714285714286,49,50,1,5
Disconnected,13,20300937,3,0.3,0.604621420092587,0.743007175928438,-0.138385755835851,0.447755102040816,49,50,1,5
Disconnected,13,20300937,5,0.3,0.604756499222748,0.74339930961244,-0.138642810389692,0.44530612244898,49,50,1,5
Disconnected,13,20300937,10,0.3,0.605278463332577,0.734722178256098,-0.129443714923521,0.450612244897959,49,50,1,5
Disconnected,13,20300937,20,0.3,0.620572400098753,0.721019387845766,-0.100446987747013,0.466938775510204,49,50,1,5
Disconnected,13,20300937,1.1,0.5,0.605414503948742,0.723632959299786,-0.118218455351044,0.462857142857143,49,50,6,5
Disconnected,13,20300937,2,0.5,0.606091780732838,0.696309088365546,-0.0902173076327082,0.470204081632653,49,50,6,5
Disconnected,13,20300937,3,0.5,0.606920662808167,0.670354764659782,-0.0634341018516148,0.488979591836735,49,50,6,5
Disconnected,13,20300937,5,0.5,0.610191612995051,0.623553343696763,-0.0133617307017119,0.519591836734694,49,50,6,5
Disconnected,13,20300937,10,0.5,0.66691848657061,0.564426658856352,0.102491827714258,0.628571428571429,49,50,6,5
Disconnected,13,20300937,20,0.5,0.782261079800977,0.555146058486891,0.227115021314087,0.757551020408163,49,50,6,5
Disconnected,13,20300937,1.1,0.7,0.607803685467137,0.683728343374281,-0.075924657907144,0.48530612244898,49,50,11,5
Disconnected,13,20300937,2,0.7,0.611422519726966,0.61736813506038,-0.00594561533341387,0.52734693877551,49,50,11,5
Disconnected,13,20300937,3,0.7,0.626998104651967,0.557105369316607,0.06989273533536,0.573877551020408,49,50,11,5
Disconnected,13,20300937,5,0.7,0.689616101492366,0.501259354187663,0.188356747304703,0.691020408163265,49,50,11,5
Disconnected,13,20300937,10,0.7,0.827723519129554,0.489573948185314,0.33814957094424,0.874285714285714,49,50,11,5
Disconnected,13,20300937,20,0.7,0.911508579780112,0.485360269356803,0.42614831042331,0.938367346938776,49,50,11,5
Disconnected,14,20300938,1.1,0.1,0.628341116177484,0.747530032510942,-0.119188916333458,0.47375,48,50,1,4
Disconnected,14,20300938,2,0.1,0.628373233883979,0.741932942417734,-0.113559708533755,0.478333333333333,48,50,1,4
Disconnected,14,20300938,3,0.1,0.628418212232974,0.74038474401456,-0.111966531781585,0.482083333333333,48,50,1,4
Disconnected,14,20300938,5,0.1,0.628536727942983,0.74007560105496,-0.111538873111977,0.481666666666667,48,50,1,4
Disconnected,14,20300938,10,0.1,0.628987042307152,0.73562115883706,-0.106634116529908,0.48625,48,50,1,4
Disconnected,14,20300938,20,0.1,0.643553097576979,0.724174078950443,-0.0806209813734632,0.50125,48,50,1,4
Disconnected,14,20300938,1.1,0.3,0.62862490057897,0.742070311156112,-0.113445410577142,0.482916666666667,48,50,3,4
Disconnected,14,20300938,2,0.3,0.628774555210122,0.732693185655576,-0.103918630445455,0.495416666666667,48,50,3,4
Disconnected,14,20300938,3,0.3,0.628964305369722,0.726425660661593,-0.0974613552918707,0.502916666666667,48,50,3,4
Disconnected,14,20300938,5,0.3,0.629465353211903,0.712234962013865,-0.082769608801962,0.522083333333333,48,50,3,4
Disconnected,14,20300938,10,0.3,0.634471897399604,0.671003378522302,-0.0365314811226977,0.549583333333333,48,50,3,4
Disconnected,14,20300938,20,0.3,0.693109172017285,0.640365722649686,0.0527434493675987,0.586666666666667,48,50,3,4
Disconnected,14,20300938,1.1,0.5,0.631748247095188,0.687090348645359,-0.0553421015501702,0.5525,48,50,11,4
Disconnected,14,20300938,2,0.5,0.634633138355241,0.606230160060266,0.0284029782949753,0.595833333333333,48,50,11,4
Disconnected,14,20300938,3,0.5,0.64160747434202,0.529330924693751,0.112276549648269,0.637083333333333,48,50,11,4
Disconnected,14,20300938,5,0.5,0.712946427059319,0.484885959658476,0.228060467400842,0.710416666666667,48,50,11,4
Disconnected,14,20300938,10,0.5,0.825654493730408,0.459700259537799,0.36595423419261,0.872083333333333,48,50,11,4
Disconnected,14,20300938,20,0.5,0.910199893975301,0.457580412556134,0.452619481419167,0.9425,48,50,11,4
Disconnected,14,20300938,1.1,0.7,0.738778752886047,0.516620295143184,0.222158457742863,0.732916666666667,48,50,17,4
Disconnected,14,20300938,2,0.7,0.864555454971468,0.487058931886847,0.377496523084621,0.904166666666667,48,50,17,4
Disconnected,14,20300938,3,0.7,0.936628646711823,0.48085335157721,0.455775295134613,0.965416666666667,48,50,17,4
Disconnected,14,20300938,5,0.7,0.962019066590669,0.459190295253021,0.502828771337648,0.98625,48,50,17,4
Disconnected,14,20300938,10,0.7,0.981026177197922,0.44637916228588,0.534647014912041,0.995416666666667,48,50,17,4
Disconnected,14,20300938,20,0.7,0.990516511036143,0.441155121277403,0.54936138975874,0.99875,48,50,17,4
Disconnected,15,20300939,1.1,0.1,0.618853661361019,0.689671544610452,-0.0708178832494335,0.503401360544218,49,48,1,8
Disconnected,15,20300939,2,0.1,0.618872569422603,0.687148973708896,-0.0682764042862926,0.504676870748299,49,48,1,8
Disconnected,15,20300939,3,0.1,0.618899760206992,0.687979620168425,-0.0690798599614331,0.501700680272109,49,48,1,8
Disconnected,15,20300939,5,0.1,0.618973353814757,0.687518424708045,-0.0685450708932885,0.501700680272109,49,48,1,8
Disconnected,15,20300939,10,0.1,0.619264130833477,0.681266198087105,-0.0620020672536274,0.505527210884354,49,48,1,8
Disconnected,15,20300939,20,0.1,0.624915129222619,0.671251743100135,-0.0463366138775154,0.514880952380952,49,48,1,8
Disconnected,15,20300939,1.1,0.3,0.619928296783198,0.659820069917651,-0.0398917731344527,0.523809523809524,49,48,7,8
Disconnected,15,20300939,2,0.3,0.62087977840943,0.627046042596409,-0.00616626418697974,0.545068027210884,49,48,7,8
Disconnected,15,20300939,3,0.3,0.622108378772983,0.604062414677078,0.018045964095905,0.5625,49,48,7,8
Disconnected,15,20300939,5,0.3,0.62932086398289,0.562289664559759,0.0670311994231302,0.59141156462585,49,48,7,8
Disconnected,15,20300939,10,0.3,0.675885769077933,0.488638566403883,0.18724720267405,0.697278911564626,49,48,7,8
Disconnected,15,20300939,20,0.3,0.770310180909172,0.473036203869142,0.297273977040029,0.818452380952381,49,48,7,8
Disconnected,15,20300939,1.1,0.5,0.621955947793472,0.618485584668761,0.00347036312471072,0.555272108843537,49,48,11,8
Disconnected,15,20300939,2,0.5,0.62670457312263,0.560642278580572,0.0660622945420579,0.592261904761905,49,48,11,8
Disconnected,15,20300939,3,0.5,0.644906022640103,0.520465840669697,0.124440181970405,0.636904761904762,49,48,11,8
Disconnected,15,20300939,5,0.5,0.706416137302457,0.489668657614171,0.216747479688286,0.732142857142857,49,48,11,8
Disconnected,15,20300939,10,0.5,0.834180781787219,0.467779786042388,0.366400995744831,0.895408163265306,49,48,11,8
Disconnected,15,20300939,20,0.5,0.908635733877366,0.4521503493395,0.456485384537866,0.970663265306122,49,48,11,8
Disconnected,15,20300939,1.1,0.7,0.724922909921916,0.476783461969519,0.248139447952397,0.774659863945578,49,48,17,8
Disconnected,15,20300939,2,0.7,0.843368424331105,0.458873634651366,0.384494789679739,0.929421768707483,49,48,17,8
Disconnected,15,20300939,3,0.7,0.912247036626283,0.454568858897904,0.457678177728379,0.974489795918367,49,48,17,8
Disconnected,15,20300939,5,0.7,0.941603790503749,0.436533990436832,0.505069800066917,0.99234693877551,49,48,17,8
Disconnected,15,20300939,10,0.7,0.964493301335534,0.424890829912646,0.539602471422888,0.999574829931973,49,48,17,8
Disconnected,15,20300939,20,0.7,0.976252106961247,0.419960978821916,0.55629112813933,0.999574829931973,49,48,17,8
Disconnected,16,20300940,1.1,0.1,0.630061043997976,0.672176755659638,-0.0421157116616624,0.531861724281549,49,49,4,10
Disconnected,16,20300940,2,0.1,0.630501391990722,0.663721314879966,-0.033219922889244,0.541857559350271,49,49,4,10
Disconnected,16,20300940,3,0.1,0.630866023258174,0.651468564761237,-0.0206025415030625,0.551436901291129,49,49,4,10
Disconnected,16,20300940,5,0.1,0.631848693983,0.632530882673012,-0.00068218869001202,0.557267805081216,49,49,4,10
Disconnected,16,20300940,10,0.1,0.653349133670315,0.592578723667839,0.0607704100024757,0.596418159100375,49,49,4,10
Disconnected,16,20300940,20,0.1,0.73224214219371,0.573499366477217,0.158742775716493,0.675551853394419,49,49,4,10
Disconnected,16,20300940,1.1,0.3,0.632260721784966,0.635902221979815,-0.00364150019484899,0.557684298209079,49,49,10,10
Disconnected,16,20300940,2,0.3,0.63548244977836,0.603582676416556,0.0318997733618039,0.574760516451479,49,49,10,10
Disconnected,16,20300940,3,0.3,0.653715755207806,0.573862553492898,0.0798532017149077,0.600166597251145,49,49,10,10
Disconnected,16,20300940,5,0.3,0.715005756050134,0.543975430444623,0.17103032560551,0.688463140358184,49,49,10,10
Disconnected,16,20300940,10,0.3,0.826987088738801,0.527279760131212,0.299707328607589,0.842149104539775,49,49,10,10
Disconnected,16,20300940,20,0.3,0.898823041134762,0.511740902349539,0.387082138785223,0.948771345272803,49,49,10,10
Disconnected,16,20300940,1.1,0.5,0.634068689634845,0.609070939810761,0.0249977498240838,0.569762598917118,49,49,12,10
Disconnected,16,20300940,2,0.5,0.646491854509692,0.554237082093262,0.0922547724164304,0.596001665972511,49,49,12,10
Disconnected,16,20300940,3,0.5,0.684238264237299,0.515156591026203,0.169081673211095,0.668887963348605,49,49,12,10
Disconnected,16,20300940,5,0.5,0.778408596852894,0.498189545583603,0.280219051269291,0.811328613077884,49,49,12,10
Disconnected,16,20300940,10,0.5,0.886489869182223,0.477921467471536,0.408568401710687,0.936276551436901,49,49,12,10
Disconnected,16,20300940,20,0.5,0.930953178267671,0.45943391147084,0.471519266796831,0.977509371095377,49,49,12,10
Disconnected,16,20300940,1.1,0.7,0.653093267342119,0.538127173649576,0.114966093692543,0.61307788421491,49,49,15,10
Disconnected,16,20300940,2,0.7,0.732730023563905,0.468468225094871,0.264261798469034,0.765097875885048,49,49,15,10
Disconnected,16,20300940,3,0.7,0.827572844709073,0.466985931062896,0.360586913646176,0.909204498125781,49,49,15,10
Disconnected,16,20300940,5,0.7,0.934314726352628,0.458766690585334,0.475548035767294,0.980841316118284,49,49,15,10
Disconnected,16,20300940,10,0.7,0.955127432249361,0.424559859062636,0.530567573186725,0.990420658059142,49,49,15,10
Disconnected,16,20300940,20,0.7,0.966186391850153,0.411476423760531,0.554709968089623,0.993752603082049,49,49,15,10
Disconnected,17,20300941,1.1,0.1,0.649780708436604,0.696822274786091,-0.0470415663494864,0.532738095238095,49,48,3,6
Disconnected,17,20300941,2,0.1,0.649968405030944,0.691287684160577,-0.041319279129633,0.536139455782313,49,48,3,6
Disconnected,17,20300941,3,0.1,0.650240610715263,0.68566598192712,-0.0354253712118571,0.536989795918367,49,48,3,6
Disconnected,17,20300941,5,0.1,0.650972181922239,0.672014506840111,-0.0210423249178722,0.539540816326531,49,48,3,6
Disconnected,17,20300941,10,0.1,0.661679334291797,0.634437365204822,0.0272419690869755,0.57780612244898,49,48,3,6
Disconnected,17,20300941,20,0.1,0.728953313014255,0.611661958738496,0.117291354275759,0.651360544217687,49,48,3,6
Disconnected,17,20300941,1.1,0.3,0.650352616356508,0.684736457230398,-0.0343838408738896,0.540816326530612,49,48,6,6
Disconnected,17,20300941,2,0.3,0.651030287257272,0.669696196787747,-0.0186659095304758,0.547619047619048,49,48,6,6
Disconnected,17,20300941,3,0.3,0.652043425150467,0.655337594597996,-0.00329416944752903,0.557823129251701,49,48,6,6
Disconnected,17,20300941,5,0.3,0.656855090042707,0.624625521090582,0.0322295689521258,0.576105442176871,49,48,6,6
Disconnected,17,20300941,10,0.3,0.723255987258676,0.586997805803121,0.136258181455555,0.67219387755102,49,48,6,6
Disconnected,17,20300941,20,0.3,0.818242433510358,0.585720519208504,0.232521914301853,0.764880952380952,49,48,6,6
Disconnected,17,20300941,1.1,0.5,0.651388195906591,0.663725619458031,-0.0123374235514399,0.549744897959184,49,48,9,6
Disconnected,17,20300941,2,0.5,0.653096179383734,0.625939740921762,0.027156438461972,0.574829931972789,49,48,9,6
Disconnected,17,20300941,3,0.5,0.657218495673638,0.588859968621068,0.0683585270525697,0.594812925170068,49,48,9,6
Disconnected,17,20300941,5,0.5,0.693794341797021,0.546632686515105,0.147161655281916,0.670918367346939,49,48,9,6
Disconnected,17,20300941,10,0.5,0.783106140378735,0.503637708451268,0.279468431927468,0.793792517006803,49,48,9,6
Disconnected,17,20300941,20,0.5,0.874539032610405,0.51023981037929,0.364299222231114,0.87797619047619,49,48,9,6
Disconnected,17,20300941,1.1,0.7,0.661913974331919,0.541505572342532,0.120408401989386,0.629251700680272,49,48,15,6
Disconnected,17,20300941,2,0.7,0.727534374801603,0.479311585985492,0.248222788816111,0.759778911564626,49,48,15,6
Disconnected,17,20300941,3,0.7,0.800333099093127,0.464352508537714,0.335980590555414,0.842687074829932,49,48,15,6
Disconnected,17,20300941,5,0.7,0.879167417734676,0.467758093314903,0.411409324419773,0.914115646258503,49,48,15,6
Disconnected,17,20300941,10,0.7,0.92866768494315,0.461096931801145,0.467570753142005,0.954081632653061,49,48,15,6
Disconnected,17,20300941,20,0.7,0.953725480117969,0.458457076781889,0.495268403336081,0.960459183673469,49,48,15,6
Disconnected,18,20300942,1.1,0.1,0.516500787924796,0.764754488585154,-0.248253700660359,0.324897959183673,49,50,0,12
Disconnected,18,20300942,2,0.1,0.516500787924796,0.764754488585154,-0.248253700660359,0.324897959183673,49,50,0,12
Disconnected,18,20300942,3,0.1,0.516500787924796,0.764754488585154,-0.248253700660359,0.324897959183673,49,50,0,12
Disconnected,18,20300942,5,0.1,0.516500787924796,0.764754488585154,-0.248253700660359,0.324897959183673,49,50,0,12
Disconnected,18,20300942,10,0.1,0.516500787924796,0.764754488585154,-0.248253700660359,0.324897959183673,49,50,0,12
Disconnected,18,20300942,20,0.1,0.516500787924796,0.764754488585154,-0.248253700660359,0.324897959183673,49,50,0,12
Disconnected,18,20300942,1.1,0.3,0.51796311982723,0.7293819793806,-0.21141885955337,0.342857142857143,49,50,7,12
Disconnected,18,20300942,2,0.3,0.519211389646031,0.682338762953512,-0.163127373307481,0.379591836734694,49,50,7,12
Disconnected,18,20300942,3,0.3,0.521214851516106,0.633972361973587,-0.112757510457482,0.424081632653061,49,50,7,12
Disconnected,18,20300942,5,0.3,0.537067741709965,0.555223581268443,-0.0181558395584784,0.492244897959184,49,50,7,12
Disconnected,18,20300942,10,0.3,0.663547193556394,0.499074430864412,0.164472762691982,0.682857142857143,49,50,7,12
Disconnected,18,20300942,20,0.3,0.803412443145395,0.49594519205915,0.307467251086244,0.864489795918367,49,50,7,12
Disconnected,18,20300942,1.1,0.5,0.520416051029166,0.683601100777933,-0.163185049748767,0.377551020408163,49,50,11,12
Disconnected,18,20300942,2,0.5,0.525380573956908,0.593707989092159,-0.0683274151352509,0.456326530612245,49,50,11,12
Disconnected,18,20300942,3,0.5,0.561491540395532,0.533126528282997,0.0283650121125349,0.535102040816327,49,50,11,12
Disconnected,18,20300942,5,0.5,0.65987913519572,0.482709993457322,0.177169141738398,0.695102040816327,49,50,11,12
Disconnected,18,20300942,10,0.5,0.818388249318158,0.479278595506829,0.339109653811329,0.882448979591837,49,50,11,12
Disconnected,18,20300942,20,0.5,0.907871372297402,0.475742787156181,0.432128585141221,0.963265306122449,49,50,11,12
Disconnected,18,20300942,1.1,0.7,0.536464416777987,0.565215511475379,-0.0287510946973926,0.483265306122449,49,50,15,12
Disconnected,18,20300942,2,0.7,0.638388246728532,0.490982766433957,0.147405480294575,0.664489795918367,49,50,15,12
Disconnected,18,20300942,3,0.7,0.737767066337106,0.479459502859503,0.258307563477602,0.804489795918367,49,50,15,12
Disconnected,18,20300942,5,0.7,0.834524471787702,0.470477121897576,0.364047349890126,0.900408163265306,49,50,15,12
Disconnected,18,20300942,10,0.7,0.915581730476049,0.461642211022781,0.453939519453267,0.974285714285714,49,50,15,12
Disconnected,18,20300942,20,0.7,0.957395989086178,0.457722336578495,0.499673652507682,0.991836734693878,49,50,15,12
Disconnected,19,20300943,1.1,0.1,0.613186040162483,0.714434658028423,-0.10124861786594,0.472765957446808,47,50,3,23
Disconnected,19,20300943,2,0.1,0.613357219339833,0.691113398973808,-0.0777561796339743,0.491063829787234,47,50,3,23
Disconnected,19,20300943,3,0.1,0.613607500310428,0.684730933617567,-0.0711234333071392,0.496595744680851,47,50,3,23
Disconnected,19,20300943,5,0.1,0.614281534446285,0.667407494414781,-0.0531259599684967,0.507234042553191,47,50,3,23
Disconnected,19,20300943,10,0.1,0.629313010266522,0.628295513905288,0.00101749636123349,0.55063829787234,47,50,3,23
Disconnected,19,20300943,20,0.1,0.689628052000386,0.607548950315261,0.0820791016851256,0.606808510638298,47,50,3,23
Disconnected,19,20300943,1.1,0.3,0.614050137367706,0.69918147762436,-0.085131340256654,0.485957446808511,47,50,7,23
Disconnected,19,20300943,2,0.3,0.615023891076868,0.673025748496937,-0.0580018574200688,0.503829787234043,47,50,7,23
Disconnected,19,20300943,3,0.3,0.616369855911632,0.621491954282568,-0.00512209837093636,0.53531914893617,47,50,7,23
Disconnected,19,20300943,5,0.3,0.626864165953327,0.552031922980074,0.0748322429732537,0.607234042553191,47,50,7,23
Disconnected,19,20300943,10,0.3,0.727426319399125,0.501462520456009,0.225963798943115,0.745531914893617,47,50,7,23
Disconnected,19,20300943,20,0.3,0.825407372837012,0.490747214979095,0.334660157857918,0.864255319148936,47,50,7,23
Disconnected,19,20300943,1.1,0.5,0.615384527027508,0.677565857727916,-0.0621813307004078,0.503404255319149,47,50,10,23
Disconnected,19,20300943,2,0.5,0.618072159465887,0.625130344173149,-0.0070581847072626,0.553191489361702,47,50,10,23
Disconnected,19,20300943,3,0.5,0.625342328005575,0.55002938068298,0.0753129473225955,0.603404255319149,47,50,10,23
Disconnected,19,20300943,5,0.5,0.690141734170911,0.491967294891978,0.198174439278933,0.717872340425532,47,50,10,23
Disconnected,19,20300943,10,0.5,0.804211886245783,0.461250349504599,0.342961536741184,0.861702127659574,47,50,10,23
Disconnected,19,20300943,20,0.5,0.877507721414003,0.44909127388632,0.428416447527682,0.934893617021277,47,50,10,23
Disconnected,19,20300943,1.1,0.7,0.626646705234404,0.579085748012527,0.0475609572218778,0.59531914893617,47,50,15,23
Disconnected,19,20300943,2,0.7,0.699381007409291,0.514980584671135,0.184400422738156,0.701702127659575,47,50,15,23
Disconnected,19,20300943,3,0.7,0.780021591416381,0.500143365319413,0.279878226096968,0.8,47,50,15,23
Disconnected,19,20300943,5,0.7,0.866043239212002,0.49330051977374,0.372742719438262,0.894042553191489,47,50,15,23
Disconnected,19,20300943,10,0.7,0.909862950330583,0.472050681555506,0.437812268775077,0.939574468085106,47,50,15,23
Disconnected,19,20300943,20,0.7,0.932419273608334,0.462991340068315,0.469427933540018,0.951489361702128,47,50,15,23
Disconnected,20,20300944,1.1,0.1,0.674503800360735,0.670375374690518,0.00412842567021698,0.559678819444444,48,48,3,10
Disconnected,20,20300944,2,0.1,0.674803139090796,0.674251762250438,0.000551376840357221,0.559244791666667,48,48,3,10
Disconnected,20,20300944,3,0.1,0.675030539688638,0.675261302152807,-0.000230762464169532,0.558810763888889,48,48,3,10
Disconnected,20,20300944,5,0.1,0.675649182232146,0.67316185541251,0.00248732681963526,0.567057291666667,48,48,3,10
Disconnected,20,20300944,10,0.1,0.681146646677655,0.646136205584138,0.0350104410935169,0.594835069444444,48,48,3,10
Disconnected,20,20300944,20,0.1,0.730027180931905,0.611366271024502,0.118660909907403,0.672092013888889,48,48,3,10
Disconnected,20,20300944,1.1,0.3,0.675598531552894,0.65306596150022,0.0225325700526744,0.572265625,48,48,8,10
Disconnected,20,20300944,2,0.3,0.676839105411361,0.633684241126393,0.0431548642849685,0.593098958333333,48,48,8,10
Disconnected,20,20300944,3,0.3,0.678636308712085,0.611465293589171,0.0671710151229138,0.613498263888889,48,48,8,10
Disconnected,20,20300944,5,0.3,0.705782984728655,0.574337009735258,0.131445974993397,0.664279513888889,48,48,8,10
Disconnected,20,20300944,10,0.3,0.794027159379672,0.546360715660772,0.247666443718901,0.793619791666667,48,48,8,10
Disconnected,20,20300944,20,0.3,0.87683754140985,0.537732331815605,0.339105209594245,0.883029513888889,48,48,8,10
Disconnected,20,20300944,1.1,0.5,0.681077312646286,0.586139058387673,0.094938254258613,0.634331597222222,48,48,14,10
Disconnected,20,20300944,2,0.5,0.710324477194531,0.514736636956834,0.195587840237696,0.712890625,48,48,14,10
Disconnected,20,20300944,3,0.5,0.772723133349784,0.495794781908716,0.276928351441068,0.802300347222222,48,48,14,10
Disconnected,20,20300944,5,0.5,0.855934283009589,0.487847051233222,0.368087231776367,0.906467013888889,48,48,14,10
Disconnected,20,20300944,10,0.5,0.917202218153102,0.473066024130041,0.444136194023061,0.949435763888889,48,48,14,10
Disconnected,20,20300944,20,0.5,0.944880310559508,0.465192152895209,0.479688157664299,0.962890625,48,48,14,10
Disconnected,20,20300944,1.1,0.7,0.849228629884303,0.481048479820344,0.368180150063959,0.891276041666667,48,48,18,10
Disconnected,20,20300944,2,0.7,0.941749452830622,0.468638594216463,0.473110858614159,0.971571180555556,48,48,18,10
Disconnected,20,20300944,3,0.7,0.951864233548929,0.44854167016919,0.503322563379738,0.988064236111111,48,48,18,10
Disconnected,20,20300944,5,0.7,0.96014775914648,0.43181744787871,0.52833031126777,0.990234375,48,48,18,10
Disconnected,20,20300944,10,0.7,0.966498668204948,0.420406404552754,0.546092263652195,0.990668402777778,48,48,18,10
Disconnected,20,20300944,20,0.7,0.969725733434545,0.415049236847306,0.554676496587239,0.990668402777778,48,48,18,10
