Topology,Repetition,Seed,Parameter,Method,Converged,GapUpper,Utility,NormalizedUtility,Loss,NormalizedLoss,InfiniteLossFraction,UnmonitoredFraction
Random,1,20270925,10,GURA,1,8.39328042800958e-06,63.9486081959635,2.38219705709812,118.878917008157,0.447655519659632,0,0
Random,1,20270925,10,GRA,1,7.79460397896105e-07,63.9475612914914,2.38215805808278,118.88303147996,0.447671581020759,0,0
Random,1,20270925,10,RRA,1,NaN,58.8552846571092,2.19246188244153,126.420396756793,0.471106088327231,0,0
Random,1,20270925,20,GURA,1,8.80589615093186e-06,81.1062108965905,3.02134764713196,91.7265823449665,0.344562381478466,0,0
Random,1,20270925,20,GRA,1,7.41917458807445e-07,81.1050240216042,3.02130343397112,91.7295243036802,0.344573662586821,0,0
Random,1,20270925,20,RRA,1,NaN,75.8323565897443,2.82488738687368,97.1548329508179,0.362037610701287,0,0
Random,1,20270925,30,GURA,1,9.43306637068986e-06,91.4892899178629,3.40813542853755,80.7380234325616,0.302990896735598,0,0
Random,1,20270925,30,GRA,1,7.4499732784658e-07,91.4880599884944,3.40808961152597,80.7407001430288,0.303001488824628,0,0
Random,1,20270925,30,RRA,1,NaN,86.1463381678498,3.20910116814998,85.1729614941877,0.317385804078625,0,0
Random,1,20270925,40,GURA,1,8.08615892466946e-06,98.9576113117316,3.68634341066311,74.3673125656238,0.278927484193773,0,0
Random,1,20270925,40,GRA,1,7.42879295370157e-07,98.956342248818,3.68629613585881,74.3695489036436,0.278936329878523,0,0
Random,1,20270925,40,RRA,1,NaN,93.5780597205128,3.4859457424318,78.2258620849924,0.291497539469558,0,0
Random,1,20270925,50,GURA,1,9.40181658393158e-06,104.793974698836,3.90375811408106,70.0608874538978,0.26267678590942,0,0
Random,1,20270925,50,GRA,1,7.46685944857579e-07,104.79268159031,3.90370994353579,70.0628923408999,0.262684708178604,0,0
Random,1,20270925,50,RRA,1,NaN,99.3917309006873,3.70251512161059,73.5367403604754,0.274023969516903,0,0
Random,1,20270925,60,GURA,1,9.81475706041124e-06,109.585256055922,4.0822416912936,66.8877942854253,0.250710775412094,0,0
Random,1,20270925,60,GRA,1,7.19514275129526e-07,109.583948794737,4.08219299353712,66.8896165818637,0.250717974115461,0,0
Random,1,20270925,60,RRA,1,NaN,104.167556246051,3.88042293546133,70.0873763069209,0.261170426125767,0,0
Random,1,20270925,70,GURA,1,9.24061470541915e-06,113.649495620264,4.23364169518186,64.4167072295746,0.241396746197136,0,0
Random,1,20270925,70,GRA,1,7.9017564375326e-07,113.648178194654,4.23359261878286,64.4184030944772,0.241403440835277,0,0
Random,1,20270925,70,RRA,1,NaN,108.220586558648,4.03140537519496,67.4053901796503,0.251176507025745,0,0
Random,1,20270925,80,GURA,1,8.9901367523737e-06,117.178546404099,4.36510498466954,62.4167256962435,0.233861384102225,0,0
Random,1,20270925,80,GRA,1,7.20147643043666e-07,117.17722001706,4.3650555744417,62.4182969345445,0.233867586990257,0,0
Random,1,20270925,80,RRA,1,NaN,111.741134023292,4.16255190122959,65.2378249118532,0.243099544154969,0,0
Random,1,20270925,90,GURA,1,8.74106758530502e-06,120.297097936807,4.48127646194176,60.7514264007052,0.227589036575821,0,0
Random,1,20270925,90,GRA,1,9.94311255002194e-07,120.295731179933,4.48122554786722,60.7529148340366,0.227594898652355,0,0
Random,1,20270925,90,RRA,1,NaN,114.853012857162,4.27847480884588,63.435342645643,0.236383024771107,0,0
Random,1,20270925,100,GURA,1,8.63703208153765e-06,123.090775366094,4.58534581291395,59.3343142798094,0.222252933446179,0,0
Random,1,20270925,100,GRA,1,7.19454800609474e-07,123.089436501109,4.58529593786088,59.3357091093033,0.222258440395028,0,0
Random,1,20270925,100,RRA,1,NaN,117.641313937384,4.38234388144951,61.9032982307724,0.230674254840656,0,0
Random,2,20270926,10,GURA,1,9.7596298900271e-06,62.857522412804,2.38207784164002,115.756806320232,0.450513711165703,0,0
Random,2,20270926,10,GRA,1,8.51744095283197e-07,62.8567425246943,2.38204828663827,115.758809401867,0.450521901029619,0,0
Random,2,20270926,10,RRA,1,NaN,58.0539944335528,2.20004111601271,121.326941697183,0.4664042162906,0,0
Random,2,20270926,20,GURA,1,9.82824399997639e-06,79.7183810010326,3.02104476385304,89.2602299416798,0.34640707302272,0,0
Random,2,20270926,20,GRA,1,8.47224533411927e-07,79.7176364200744,3.02101654686748,89.2618840019318,0.346414022207277,0,0
Random,2,20270926,20,RRA,1,NaN,74.7577518785978,2.83305446039273,93.4494079382249,0.359232337357248,0,0
Random,2,20270926,30,GURA,1,9.96557431065526e-06,89.9229964863617,3.40776360826469,78.5405876387319,0.304459274470121,0,0
Random,2,20270926,30,GRA,1,8.41208533846871e-07,89.9222483543653,3.40773525670734,78.5419823417774,0.30446518898833,0,0
Random,2,20270926,30,RRA,1,NaN,84.9022610885948,3.21749548949897,82.0080472133999,0.315248147928559,0,0
Random,2,20270926,40,GURA,1,9.80903115177512e-06,97.26333252712,3.68593638952787,72.3273722142373,0.280189483754223,0,0
Random,2,20270926,40,GRA,1,8.63472805214336e-07,97.262579201262,3.68590784114153,72.3286359929627,0.280194998943525,0,0
Random,2,20270926,40,RRA,1,NaN,92.2107481030538,3.49446130528032,75.3651815946478,0.289711115941959,0,0
Random,2,20270926,50,GURA,1,9.48842435022357e-06,102.999840468675,3.90332975680424,68.1284560977478,0.263805843580456,0,0
Random,2,20270926,50,GRA,1,8.44154014763698e-07,102.999094668644,3.90330149362016,68.1294331318458,0.263810070591443,0,0
Random,2,20270926,50,RRA,1,NaN,97.9275029695459,3.71110610085668,70.877226816232,0.272458266775858,0,0
Random,2,20270926,60,GURA,1,9.81222376950086e-06,107.709230880827,4.08179900149936,65.0351573580545,0.251745433638971,0,0
Random,2,20270926,60,GRA,1,8.44474527992507e-07,107.708499513273,4.08177128525509,65.0360250167275,0.25174919972758,0,0
Random,2,20270926,60,RRA,1,NaN,102.623434740608,3.88906531064288,67.5735686888082,0.259758213201258,0,0
Random,2,20270926,70,GURA,1,9.84073924570339e-06,111.704055187009,4.23318871741128,62.6266005311409,0.242360179263693,0,0
Random,2,20270926,70,GRA,1,8.44391455145177e-07,111.703314442452,4.23316064581175,62.6273966344843,0.24236364027214,0,0
Random,2,20270926,70,RRA,1,NaN,106.608494291873,4.04008497687063,65.0034932189019,0.249878260757929,0,0
Random,2,20270926,80,GURA,1,9.83557366396326e-06,115.172863352404,4.36464428152691,60.6774665907808,0.234768601599372,0,0
Random,2,20270926,80,GRA,1,8.44214759033196e-07,115.172110459277,4.36461574953956,60.6782111104565,0.234771844831419,0,0
Random,2,20270926,80,RRA,1,NaN,110.069890948078,4.17125967099429,62.9254697130721,0.241889889560313,0,0
Random,2,20270926,90,GURA,1,9.84028033812478e-06,118.238200517152,4.48080972135049,59.0546945415563,0.228450524575373,0,0
Random,2,20270926,90,GRA,1,8.41788559439462e-07,118.237446960067,4.48078116420145,59.0553979918572,0.228453595604194,0,0
Random,2,20270926,90,RRA,1,NaN,113.129409520242,4.28720460673289,61.1968217643094,0.23524460874025,0,0
Random,2,20270926,100,GURA,1,9.56116540251628e-06,120.98422244906,4.58487424291555,57.6739070682712,0.223076282884231,0,0
Random,2,20270926,100,GRA,1,8.79282146635363e-07,120.983462532806,4.58484544477654,57.6746477067687,0.223079568441446,0,0
Random,2,20270926,100,RRA,1,NaN,115.870740449233,4.39109135587432,59.7270812820405,0.229594632932084,0,0
Random,3,20270927,10,GURA,1,8.9110335288467e-06,63.4523024100558,2.37899595699056,118.322952819677,0.448102118154431,0,0
Random,3,20270927,10,GRA,1,4.51815289667323e-07,63.4517043892634,2.37897353559696,118.324680565877,0.448109368034888,0,0
Random,3,20270927,10,RRA,1,NaN,58.4438636526886,2.19121623738935,126.095361546384,0.471217706821748,0,0
Random,3,20270927,20,GURA,1,9.15741677331994e-06,80.4930057725775,3.01789735006736,91.3506161957305,0.344932265913401,0,0
Random,3,20270927,20,GRA,1,4.28442201704392e-07,80.492336582372,3.01787226034275,91.3516722501336,0.344936806770467,0,0
Random,3,20270927,20,RRA,1,NaN,75.307209638613,2.8234680296504,96.8970337256453,0.362101277934156,0,0
Random,3,20270927,30,GURA,1,9.30344950589301e-06,90.80714044556,3.40460175250671,80.4171504947431,0.303282778856305,0,0
Random,3,20270927,30,GRA,1,8.16254486034285e-07,90.8064343415168,3.40457527878393,80.4179456073422,0.303286358911127,0,0
Random,3,20270927,30,RRA,1,NaN,85.5531559698947,3.20761586939527,84.9442404805903,0.317433753532005,0,0
Random,3,20270927,40,GURA,1,7.71660504739202e-06,98.2263815508615,3.68276887841156,74.0760071843794,0.279172350783324,0,0
Random,3,20270927,40,GRA,1,4.29020070822578e-07,98.2256604621977,3.6827418428754,74.0766137627764,0.279174924355832,0,0
Random,3,20270927,40,RRA,1,NaN,92.9362089120393,3.48442620459952,78.0143967869246,0.291537340700033,0,0
Random,3,20270927,50,GURA,1,9.70271194589145e-06,104.024596199267,3.9001594014091,69.7890278858522,0.262891127139499,0,0
Random,3,20270927,50,GRA,1,4.29440540808101e-07,104.023869815507,3.90013216734566,69.7895403589779,0.262893301094803,0,0
Random,3,20270927,50,RRA,1,NaN,98.7119675882985,3.70097479334224,73.3370737074766,0.274058632851457,0,0
Random,3,20270927,60,GURA,1,9.96215010573565e-06,108.784662648127,4.07862698109853,66.6300294717116,0.250903568692084,0,0
Random,3,20270927,60,GRA,1,4.31504176777963e-07,108.783926593629,4.07859938445336,66.6304890618698,0.250905461721028,0,0
Random,3,20270927,60,RRA,1,NaN,103.45673362085,3.87886871963921,69.8964618255462,0.261201483364195,0,0
Random,3,20270927,70,GURA,1,9.53493487543255e-06,112.822482839117,4.23001562334733,64.1697932703614,0.241573296924916,0,0
Random,3,20270927,70,GRA,1,5.67567406130002e-07,112.821739749128,4.22998776292285,64.1702583534569,0.241575268242491,0,0
Random,3,20270927,70,RRA,1,NaN,107.48345569691,4.02984126397596,67.2213216712533,0.251204857996795,0,0
Random,3,20270927,80,GURA,1,9.28391117938077e-06,116.328630208238,4.36147043426735,62.1785071951894,0.234025154180584,0,0
Random,3,20270927,80,GRA,1,5.67710610564534e-07,116.327881879236,4.3614423774183,62.1789421870687,0.234027002407873,0,0
Random,3,20270927,80,RRA,1,NaN,110.9811834692,4.1609804017673,65.0593147362791,0.243125769354738,0,0
Random,3,20270927,90,GURA,1,9.56697075338298e-06,119.426967091569,4.47763534300787,60.5204110676082,0.22774250358003,0,0
Random,3,20270927,90,GRA,1,7.71093620883865e-07,119.426214642797,4.47760713169764,60.5208234774854,0.227744300442431,0,0
Random,3,20270927,90,RRA,1,NaN,114.072913287522,4.27689759402871,63.2614717195359,0.236407524120789,0,0
Random,3,20270927,100,GURA,1,9.36274719975927e-06,122.202552955384,4.58169945569559,59.1093986425848,0.222397866716992,0,0
Random,3,20270927,100,GRA,1,6.17243309413649e-07,122.201797166514,4.5816711191562,59.1097869514956,0.222399533880927,0,0
Random,3,20270927,100,RRA,1,NaN,116.843175815156,4.38076212065304,61.7333826672975,0.230697317560523,0,0
Random,4,20270928,10,GURA,1,9.30816760913444e-06,64.0066878829325,2.3816816208486,118.669723307104,0.446423504791033,0,0
Random,4,20270928,10,GRA,1,8.23782582900462e-07,64.0057899689781,2.38164820957186,118.674713368111,0.446442821124711,0,0
Random,4,20270928,10,RRA,1,NaN,58.9693387295961,2.1942424282717,125.752102524621,0.468483274959338,0,0
Random,4,20270928,20,GURA,1,9.07442831632466e-06,81.1775293929762,3.02060669245631,91.6893338080329,0.344054818387522,0,0
Random,4,20270928,20,GRA,1,9.64405369413004e-07,81.1761868297929,3.02055673583203,91.6934462883114,0.344071452060571,0,0
Random,4,20270928,20,RRA,1,NaN,75.9701999557284,2.82684255272953,96.7610802168747,0.360331284353655,0,0
Random,4,20270928,30,GURA,1,9.86199361818763e-06,91.570005272109,3.40730954515998,80.7383413268599,0.30265187583539,0,0
Random,4,20270928,30,GRA,1,8.96086946948596e-07,91.5687581157054,3.40726313861118,80.7405457882137,0.30266089761966,0,0
Random,4,20270928,30,RRA,1,NaN,86.2976816828015,3.21112698038195,84.8774219646465,0.316020032121001,0,0
Random,4,20270928,40,GURA,1,9.09520866088087e-06,99.0455446844015,3.68547352166115,74.3822424027978,0.278659100812758,0,0
Random,4,20270928,40,GRA,1,8.83219129612593e-07,99.044260592618,3.68542574075104,74.3840536189397,0.278666477507224,0,0
Random,4,20270928,40,RRA,1,NaN,93.7388069265936,3.48801040956339,77.9828562258849,0.290318818899499,0,0
Random,4,20270928,50,GURA,1,9.55475115205218e-06,104.887751972262,3.90286139444304,70.0835432238324,0.262448402059921,0,0
Random,4,20270928,50,GRA,1,8.76151932559249e-07,104.886446544819,3.90281281963545,70.0852182134237,0.262455242686128,0,0
Random,4,20270928,50,RRA,1,NaN,99.5596838721953,3.704604582721,73.327203066319,0.27296684555794,0,0
Random,4,20270928,60,GURA,1,9.96062948388499e-06,109.683938096671,4.08132693797448,66.9148561135999,0.250507102375868,0,0
Random,4,20270928,60,GRA,1,8.76298647513264e-07,109.682620552839,4.08127791231743,66.9162329160575,0.250512698353793,0,0
Random,4,20270928,60,RRA,1,NaN,104.341345784651,3.88252968196747,69.9013709136484,0.260200194708441,0,0
Random,4,20270928,70,GURA,1,9.13398065449655e-06,113.752403234282,4.23271406584827,64.4466493542057,0.241210398476545,0,0
Random,4,20270928,70,GRA,1,8.77337755304748e-07,113.751075929942,4.2326646770038,64.4479238873536,0.241215579782093,0,0
Random,4,20270928,70,RRA,1,NaN,108.399278597162,4.03352490321485,67.2370129544122,0.250272254434774,0,0
Random,4,20270928,80,GURA,1,9.77728483064766e-06,117.285164304666,4.36416770593619,62.4486990707103,0.233688079038114,0,0
Random,4,20270928,80,GRA,1,9.61756269574776e-07,117.283629856689,4.36411060930042,62.4501875762366,0.23369414600064,0,0
Random,4,20270928,80,RRA,1,NaN,111.924051012483,4.16468128635089,65.0832499223899,0.242247552466157,0,0
Random,4,20270928,90,GURA,1,9.75731111196865e-06,120.407022137412,4.48033168299985,60.7849292742751,0.22742610232173,0,0
Random,4,20270928,90,GRA,1,9.64900996885661e-07,120.405482604618,4.48027439715858,60.7863361986088,0.227431846260048,0,0
Random,4,20270928,90,RRA,1,NaN,115.039641053471,4.28061203959175,63.2919320065115,0.235573736055392,0,0
Random,4,20270928,100,GURA,1,9.80958187923875e-06,123.203680835785,4.58439503703378,59.3689952226114,0.222098443669984,0,0
Random,4,20270928,100,GRA,1,9.70660019721615e-07,123.202135504637,4.58433753543643,59.3703370351826,0.222103936665219,0,0
Random,4,20270928,100,RRA,1,NaN,117.831250520446,4.38448751229613,61.7691466796791,0.229900701481857,0,0
Random,5,20270929,10,GURA,1,8.790603686748e-06,61.1591323322898,2.36062201844084,116.458432166931,0.443126309722421,0,0
Random,5,20270929,10,GRA,1,6.50912288973622e-07,61.1583310300242,2.36059108975203,116.462405395817,0.443141693254306,0,0
Random,5,20270929,10,RRA,1,NaN,56.972048871736,2.19900884583514,122.263993166971,0.461772718806425,0,0
Random,5,20270929,20,GURA,1,9.72366404639047e-06,77.7078622354245,2.99937039005475,90.1475686023454,0.342366960485422,0,0
Random,5,20270929,20,GRA,1,7.80077817465419e-07,77.706968767739,2.99933590396231,90.1495721531427,0.342374904327897,0,0
Random,5,20270929,20,RRA,1,NaN,73.3669008241874,2.83181783170758,94.3658323579719,0.356381225208909,0,0
Random,5,20270929,30,GURA,1,9.63869375070203e-06,87.7251601823855,3.38601835573221,79.4311393166013,0.301444731643638,0,0
Random,5,20270929,30,GRA,1,7.75958019121992e-07,87.7242256562846,3.38598228486583,79.4326119189231,0.301450589043439,0,0
Random,5,20270929,30,RRA,1,NaN,83.3248413865793,3.21617471928064,82.891079896699,0.313035589585084,0,0
Random,5,20270929,40,GURA,1,9.68240633980599e-06,94.9311657296357,3.66415597330702,73.2027020056767,0.277689782307328,0,0
Random,5,20270929,40,GRA,1,7.76596192849179e-07,94.9302288983381,3.66411981346459,73.2039175363797,0.277694628813219,0,0
Random,5,20270929,40,RRA,1,NaN,90.4993023381652,3.4930947776088,76.2206755006369,0.287839178838954,0,0
Random,5,20270929,50,GURA,1,9.18271029703988e-06,100.562861762193,3.88152834516132,68.9868195703115,0.261622541722586,0,0
Random,5,20270929,50,GRA,1,7.72323784133144e-07,100.561899274796,3.88149119504399,68.9878689632096,0.261626731995443,0,0
Random,5,20270929,50,RRA,1,NaN,96.1114078280677,3.70971099311194,71.7103925227759,0.270802704947455,0,0
Random,5,20270929,60,GURA,1,9.31493874745115e-06,105.186292104884,4.05998364777068,65.8778480833717,0.249779984348721,0,0
Random,5,20270929,60,GRA,1,7.75556894171137e-07,105.185312634406,4.05994584213988,65.8786703233683,0.249783288845509,0,0
Random,5,20270929,60,RRA,1,NaN,100.721482293929,3.88765078518807,68.3882697468839,0.258254440838883,0,0
Random,5,20270929,70,GURA,1,8.96405428463254e-06,109.108246790967,4.21136337201188,63.4552742276932,0.240555592109631,0,0
Random,5,20270929,70,GRA,1,7.45454574457469e-07,109.107255588242,4.21132511353949,63.4561416467355,0.240559152126083,0,0
Random,5,20270929,70,RRA,1,NaN,104.633746759248,4.0386564859985,65.802594710983,0.248488016168975,0,0
Random,5,20270929,80,GURA,1,9.63254855435025e-06,112.51380989133,4.34281139838721,61.4935619365462,0.233088277509718,0,0
Random,5,20270929,80,GRA,1,7.80313128660319e-07,112.512849703309,4.34277433702127,61.4942093671625,0.233090887214057,0,0
Random,5,20270929,80,RRA,1,NaN,108.031957166926,4.16982071292174,63.7111464284805,0.240588443613746,0,0
Random,5,20270929,90,GURA,1,9.92458344484248e-06,115.523278887459,4.45897097268396,59.8594928849649,0.226869685744968,0,0
Random,5,20270929,90,GRA,1,7.80923260260022e-07,115.522311949965,4.45893365080164,59.8601093612391,0.226872172989678,0,0
Random,5,20270929,90,RRA,1,NaN,111.035655559539,4.28575755329141,61.9707663258188,0.234014951120451,0,0
Random,5,20270929,100,GURA,1,9.99849726568414e-06,118.219266452446,4.56303078132827,58.4685138322255,0.22157729251529,0,0
Random,5,20270929,100,GRA,1,7.91907467583993e-07,118.218293497502,4.56299322718427,58.4690982882528,0.221579656107153,0,0
Random,5,20270929,100,RRA,1,NaN,113.726993217513,4.3896378846858,60.4906411417073,0.228424501862625,0,0
Random,6,20270930,10,GURA,1,9.58836357867199e-06,59.3490467674919,2.35699936743042,112.310201093033,0.445546637800698,0,0
Random,6,20270930,10,GRA,1,5.0823834019247e-07,59.3480822228749,2.35696106132146,112.313263967505,0.44556031538861,0,0
Random,6,20270930,10,RRA,1,NaN,55.2489981472494,2.19416925421555,118.70971870513,0.466431121649499,0,0
Random,6,20270930,20,GURA,1,9.23071752367832e-06,75.4309789501392,2.99568029064823,86.9018584104218,0.343958275067248,0,0
Random,6,20270930,20,GRA,1,9.95328156045138e-07,75.4292574391153,2.99561192223096,86.9057965597237,0.343975420199362,0,0
Random,6,20270930,20,RRA,1,NaN,71.1773153833595,2.82674948413605,91.4104869352449,0.359114001547442,0,0
Random,6,20270930,30,GURA,1,8.19123768636132e-06,85.1661258899077,3.38230377373078,76.547222244114,0.302691966706445,0,0
Random,6,20270930,30,GRA,1,9.69419365313068e-07,85.1641819452022,3.38222657153983,76.5495118095253,0.302701700753934,0,0
Random,6,20270930,30,RRA,1,NaN,80.853498764094,3.21103127718457,80.2116325530729,0.315097273003076,0,0
Random,6,20270930,40,GURA,1,9.88141584201685e-06,92.1692838300955,3.66042852440629,70.5304967464374,0.278748492430325,0,0
Random,6,20270930,40,GRA,1,9.54021301298739e-07,92.1672954544554,3.66034955767672,70.5323944788904,0.278756569815577,0,0
Random,6,20270930,40,RRA,1,NaN,87.8254054602534,3.48791490999183,73.7112506524151,0.289550246260117,0,0
Random,6,20270930,50,GURA,1,8.77160683998568e-06,97.6425045538186,3.87779305654716,66.4590212106472,0.262560786347179,0,0
Random,6,20270930,50,GRA,1,9.50756710283243e-07,97.6405501954566,3.87771544078627,66.4608621959384,0.262568623542897,0,0
Random,6,20270930,50,RRA,1,NaN,93.2792483587862,3.70450986748571,69.3203002688895,0.272294601808719,0,0
Random,6,20270930,60,GURA,1,8.87449670727847e-06,102.13586154246,4.05624309334989,63.4570555246529,0.250632899989933,0,0
Random,6,20270930,60,GRA,1,9.47026603232153e-07,102.133888872451,4.05616475035679,63.4587067019905,0.250639926585557,0,0
Random,6,20270930,60,RRA,1,NaN,97.759408915194,3.88243581866078,66.0884346216107,0.259594571793243,0,0
Random,6,20270930,70,GURA,1,9.19937299315166e-06,105.947496588295,4.20761909483995,61.1181944630607,0.241344216946764,0,0
Random,6,20270930,70,GRA,1,9.45022396076767e-07,105.945510932714,4.20754023613532,61.1197031169719,0.241350628422119,0,0
Random,6,20270930,70,RRA,1,NaN,101.561475817142,4.03343182905883,63.5744337734858,0.249715857587388,0,0
Random,6,20270930,80,GURA,1,8.64292579905168e-06,109.2572773215,4.33906435840179,59.224589835201,0.233826705420805,0,0
Random,6,20270930,80,GRA,1,9.54389675806044e-07,109.255281854248,4.3389851100346,59.2259959697891,0.23383267911,0,0
Random,6,20270930,80,RRA,1,NaN,104.864000161555,4.16458891101166,61.5418892073429,0.241729259369503,0,0
Random,6,20270930,90,GURA,1,9.98738815383149e-06,112.182112014555,4.45522180147543,57.6474725381872,0.22756758041573,0,0
Random,6,20270930,90,GRA,1,9.53596883755599e-07,112.180108822187,4.45514224631151,57.6487932072044,0.227573195489103,0,0
Random,6,20270930,90,RRA,1,NaN,107.783142201064,4.28052027495619,59.8511666510441,0.235085970332571,0,0
Random,6,20270930,100,GURA,1,9.71124737603191e-06,114.802286635929,4.55927991633162,56.3051306938956,0.222241607217852,0,0
Random,6,20270930,100,GRA,1,9.53036177739667e-07,114.800277064685,4.55920010783578,56.3063824325217,0.222246924899612,0,0
Random,6,20270930,100,RRA,1,NaN,110.398731324203,4.3843962804605,58.4137355287177,0.229438049766748,0,0
Random,7,20270931,10,GURA,1,9.97137748726118e-06,63.721017624284,2.38161198222966,118.973523135519,0.449362140577029,0,0
Random,7,20270931,10,GRA,1,9.69186904971423e-07,63.719707336039,2.3815630094056,118.978410732878,0.449381303238112,0,0
Random,7,20270931,10,RRA,1,NaN,58.7438820102359,2.19558849645466,124.928370940709,0.466258094124329,0,0
Random,7,20270931,20,GURA,1,9.9679205654013e-06,80.812003002529,3.02039800735157,91.704087725774,0.34537005335175,0,0
Random,7,20270931,20,GRA,1,9.5509554255555e-07,80.8106106566948,3.02034596757497,91.7076456724236,0.345384418081409,0,0
Random,7,20270931,20,RRA,1,NaN,75.6708052496552,2.82824259885744,96.2336307078858,0.359163388347875,0,0
Random,7,20270931,30,GURA,1,9.74421873678466e-06,91.1573182444877,3.40706048793949,80.6950164119349,0.303567353088504,0,0
Random,7,20270931,30,GRA,1,9.57471399520057e-07,91.155896452461,3.40700734759344,80.6969776563622,0.303575041902486,0,0
Random,7,20270931,30,RRA,1,NaN,85.9531677651044,3.21255218281314,84.4549572288177,0.315203106070053,0,0
Random,7,20270931,40,GURA,1,8.70479585657336e-06,98.5992057510394,3.68520558223965,74.3170583315994,0.279394386176974,0,0
Random,7,20270931,40,GRA,1,9.45635982528223e-07,98.5977577542534,3.68515146247471,74.3183913333953,0.279399497510366,0,0
Random,7,20270931,40,RRA,1,NaN,93.3617044346808,3.48945076919615,77.6156580291904,0.289677526294984,0,0
Random,7,20270931,50,GURA,1,9.68380398447266e-06,104.415218517493,3.90258261433695,70.0072695756829,0.263078061767173,0,0
Random,7,20270931,50,GRA,1,8.34697856650897e-07,104.413755251097,3.90252792386099,70.0084851719898,0.263082778524692,0,0
Random,7,20270931,50,RRA,1,NaN,99.1570450671598,3.70605516765062,72.9947424323004,0.272431372111818,0,0
Random,7,20270931,60,GURA,1,9.72358837714182e-06,109.189949826023,4.08104111547659,66.832492329647,0.251068049017099,0,0
Random,7,20270931,60,GRA,1,8.29753964810522e-07,109.188475163339,4.08098599905739,66.8335943566183,0.251072317422771,0,0
Random,7,20270931,60,RRA,1,NaN,103.917702649987,3.88398765468974,69.5930827487726,0.259735710174337,0,0
Random,7,20270931,70,GURA,1,9.16810096640575e-06,113.240241120259,4.23242322827882,64.3605425454719,0.241722213835152,0,0
Random,7,20270931,70,GRA,1,9.43253283306757e-07,113.238757941969,4.23236779358365,64.3615994643254,0.241726331595488,0,0
Random,7,20270931,70,RRA,1,NaN,107.957792216277,4.03498847167435,66.9466942079818,0.249858863033411,0,0
Random,7,20270931,80,GURA,1,9.41958537126197e-06,116.75723733556,4.36387311153722,62.3601064155721,0.234162510266613,0,0
Random,7,20270931,80,GRA,1,9.540187642377e-07,116.755784824128,4.36381882303463,62.3610497760563,0.234166086567813,0,0
Random,7,20270931,80,RRA,1,NaN,111.467053132937,4.16614924341794,64.8069224574545,0.24187280649459,0,0
Random,7,20270931,90,GURA,1,9.72156600909102e-06,119.86517455903,4.48003416494471,60.694710483645,0.22787132497387,0,0
Random,7,20270931,90,GRA,1,9.52707095823842e-07,119.863717869948,4.47997972029988,60.6955542938782,0.227874503510043,0,0
Random,7,20270931,90,RRA,1,NaN,114.568923177775,4.2820835323156,63.0268774949947,0.235229319688177,0,0
Random,7,20270931,100,GURA,1,9.31890003030844e-06,122.649369814791,4.58409516442659,59.277678816509,0.222520049294461,0,0
Random,7,20270931,100,GRA,1,9.49104857052302e-07,122.647909539848,4.58404058575803,59.2784806131378,0.222523069817586,0,0
Random,7,20270931,100,RRA,1,NaN,117.348232450398,4.38596191519122,61.5134166702267,0.229580776758244,0,0
Random,8,20270932,10,GURA,1,9.33469400621334e-06,63.1865625136189,2.36556621005804,118.635586266849,0.446917202260994,0,0
Random,8,20270932,10,GRA,1,9.51020764796537e-07,63.1850373555588,2.36550911148789,118.641290886628,0.44694068924166,0,0
Random,8,20270932,10,RRA,1,NaN,58.7019977099154,2.19767394713948,125.130144806818,0.467738111534604,0,0
Random,8,20270932,20,GURA,1,9.00480413790206e-06,80.2481163301899,3.00431333593418,91.6110971228811,0.344403024659783,0,0
Random,8,20270932,20,GRA,1,9.54776621308378e-07,80.2463395654058,3.00424681776055,91.6150501335591,0.344419086263566,0,0
Random,8,20270932,20,RRA,1,NaN,75.6021857603762,2.83037989291996,96.3242203632777,0.359943881660346,0,0
Random,8,20270932,30,GURA,1,9.96041837098005e-06,90.5758670222633,3.39096165309508,80.6482293632816,0.302936980342421,0,0
Random,8,20270932,30,GRA,1,9.92353298445665e-07,90.5739958095859,3.39089159899962,80.6510289078939,0.302948366550516,0,0
Random,8,20270932,30,RRA,1,NaN,85.8678032736299,3.21470208024419,84.5099986003315,0.315750654607111,0,0
Random,8,20270932,40,GURA,1,8.66357331119616e-06,98.0052043635121,3.66909973623249,74.2882030855001,0.278912267401711,0,0
Random,8,20270932,40,GRA,1,9.62730389839196e-07,98.0032841274777,3.66902784681016,74.2903864250739,0.278921130672478,0,0
Random,8,20270932,40,RRA,1,NaN,93.2641604228706,3.49160545738223,77.6535000964762,0.290108193727487,0,0
Random,8,20270932,50,GURA,1,8.06882944104359e-06,103.811440732056,3.88647248155436,69.9878295290513,0.262680868756841,0,0
Random,8,20270932,50,GRA,1,9.62046382644368e-07,103.809490331452,3.88639946283674,69.9896759655553,0.262688363294557,0,0
Random,8,20270932,50,RRA,1,NaN,99.0499339165857,3.70821211758521,73.0225372998038,0.272791471055348,0,0
Random,8,20270932,60,GURA,1,9.93615593003483e-06,108.578162190466,4.06492807030938,66.8186447892286,0.250725764898648,0,0
Random,8,20270932,60,GRA,1,9.6084017169001e-07,108.576192368195,4.06485432448717,66.8202656488228,0.250732353436714,0,0
Random,8,20270932,60,RRA,1,NaN,103.802715292027,3.88614582023146,69.6143277552947,0.260048388236333,0,0
Random,8,20270932,70,GURA,1,9.16461872790819e-06,112.621668446081,4.21630806928274,64.3503659769667,0.241418653325447,0,0
Random,8,20270932,70,GRA,1,9.70888173041745e-07,112.619685244692,4.21623382257571,64.3518515283259,0.241424695673339,0,0
Random,8,20270932,70,RRA,1,NaN,107.836112249144,4.03714734925829,66.9633495561771,0.250137363034391,0,0
Random,8,20270932,80,GURA,1,9.49306663855509e-06,116.132779181998,4.34775634857261,62.3525005632559,0.23388786623159,0,0
Random,8,20270932,80,GRA,1,9.66756167183848e-07,116.130785816503,4.34768172134378,62.3538571916318,0.233893392934044,0,0
Random,8,20270932,80,RRA,1,NaN,111.339555217396,4.16830856415708,64.8201926331444,0.242125424648723,0,0
Random,8,20270932,90,GURA,1,9.31072226606489e-06,119.235519820277,4.46391614775306,60.6888837058082,0.227618733689911,0,0
Random,8,20270932,90,GRA,1,9.57700225393721e-07,119.233591271294,4.46384394711219,60.69012955991,0.227623839340352,0,0
Random,8,20270932,90,RRA,1,NaN,114.436279958777,4.28424314136217,63.0375534661293,0.235461604680295,0,0
Random,8,20270932,100,GURA,1,9.96732122970911e-06,122.015063284774,4.56797615414423,59.2731526881199,0.222284974107066,0,0
Random,8,20270932,100,GRA,1,9.57348166197256e-07,122.013128881121,4.56790373431737,59.2743320682987,0.22228981059684,0,0
Random,8,20270932,100,RRA,1,NaN,117.21097726162,4.38812171809803,61.5220446794831,0.229796627817443,0,0
Random,9,20270933,10,GURA,1,9.64709712292233e-06,63.6970413356922,2.35686048669824,119.208474078778,0.448823427936022,0,0
Random,9,20270933,10,GRA,1,7.50755542747081e-07,63.6959483475864,2.35682004493792,119.208503021547,0.448823423265946,0,0
Random,9,20270933,10,RRA,1,NaN,59.1145855475948,2.18730458971255,124.724007427005,0.465068972797098,0,0
Random,9,20270933,20,GURA,1,9.53457228902721e-06,80.9680487294785,2.99590672869503,92.0829233256327,0.345963778408187,0,0
Random,9,20270933,20,GRA,1,7.28155821376754e-07,80.967008643873,2.99586824438532,92.0833887945473,0.345965764407901,0,0
Random,9,20270933,20,RRA,1,NaN,76.1960023609357,2.81933577200904,96.107158379111,0.358408737877258,0,0
Random,9,20270933,30,GURA,1,9.6572140684259e-06,91.4204117844829,3.38265564136644,81.05582197997,0.304276977541331,0,0
Random,9,20270933,30,GRA,1,6.25064175523936e-07,91.4193909170396,3.38261786814983,81.0559823569539,0.304277585147428,0,0
Random,9,20270933,30,RRA,1,NaN,86.5758393738001,3.20340114146726,84.3570656481594,0.31460847546877,0,0
Random,9,20270933,40,GURA,1,9.68624580011124e-06,98.9387981882129,3.66084419560862,74.6551141159692,0.280112801384888,0,0
Random,9,20270933,40,GRA,1,5.94115955533236e-07,98.937783034781,3.66080663381671,74.6552411520943,0.2801132851318,0,0
Random,9,20270933,40,RRA,1,NaN,94.0558047157016,3.48016807422464,77.5331506685177,0.289169477851662,0,0
Random,9,20270933,50,GURA,1,9.11432807626511e-06,104.814382397506,3.87824726439748,70.3263490217321,0.263784302097566,0,0
Random,9,20270933,50,GRA,1,5.97304588468266e-07,104.813384747161,3.87821035023903,70.3264707013132,0.263784734826936,0,0
Random,9,20270933,50,RRA,1,NaN,99.9075710381991,3.69668985504334,72.9220489618398,0.271978831846533,0,0
Random,9,20270933,60,GURA,1,9.78407640417345e-06,109.637910373932,4.05672309711645,67.1359890226909,0.25175695388934,0,0
Random,9,20270933,60,GRA,1,5.90654473841461e-07,109.636904562721,4.05668588099698,67.1361103724969,0.25175739519013,0,0
Random,9,20270933,60,RRA,1,NaN,104.714880362067,3.874565579805,69.5272886149056,0.259322368540485,0,0
Random,9,20270933,70,GURA,1,9.446800071089e-06,113.729531572169,4.20811757520281,64.6511252296259,0.242393349960418,0,0
Random,9,20270933,70,GRA,1,5.93402818213748e-07,113.728550342227,4.20808126861727,64.6512182777317,0.242393669444168,0,0
Random,9,20270933,70,RRA,1,NaN,108.794742574495,4.02552496250173,66.8860662234026,0.249474990159004,0,0
Random,9,20270933,80,GURA,1,9.55671143998416e-06,117.282376076892,4.33957672390069,62.6398129015132,0.234816823889671,0,0
Random,9,20270933,80,GRA,1,5.9253465669237e-07,117.2813895466,4.33954022119642,62.6398947519702,0.234817100085623,0,0
Random,9,20270933,80,RRA,1,NaN,112.338669302877,4.1566541436808,64.7503378495512,0.241512079807459,0,0
Random,9,20270933,90,GURA,1,9.76766023086384e-06,120.421965558139,4.45574498285967,60.9650031323107,0.228509669374611,0,0
Random,9,20270933,90,GRA,1,5.91719422498687e-07,120.420975405341,4.45570834611867,60.9650892902373,0.228509967036873,0,0
Random,9,20270933,90,RRA,1,NaN,115.471262796606,4.27256354341802,62.9735628292671,0.234887371164127,0,0
Random,9,20270933,100,GURA,1,8.66788090547743e-06,123.234497652365,4.55981175929777,59.5397838231063,0.223143741306495,0,0
Random,9,20270933,100,GRA,1,5.91952700678501e-07,123.233504355147,4.55977500620979,59.5398454255677,0.223143924129503,0,0
Random,9,20270933,100,RRA,1,NaN,118.278159576539,4.37642180703814,61.4628139061087,0.229254446306405,0,0
Random,10,20270934,10,GURA,1,9.46804600587825e-06,62.7751822072858,2.3702231549234,118.275801645947,0.443320369642079,0,0
Random,10,20270934,10,GRA,1,5.54809279975209e-07,62.7744072029369,2.37019389282988,118.277936832605,0.443329118015507,0,0
Random,10,20270934,10,RRA,1,NaN,58.1566385556519,2.19583928664597,125.336906091217,0.465589638311266,0,0
Random,10,20270934,20,GURA,1,9.96449679746547e-06,79.693415937476,3.00901045776693,91.4662793917054,0.34207965088326,0,0
Random,10,20270934,20,GRA,1,4.17919227551939e-07,79.6927123798832,3.00898389331202,91.4680598293359,0.342086735730679,0,0
Random,10,20270934,20,RRA,1,NaN,74.9130689585953,2.82851732816521,96.5833336316587,0.358724800970405,0,0
Random,10,20270934,30,GURA,1,9.74226675154455e-06,89.9340816549041,3.39567063383984,80.580932205933,0.301104404624686,0,0
Random,10,20270934,30,GRA,1,4.14280400022679e-07,89.9334117750562,3.3956453409666,80.582273578331,0.301109907667651,0,0
Random,10,20270934,30,RRA,1,NaN,85.0915659673804,3.21283017990459,84.7762574114397,0.314850817916214,0,0
Random,10,20270934,40,GURA,1,9.9187147242219e-06,97.3007063156201,3.67381469858829,74.2600080249359,0.277344376591535,0,0
Random,10,20270934,40,GRA,1,4.13426292646586e-07,97.3000443020223,3.67378970272363,74.2611183635792,0.277348940188018,0,0
Random,10,20270934,40,RRA,1,NaN,92.4251957652973,3.48972844679073,77.9191287286338,0.289372992107691,0,0
Random,10,20270934,50,GURA,1,9.65707530653503e-06,103.057903879469,3.89119109629024,69.9833720635469,0.26128255326559,0,0
Random,10,20270934,50,GRA,1,4.13231372104985e-07,103.057253552323,3.89116654167479,69.9843408807243,0.261286539008067,0,0
Random,10,20270934,50,RRA,1,NaN,98.161917237065,3.70633172196452,73.2855580235867,0.272158035692858,0,0
Random,10,20270934,60,GURA,1,9.90892922203557e-06,107.784352305811,4.0696491605564,66.8302313415197,0.249447367579286,0,0
Random,10,20270934,60,GRA,1,4.13323142657073e-07,107.783697108812,4.06962442206827,66.831171489806,0.249451234387817,0,0
Random,10,20270934,60,RRA,1,NaN,102.874412600906,3.884262955871,69.874248220684,0.25948474385773,0,0
Random,10,20270934,70,GURA,1,9.54399538954931e-06,111.793687341158,4.2210309391906,64.3735513695262,0.240230493920787,0,0
Random,10,20270934,70,GRA,1,4.13083822651261e-07,111.793029001662,4.22100608205019,64.3744507850927,0.240234205959898,0,0
Random,10,20270934,70,RRA,1,NaN,106.873626269026,4.03526257872138,67.2201465854806,0.249624924267729,0,0
Random,10,20270934,80,GURA,1,9.23842663880237e-06,115.275120568451,4.35248055602167,62.3844648191346,0.232770583165283,0,0
Random,10,20270934,80,GRA,1,4.19631715234089e-07,115.274478287186,4.3524563051972,62.3852447882983,0.2327738019434,0,0
Random,10,20270934,80,RRA,1,NaN,110.34738071338,4.16642226522515,65.0740016481609,0.241652379466104,0,0
Random,10,20270934,90,GURA,1,8.37371349504679e-06,118.35163171936,4.46864139713538,60.7277368972398,0.226558974686509,0,0
Random,10,20270934,90,GRA,1,4.19727991197222e-07,118.35098791606,4.46861708884291,60.7284598232965,0.226561962229506,0,0
Random,10,20270934,90,RRA,1,NaN,113.417865938142,4.28235558346787,63.2885588583658,0.23501994849842,0,0
Random,10,20270934,100,GURA,1,8.39059389790009e-06,121.107675276815,4.57270223815832,59.3175578762973,0.221273056538903,0,0
Random,10,20270934,100,GRA,1,4.19755958062916e-07,121.107030638132,4.572677898324,59.3182515292532,0.221275917257505,0,0
Random,10,20270934,100,RRA,1,NaN,116.169054209268,4.38623310185155,61.7704381503524,0.229380667444445,0,0
Random,11,20270935,10,GURA,1,8.6878219143216e-06,61.5271131211352,2.38134946991874,114.214031671064,0.447808245483556,0,0
Random,11,20270935,10,GRA,1,8.8054339039814e-07,61.5260603227712,2.38130872234098,114.217368804171,0.447821371433543,0,0
Random,11,20270935,10,RRA,1,NaN,56.633318176859,2.19193970558445,120.063446750549,0.465626745410783,0,0
Random,11,20270935,20,GURA,1,8.01166492792049e-06,78.0337788800424,3.02022455703211,88.1093560512053,0.344603281370252,0,0
Random,11,20270935,20,GRA,1,8.46440172532035e-07,78.0326055316469,3.02017914367793,88.1119652966273,0.344613630211954,0,0
Random,11,20270935,20,RRA,1,NaN,72.9701909461534,2.82424311355835,92.4501191630441,0.358594837839528,0,0
Random,11,20270935,30,GURA,1,9.84475509469007e-06,88.0248261628858,3.40691871419319,77.550124078971,0.303011596547745,0,0
Random,11,20270935,30,GRA,1,7.68336992300876e-07,88.0236357920873,3.4068726420028,77.5522348385857,0.303020060819959,0,0
Random,11,20270935,30,RRA,1,NaN,82.8959843785779,3.20841168136179,81.1237150931018,0.314684832524754,0,0
Random,11,20270935,40,GURA,1,9.50957991463497e-06,95.2117144150498,3.68508051411318,71.4290434272767,0.278940086731096,0,0
Random,11,20270935,40,GRA,1,8.17127167374357e-07,95.2104929169095,3.68503323716809,71.4309918622502,0.278947936574284,0,0
Random,11,20270935,40,RRA,1,NaN,90.0482511731392,3.48523349008883,74.5496543624238,0.289196085165839,0,0
Random,11,20270935,50,GURA,1,9.68893254693626e-06,100.828365718331,3.90246775894384,67.2917202837892,0.262685566060821,0,0
Random,11,20270935,50,GRA,1,7.75440960120311e-07,100.827167871946,3.90242139741786,67.293390079398,0.262692297869822,0,0
Random,11,20270935,50,RRA,1,NaN,95.6434237701476,3.70178942164631,70.1090710190533,0.271978035511428,0,0
Random,11,20270935,60,GURA,1,9.42585539576157e-06,105.439389890334,4.08093314453999,64.2433461902661,0.250717275064009,0,0
Random,11,20270935,60,GRA,1,7.62664936820954e-07,105.438178969615,4.08088627698412,64.2448968099709,0.250723546664184,0,0
Random,11,20270935,60,RRA,1,NaN,100.239815275777,3.87968846355195,66.8407369114522,0.259304674137427,0,0
Random,11,20270935,70,GURA,1,9.71339636635093e-06,109.350789437756,4.23232021223088,61.8694725023354,0.241401847010639,0,0
Random,11,20270935,70,GRA,1,7.58529051270846e-07,109.349568737712,4.23227296617536,61.8709284253442,0.241407744433074,0,0
Random,11,20270935,70,RRA,1,NaN,104.140602183926,4.03066477894803,64.2984006602143,0.249446078838208,0,0
Random,11,20270935,80,GURA,1,9.74595645075738e-06,112.74716694099,4.36377383254044,59.9481904943189,0.233865431116127,0,0
Random,11,20270935,80,GRA,1,7.52944353264501e-07,112.74593887611,4.36372630143583,59.9496589933948,0.233871437057099,0,0
Random,11,20270935,80,RRA,1,NaN,107.528929179933,4.16180681189157,62.2429656579021,0.241475327264167,0,0
Random,11,20270935,90,GURA,1,9.93445461361375e-06,115.748504546237,4.47993780241875,58.3485045481359,0.227592566165592,0,0
Random,11,20270935,90,GRA,1,7.50006777676772e-07,115.747270573065,4.4798900426392,58.3499232473998,0.22759838591326,0,0
Random,11,20270935,90,RRA,1,NaN,110.523949995237,4.27772629631264,60.5332133340808,0.234844924194626,0,0
Random,11,20270935,100,GURA,1,8.40868174378784e-06,118.437197281215,4.58400114448729,56.9872483167411,0.222256109255718,0,0
Random,11,20270935,100,GRA,1,7.4816081430633e-07,118.435958152419,4.58395318516412,56.9886090347797,0.222261699035453,0,0
Random,11,20270935,100,RRA,1,NaN,113.207553956572,4.38159268214835,59.0796103045482,0.229207742129722,0,0
Random,12,20270936,10,GURA,1,9.36920022454046e-06,61.2344913188023,2.36758923104731,115.204216439395,0.448329753416163,0,0
Random,12,20270936,10,GRA,1,7.70844792992033e-07,61.2332722875577,2.36754209804783,115.208942074814,0.448348076055328,0,0
Random,12,20270936,10,RRA,1,NaN,56.7291183628899,2.19339210353733,122.284398627606,0.470852249382792,0,0
Random,12,20270936,20,GURA,1,9.64138441972295e-06,77.7547794220112,3.00633473810676,88.9203946305576,0.345212786862101,0,0
Random,12,20270936,20,GRA,1,7.7242517998163e-07,77.7534552156894,3.00628353858572,88.9234054117184,0.345224737784222,0,0
Random,12,20270936,20,RRA,1,NaN,73.0876120860526,2.82588194285805,93.975653928455,0.36184499652783,0,0
Random,12,20270936,30,GURA,1,9.60825169471491e-06,87.7548884522399,3.39298203343587,78.2671190829778,0.303557976081844,0,0
Random,12,20270936,30,GRA,1,7.93863096425285e-07,87.7535274198208,3.39292941005925,78.2690696906426,0.303565589814352,0,0
Random,12,20270936,30,RRA,1,NaN,83.0257050168744,3.21013142862027,82.3870934364077,0.317221820913935,0,0
Random,12,20270936,40,GURA,1,9.34259441720542e-06,94.9485365687847,3.67111945967828,72.0883283315142,0.279435031458181,0,0
Random,12,20270936,40,GRA,1,7.8581707823697e-07,94.947180527867,3.67106702929462,72.0901419884316,0.279442378031841,0,0
Random,12,20270936,40,RRA,1,NaN,90.1865146998472,3.48699917955364,75.6683906301084,0.291350753383477,0,0
Random,12,20270936,50,GURA,1,9.47616531732365e-06,100.570576129469,3.88849172870065,67.9114733946183,0.263143277950472,0,0
Random,12,20270936,50,GRA,1,7.85660183841559e-07,100.569198443739,3.8884384614353,67.9128898518549,0.26314906610553,0,0
Random,12,20270936,50,RRA,1,NaN,95.7882121276126,3.70358493408395,71.1335406782817,0.273888899612977,0,0
Random,12,20270936,60,GURA,1,8.47609851462039e-06,105.186078658332,4.06694693993635,64.8336629160489,0.251146160046542,0,0
Random,12,20270936,60,GRA,1,7.98431381914743e-07,105.184689818891,4.06689324142047,64.8348205462945,0.251150900044911,0,0
Random,12,20270936,60,RRA,1,NaN,100.389873293313,3.88150497859155,67.797700072565,0.261043976325501,0,0
Random,12,20270936,70,GURA,1,8.93474566510122e-06,109.101309891642,4.21832664613467,62.4367119208288,0.241807588833826,0,0
Random,12,20270936,70,GRA,1,8.14259408434134e-07,109.099913960861,4.21827267343705,62.4377442695616,0.241811834639062,0,0
Random,12,20270936,70,RRA,1,NaN,104.295075581202,4.03249692255546,65.2039970549188,0.251056737033555,0,0
Random,12,20270936,80,GURA,1,8.63812129026087e-06,112.501036028251,4.34977470451144,60.4966635502037,0.234252055718725,0,0
Random,12,20270936,80,GRA,1,8.16891984199646e-07,112.499634091996,4.34972049961633,60.4976815232193,0.234256337514071,0,0
Random,12,20270936,80,RRA,1,NaN,107.687199793833,4.16365105780233,63.1077871722783,0.242985147129883,0,0
Random,12,20270936,90,GURA,1,9.23227883475874e-06,115.505347656326,4.46593433455243,58.8812804988458,0.227962962098724,0,0
Random,12,20270936,90,GRA,1,7.89328609944324e-07,115.50398666295,4.46588171268542,58.8821878430008,0.227966703606098,0,0
Random,12,20270936,90,RRA,1,NaN,110.685550198602,4.27958020126952,61.3646433057145,0.236273072563989,0,0
Random,12,20270936,100,GURA,1,9.98982405420179e-06,118.196715440852,4.56999420744756,57.5066602163275,0.222612667796405,0,0
Random,12,20270936,100,GRA,1,7.89842343898306e-07,118.195351095825,4.56994145599126,57.5075258095507,0.222616241510787,0,0
Random,12,20270936,100,RRA,1,NaN,113.372117870371,4.38345448112666,59.8830339801204,0.230568060872706,0,0
Random,13,20270937,10,GURA,1,9.89437785392511e-06,64.6335244532887,2.39697269058377,117.70840933632,0.453459159380701,0,0
Random,13,20270937,10,GRA,1,7.88372925451616e-07,64.6322916968479,2.39692697307807,117.710521240047,0.453468846416306,0,0
Random,13,20270937,10,RRA,1,NaN,59.0029414512607,2.18815917156114,124.050182435329,0.470999089527284,0,0
Random,13,20270937,20,GURA,1,9.64402520864382e-06,81.86820816362,3.03613118509491,90.4780836979184,0.347345565756649,0,0
Random,13,20270937,20,GRA,1,9.72185584943553e-07,81.8673475621117,3.03609926917619,90.4807167016654,0.347356383164254,0,0
Random,13,20270937,20,RRA,1,NaN,76.0475170854843,2.82026739501645,95.323736592733,0.361902076967399,0,0
Random,13,20270937,30,GURA,1,9.30517444430734e-06,92.2978397850809,3.42292027606516,79.5491265432231,0.304973245130294,0,0
Random,13,20270937,30,GRA,1,7.49362812212843e-07,92.2969618920746,3.42288771888095,79.5511298764239,0.304981584778528,0,0
Random,13,20270937,30,RRA,1,NaN,86.404540485708,3.20436376692349,83.5649700888455,0.317250073217896,0,0
Random,13,20270937,40,GURA,1,9.46591274697539e-06,99.7996555924942,3.70112957645933,73.2302663984895,0.280528633880687,0,0
Random,13,20270937,40,GRA,1,7.47791522914674e-07,99.7987446111522,3.70109579217452,73.2317079119325,0.280534769799752,0,0
Random,13,20270937,40,RRA,1,NaN,93.8679088849444,3.48114722232154,76.7480595185092,0.291365645708644,0,0
Random,13,20270937,50,GURA,1,9.83243469576678e-06,105.662194310724,3.91854531115662,68.9652218461335,0.26405124344681,0,0
Random,13,20270937,50,GRA,1,7.47604934607423e-07,105.661260239841,3.91851067058244,68.9663868923459,0.26405624819316,0,0
Random,13,20270937,50,RRA,1,NaN,99.7066170034957,3.69767918505818,72.1471832100929,0.273896431229791,0,0
Random,13,20270937,60,GURA,1,9.7352383718885e-06,110.474962453289,4.0970296797783,65.8255429654984,0.25193280014616,0,0
Random,13,20270937,60,GRA,1,7.57596593058424e-07,110.474011919613,4.09699442867168,65.8266204556955,0.251937455823331,0,0
Random,13,20270937,60,RRA,1,NaN,104.50315847311,3.87556177786382,68.7629255322569,0.261047013279304,0,0
Random,13,20270937,70,GURA,1,9.51735116316854e-06,114.557426759906,4.24843029634713,63.3821070459145,0.242508261093739,0,0
Random,13,20270937,70,GRA,1,8.97515573558151e-07,114.556465366504,4.2483946425011,63.3832098251988,0.242513067580115,0,0
Random,13,20270937,70,RRA,1,NaN,108.573857974389,4.02652608963041,66.1316717162573,0.251056835431753,0,0
Random,13,20270937,80,GURA,1,9.91285235585337e-06,118.102301153881,4.3798940713119,61.4054841756932,0.234888438351559,0,0
Random,13,20270937,80,GRA,1,7.80289498365997e-07,118.101371190556,4.37985958306899,61.4065587295407,0.234893026859872,0,0
Random,13,20270937,80,RRA,1,NaN,112.109809968369,4.15765897208539,64.0051758714986,0.242983229079167,0,0
Random,13,20270937,90,GURA,1,9.48598830063929e-06,121.234834730109,4.49606594183989,59.7602915672314,0.228549109610163,0,0
Random,13,20270937,90,GRA,1,7.88431822756528e-07,121.233899507364,4.49603125854825,59.7613110730436,0.22855344639646,0,0
Random,13,20270937,90,RRA,1,NaN,115.235343686295,4.27357124870558,62.2368899118068,0.236269720491166,0,0
Random,13,20270937,100,GURA,1,9.83186020775406e-06,124.041036881097,4.60013561740027,58.3607426537397,0.223158335125384,0,0
Random,13,20270937,100,GRA,1,7.84414697602017e-07,124.040096457276,4.60010074122359,58.3617358358299,0.223162545355196,0,0
Random,13,20270937,100,RRA,1,NaN,118.0359071456,4.37743181003165,60.7339411750545,0.230563661009542,0,0
Random,14,20270938,10,GURA,1,9.61720132153232e-06,61.8290251996436,2.37628166621682,118.102900998086,0.439193754522538,0,0
Random,14,20270938,10,GRA,1,8.44816003639312e-07,61.8280326284399,2.37624351861954,118.107824117668,0.439212340929101,0,0
Random,14,20270938,10,RRA,1,NaN,57.0590306383606,2.19295594520907,127.283103696883,0.469910056388334,0,0
Random,14,20270938,20,GURA,1,9.80421473073534e-06,78.4532397516426,3.01520191649755,91.5289250409278,0.339746503638578,0,0
Random,14,20270938,20,GRA,1,8.82949691083817e-07,78.452292998763,3.01516552984091,91.531635182099,0.339756895740266,0,0
Random,14,20270938,20,RRA,1,NaN,73.5132182713706,2.82534153237564,97.915459503989,0.361442431309591,0,0
Random,14,20270938,30,GURA,1,9.23439819899841e-06,88.5149573620901,3.40190500636764,80.6948640437995,0.299310902760629,0,0
Random,14,20270938,30,GRA,1,8.82257506555439e-07,88.5139905551176,3.40186784896986,80.6970817692081,0.299319457047311,0,0
Random,14,20270938,30,RRA,1,NaN,83.5097946291704,3.20954104138089,85.8771372006202,0.316985747338269,0,0
Random,14,20270938,40,GURA,1,9.64887163590333e-06,95.752608956723,3.68007045916682,74.3958011030003,0.275829324157842,0,0
Random,14,20270938,40,GRA,1,8.85337391798468e-07,95.7515857868853,3.6800311355689,74.3977650541747,0.275836947463709,0,0
Random,14,20270938,40,RRA,1,NaN,90.712920044824,3.48637954577925,78.892415103181,0.291193659507997,0,0
Random,14,20270938,50,GURA,1,8.36625395095325e-06,101.408907854436,3.89745961136319,70.1306575289037,0.259941400714971,0,0
Random,14,20270938,50,GRA,1,9.43172427070965e-07,101.407893251209,3.89742061700672,70.1322927664139,0.259947741674666,0,0
Random,14,20270938,50,RRA,1,NaN,96.3478156759548,3.70294610389763,74.1756759641291,0.27377733622182,0,0
Random,14,20270938,60,GURA,1,9.52978810175864e-06,106.052470128776,4.07592614650297,66.984339958423,0.248227144902965,0,0
Random,14,20270938,60,GRA,1,9.4093223920723e-07,106.051426249828,4.07588602698953,66.9858055999948,0.248232833327064,0,0
Random,14,20270938,60,RRA,1,NaN,100.976805642571,3.88085257994596,70.7048007043151,0.260961798577411,0,0
Random,14,20270938,70,GURA,1,9.46590925821056e-06,109.991465211642,4.22731397395955,64.5320054625866,0.239100201989764,0,0
Random,14,20270938,70,GRA,1,9.11812447418132e-07,109.990402715486,4.22727313892894,64.5333432752524,0.239105400909602,0,0
Random,14,20270938,70,RRA,1,NaN,104.905237344017,4.03183442381281,68.0053724518966,0.250994981158863,0,0
Random,14,20270938,80,GURA,1,9.8696557842004e-06,113.41180145372,4.35876812964294,62.5458411707251,0.231710460294683,0,0
Random,14,20270938,80,GRA,1,9.32246836108062e-07,113.410724035316,4.35872672110396,62.5470963673534,0.231715340064789,0,0
Random,14,20270938,80,RRA,1,NaN,108.317564035244,4.16298074755511,65.8232473080307,0.242938345347327,0,0
Random,14,20270938,90,GURA,1,9.8037027527198e-06,116.434309272314,4.47493250215456,60.8911465319158,0.225555514116492,0,0
Random,14,20270938,90,GRA,1,8.89765377483576e-07,116.433219184652,4.4748906066966,60.8923180714701,0.225560073568296,0,0
Random,14,20270938,90,RRA,1,NaN,111.333789483806,4.27890366905438,64.0083406259496,0.2362376556256,0,0
Random,14,20270938,100,GURA,1,9.23547412412518e-06,119.141966018274,4.57899616906598,59.4824113668141,0.220316549759121,0,0
Random,14,20270938,100,GRA,1,8.91048029320833e-07,119.140866388449,4.57895390687305,59.4835454975145,0.220320967015537,0,0
Random,14,20270938,100,RRA,1,NaN,114.036386528086,4.38277287589952,62.465509551431,0.230541576312278,0,0
Random,15,20270939,10,GURA,1,9.51844772245636e-06,64.9688122017579,2.38815643254984,120.385782990436,0.448626181327397,0,0
Random,15,20270939,10,GRA,1,9.70548187603187e-07,64.9678329739024,2.38812043759745,120.388339645076,0.448636930526522,0,0
Random,15,20270939,10,RRA,1,NaN,59.690810952481,2.19414499525708,127.119003481636,0.469264595182548,0,0
Random,15,20270939,20,GURA,1,9.41587772018693e-06,82.3528545476374,3.02716784656654,92.7620286402254,0.344794669214105,0,0
Random,15,20270939,20,GRA,1,9.69072217665373e-07,82.3518420144325,3.02713062735929,92.7631645493181,0.344799768076553,0,0
Random,15,20270939,20,RRA,1,NaN,76.9011666282615,2.82677194687731,97.829269301868,0.36099774188348,0,0
Random,15,20270939,30,GURA,1,8.83795771144946e-06,92.8738487122925,3.41390386712227,81.6217438137319,0.303074688692712,0,0
Random,15,20270939,30,GRA,1,9.67025300114722e-07,92.87281719032,3.4138659499163,81.623041257538,0.303080295046098,0,0
Random,15,20270939,30,RRA,1,NaN,87.3559429024624,3.21107389675084,85.8181581487598,0.316619571658891,0,0
Random,15,20270939,40,GURA,1,9.79199651496288e-06,100.441684703763,3.69208620709468,75.1692789645378,0.278950037062341,0,0
Random,15,20270939,40,GRA,1,9.93227721528065e-07,100.44059754253,3.69204624467264,75.1707366218033,0.278956203412177,0,0
Random,15,20270939,40,RRA,1,NaN,94.8887672399288,3.48796926065133,78.8477681443647,0.290872120496472,0,0
Random,15,20270939,50,GURA,1,9.02218337373029e-06,106.355949591497,3.90948574476182,70.8102915714384,0.262668805145766,0,0
Random,15,20270939,50,GRA,1,9.85125096580998e-07,106.354861849296,3.90944576098428,70.8114819743973,0.26267384552273,0,0
Random,15,20270939,50,RRA,1,NaN,100.781356433736,3.70457203220676,74.1400508717874,0.273485530210372,0,0
Random,15,20270939,60,GURA,1,8.69678214598935e-06,111.211249231478,4.08795930267709,67.5996779601681,0.250685201430382,0,0
Random,15,20270939,60,GRA,1,9.95725778786441e-07,111.210138048464,4.08791845725031,67.6007008747927,0.250689596186428,0,0
Random,15,20270939,60,RRA,1,NaN,105.621911713465,3.88250360947647,70.6754550584105,0.260691629089683,0,0
Random,15,20270939,70,GURA,1,8.22223253038601e-06,115.32983013767,4.23935218105626,65.1000003306086,0.24136004261486,0,0
Random,15,20270939,70,GRA,1,9.87282225113459e-07,115.32873544729,4.23931194187404,65.1009070822797,0.241363963737235,0,0
Random,15,20270939,70,RRA,1,NaN,109.729811981557,4.03350388356261,67.9806891830237,0.250741474099909,0,0
Random,15,20270939,80,GURA,1,9.99379653165988e-06,118.906089848777,4.37081014287073,63.0772111591377,0.233817069084708,0,0
Random,15,20270939,80,GRA,1,9.7187789959409e-07,118.904983455926,4.37076947352316,63.0780155350017,0.233820586365905,0,0
Random,15,20270939,80,RRA,1,NaN,113.297977560149,4.16466431716348,65.802185360087,0.242698186752554,0,0
Random,15,20270939,90,GURA,1,7.94001842763237e-06,122.066374596719,4.48697748676563,61.3931486893489,0.227539334568852,0,0
Random,15,20270939,90,GRA,1,9.73889992485662e-07,122.065259581145,4.48693650045967,61.3938818706801,0.227542572784797,0,0
Random,15,20270939,90,RRA,1,NaN,116.451916253784,4.28059838958708,63.9901864535826,0.23600850651298,0,0
Random,15,20270939,100,GURA,1,9.94430105549782e-06,124.897448646591,4.59104353744592,59.9602197017546,0.222199284154295,0,0
Random,15,20270939,100,GRA,1,9.93444398832753e-07,124.896327230493,4.59100231586629,59.9608968008793,0.222202297079046,0,0
Random,15,20270939,100,RRA,1,NaN,119.277881050846,4.38447663177048,62.4497505675628,0.230321712965951,0,0
Random,16,20270940,10,GURA,1,6.77223427913987e-06,64.3305225701303,2.39307101242155,118.488927249691,0.450774097783702,0,0
Random,16,20270940,10,GRA,1,9.14064178158444e-07,64.3300197682649,2.39305230838308,118.492173243133,0.450787006059132,0,0
Random,16,20270940,10,RRA,1,NaN,59.0797931236123,2.19774587078552,123.678993575872,0.464236320965657,0,0
Random,16,20270940,20,GURA,1,9.96556817867145e-06,81.5078689524735,3.03206177536922,91.2070176551551,0.345848205626224,0,0
Random,16,20270940,20,GRA,1,9.62888289883402e-07,81.5070444541827,3.03203110434587,91.2091400539508,0.345856866593076,0,0
Random,16,20270940,20,RRA,1,NaN,76.0884493749107,2.83046142491229,95.3729642456869,0.357960185296263,0,0
Random,16,20270940,30,GURA,1,6.97870190435879e-06,91.903975611845,3.41879299555265,80.2286540044663,0.303824982058797,0,0
Random,16,20270940,30,GRA,1,9.87135431373455e-07,91.9031760836368,3.4187632534069,80.2302710477645,0.303831668144158,0,0
Random,16,20270940,30,RRA,1,NaN,86.4200267234835,3.21479217923668,83.7400371419348,0.314287701707709,0,0
Random,16,20270940,40,GURA,1,8.12544739758891e-06,99.3820144990441,3.69697320264188,73.8761370265302,0.279559534937345,0,0
Random,16,20270940,40,GRA,1,9.95843384435467e-07,99.3812118915768,3.69694334594886,73.8775909490345,0.279565615073099,0,0
Random,16,20270940,40,RRA,1,NaN,93.8639129390966,3.49170191991116,76.9808001466749,0.288913323077926,0,0
Random,16,20270940,50,GURA,1,9.6053405229668e-06,105.226112725195,3.91437143756993,69.5863462592988,0.263194167710994,0,0
Random,16,20270940,50,GRA,1,9.87617879163616e-07,105.225320348988,3.91434196147593,69.5874834595306,0.263198906327006,0,0
Random,16,20270940,50,RRA,1,NaN,99.6868602846255,3.70831335011136,72.4118940847841,0.271762070763456,0,0
Random,16,20270940,60,GURA,1,8.62990986760792e-06,110.023814614676,4.092844126105,66.4273924687251,0.251153509521808,0,0
Random,16,20270940,60,GRA,1,9.94323234899986e-07,110.023009271207,4.09281416763375,66.4284831672602,0.251158112944415,0,0
Random,16,20270940,60,RRA,1,NaN,104.470171952125,3.88625072785287,69.0473905952487,0.259132336066297,0,0
Random,16,20270940,70,GURA,1,7.29797284293454e-06,114.093541894867,4.24423643559648,63.9682594220436,0.241786410001886,0,0
Random,16,20270940,70,GRA,1,9.86388288483345e-07,114.092755903757,4.24420719702567,63.9692346994181,0.241790542395518,0,0
Random,16,20270940,70,RRA,1,NaN,108.529472441332,4.03725516467895,66.4292243520549,0.249304397777714,0,0
Random,16,20270940,80,GURA,1,6.87846007352277e-06,117.627383847969,4.37569401440333,61.9785771183323,0.23421151046528,0,0
Random,16,20270940,80,GRA,1,9.87818720240931e-07,117.626590481169,4.37566450145962,61.979485607837,0.234215368350193,0,0
Random,16,20270940,80,RRA,1,NaN,112.055410823046,4.16841873363127,64.3118252988519,0.241356332520312,0,0
Random,16,20270940,90,GURA,1,8.99476530591414e-06,120.750186468033,4.49186108609845,60.3222692715136,0.227908525843981,0,0
Random,16,20270940,90,GRA,1,9.90199467788187e-07,120.749387195357,4.49183135345839,60.3231260684889,0.227912172011597,0,0
Random,16,20270940,90,RRA,1,NaN,115.172015758743,4.28435525382127,62.5500831740641,0.234743376170411,0,0
Random,16,20270940,100,GURA,1,7.98568160931268e-06,123.547684098146,4.5959269356902,58.9130836049898,0.222547898446527,0,0
Random,16,20270940,100,GRA,1,9.91716243212846e-07,123.546880190801,4.59589703064221,58.9138941683553,0.222551356065727,0,0
Random,16,20270940,100,RRA,1,NaN,117.964522941459,4.38823546066478,61.0519614402321,0.229120016736157,0,0
Random,17,20270941,10,GURA,1,9.267205737018e-06,64.5589943225368,2.38141249557617,119.642345953873,0.44774834407855,0,0
Random,17,20270941,10,GRA,1,8.48811613446179e-07,64.5575825822835,2.38136042016956,119.650796454633,0.447783456468068,0,0
Random,17,20270941,10,RRA,1,NaN,59.5686567142942,2.19733198964326,124.90242869279,0.461552487769858,0,0
Random,17,20270941,20,GURA,1,9.1308781335897e-06,81.8807889471706,3.02036820729033,92.3534900280602,0.344571298465123,0,0
Random,17,20270941,20,GRA,1,8.72343898792704e-07,81.8792863207352,3.0203127793301,92.357390759765,0.344587428943891,0,0
Random,17,20270941,20,RRA,1,NaN,76.723589496064,2.83013260427449,96.4175785958909,0.356259837951521,0,0
Random,17,20270941,30,GURA,1,9.11504479361724e-06,92.3645946375539,3.4070883867829,81.3059777371903,0.302989459580249,0,0
Random,17,20270941,30,GRA,1,9.00343371555223e-07,92.3631133926247,3.40703374753053,81.3068089541401,0.302992005767192,0,0
Random,17,20270941,30,RRA,1,NaN,87.1434705381399,3.21449477063734,84.6987512686865,0.312947365428567,0,0
Random,17,20270941,40,GURA,1,9.73967044615165e-06,99.9057643878265,3.68526242067257,74.8983691141141,0.27891811949279,0,0
Random,17,20270941,40,GRA,1,8.83703876029723e-07,99.9042974657083,3.68520830975125,74.8991745926539,0.278920745729711,0,0
Random,17,20270941,40,RRA,1,NaN,94.6507891077115,3.49142012298298,77.8855579908547,0.287767749981861,0,0
Random,17,20270941,50,GURA,1,9.72842518009998e-06,105.799224053768,3.90265673788465,70.566528711874,0.262664179881128,0,0
Random,17,20270941,50,GRA,1,7.04376178656077e-07,105.797784238795,3.90260362687505,70.5673533523064,0.26266697390442,0,0
Random,17,20270941,50,RRA,1,NaN,100.523272348536,3.70804067472039,73.2783261453462,0.270741518396718,0,0
Random,17,20270941,60,GURA,1,9.63456337288449e-06,110.637458224232,4.08112654570885,67.3744032352081,0.250696633445015,0,0
Random,17,20270941,60,GRA,1,7.05845217445282e-07,110.636006508478,4.08107299571056,67.3750540003717,0.250698664095561,0,0
Random,17,20270941,60,RRA,1,NaN,105.347232535724,3.88598395262431,69.8845843095929,0.258200205645383,0,0
Random,17,20270941,70,GURA,1,9.77101176147244e-06,114.741573742369,4.23251663597807,64.8881395017606,0.241381040466446,0,0
Random,17,20270941,70,GRA,1,6.70658668609931e-07,114.740157552859,4.23246439645005,64.8888602614891,0.241383356674626,0,0
Random,17,20270941,70,RRA,1,NaN,109.441004122297,4.03699248230483,67.2430438790054,0.248438839114593,0,0
Random,17,20270941,80,GURA,1,9.67800474072078e-06,118.305280254885,4.36397245105898,62.8757006086454,0.233844459403032,0,0
Random,17,20270941,80,GRA,1,6.70833097788868e-07,118.303859988283,4.36392006113766,62.8763556695489,0.233846543256461,0,0
Random,17,20270941,80,RRA,1,NaN,112.996868973264,4.16815903899509,65.1063305532998,0.240543131677311,0,0
Random,17,20270941,90,GURA,1,8.87086682155314e-06,121.454477187294,4.48013809156448,61.1999310014479,0.227571206961884,0,0
Random,17,20270941,90,GRA,1,6.73884924853552e-07,121.453053430215,4.48008557288861,61.2005356071565,0.22757312922264,0,0
Random,17,20270941,90,RRA,1,NaN,116.139916027399,4.28409782657139,63.3282313484258,0.233972701621637,0,0
Random,17,20270941,100,GURA,1,9.93541110361207e-06,124.275622303527,4.58420275834145,59.773837412089,0.222234406574334,0,0
Random,17,20270941,100,GRA,1,6.72023411217011e-07,124.27419550952,4.58415012764124,59.7743957691248,0.222236170828892,0,0
Random,17,20270941,100,RRA,1,NaN,118.956108614034,4.38797980748108,61.8159908971934,0.228384747397315,0,0
Random,18,20270942,10,GURA,1,9.578586112724e-06,59.7717822119279,2.36493873720213,112.076306993604,0.447251771558461,0,0
Random,18,20270942,10,GRA,1,9.92344365557105e-07,59.7704655818834,2.3648866432327,112.084383352824,0.447285466082156,0,0
Random,18,20270942,10,RRA,1,NaN,55.4711369394657,2.19477880180402,118.448735968724,0.469205516246042,0,0
Random,18,20270942,20,GURA,1,9.62385999869753e-06,75.9167728278011,3.00373370543421,86.5713961623149,0.34480232021644,0,0
Random,18,20270942,20,GRA,1,9.35612385170891e-07,75.9153088212629,3.00367578034572,86.5755688084705,0.344819665131977,0,0
Random,18,20270942,20,RRA,1,NaN,71.4568191056504,2.82727054952151,91.0938767462741,0.360788701764224,0,0
Random,18,20270942,30,GURA,1,8.12898909074988e-06,85.6893275421684,3.39039597900487,76.2140941361742,0.303319172886869,0,0
Random,18,20270942,30,GRA,1,9.36411690396176e-07,85.6877683303388,3.39033428701044,76.2172996451529,0.30333252404877,0,0
Random,18,20270942,30,RRA,1,NaN,81.1680430576771,3.21150620152805,79.8878766158714,0.31638364387612,0,0
Random,18,20270942,40,GURA,1,9.92832996260518e-06,92.7191887721368,3.66854045662745,70.2027758153367,0.279273023506453,0,0
Random,18,20270942,40,GRA,1,9.39687839682933e-07,92.7175755970667,3.66847662951586,70.2053854496275,0.279283908525737,0,0
Random,18,20270942,40,RRA,1,NaN,88.1653385206342,3.48836217743526,73.3884461724041,0.290631548876567,0,0
Random,18,20270942,50,GURA,1,8.50856565648428e-06,98.2131884805952,3.88591682139172,66.1374057780679,0.263023427107201,0,0
Random,18,20270942,50,GRA,1,9.41774024181463e-07,98.2115972684281,3.88585386326744,66.1395336248754,0.263032340380698,0,0
Random,18,20270942,50,RRA,1,NaN,93.6391250563208,3.70493878496424,69.0004436342592,0.273246557036157,0,0
Random,18,20270942,60,GURA,1,8.72099433379958e-06,102.723558207083,4.06437474401906,63.1410076328457,0.251052941387075,0,0
Random,18,20270942,60,GRA,1,9.38077278440127e-07,102.72194417674,4.06431088306764,63.1429285661925,0.251060984868025,0,0
Random,18,20270942,60,RRA,1,NaN,98.1357199241094,3.88285168959594,65.771991644411,0.260456269425779,0,0
Random,18,20270942,70,GURA,1,9.11188437413557e-06,106.549598110576,4.21575637667258,60.8071457118991,0.241732957812988,0,0
Random,18,20270942,70,GRA,1,9.38382900327069e-07,106.547968076604,4.21569188251932,60.8089069453542,0.241740329386907,0,0
Random,18,20270942,70,RRA,1,NaN,101.95176723496,4.03383795392427,63.2613972702021,0.250510330431142,0,0
Random,18,20270942,80,GURA,1,8.81996482604563e-06,109.8718702356,4.34720586258782,58.9179986762738,0.234191245218203,0,0
Random,18,20270942,80,GRA,1,9.41859140483945e-07,109.870227482023,4.34714086516886,58.9196369525077,0.234198101737399,0,0
Random,18,20270942,80,RRA,1,NaN,105.266458158436,4.16498748095337,61.2320969715552,0.242471329262837,0,0
Random,18,20270942,90,GURA,1,9.69037790810034e-06,112.807732181273,4.46336658902863,57.3448660675629,0.227912704652312,0,0
Random,18,20270942,90,GRA,1,9.38344705660903e-07,112.806079660805,4.46330120517149,57.3464095016757,0.227919161456325,0,0
Random,18,20270942,90,RRA,1,NaN,108.19637084179,4.28091281804499,59.5444118053609,0.235785796030243,0,0
Random,18,20270942,100,GURA,1,9.86979500083862e-06,115.437777456144,4.56742733008343,56.0061099933083,0.222570729512705,0,0
Random,18,20270942,100,GRA,1,9.44449649950693e-07,115.436117353114,4.56736164621356,56.0075724318231,0.222576846224188,0,0
Random,18,20270942,100,RRA,1,NaN,110.821622757436,4.38478390437487,58.109807587216,0.230102931834805,0,0
Random,19,20270943,10,GURA,1,9.89566919429308e-06,65.526718238532,2.37901615682848,122.179184144087,0.447695968945796,0,0
Random,19,20270943,10,GRA,1,7.37412502985347e-07,65.5255929916084,2.37897530356002,122.182025479843,0.44770823042958,0,0
Random,19,20270943,10,RRA,1,NaN,60.2947906876242,2.18906554569523,129.986477853942,0.471468496710324,0,0
Random,19,20270943,20,GURA,1,8.71676400748811e-06,83.1252135403192,3.01794796639075,94.18669253145,0.344343153522756,0,0
Random,19,20270943,20,GRA,1,5.71312953224951e-07,83.1240180870036,3.01790456420567,94.1884736529636,0.344350687790617,0,0
Random,19,20270943,20,RRA,1,NaN,77.7054270697257,2.82117694036185,99.8655399879635,0.362256006071154,0,0
Random,19,20270943,30,GURA,1,9.20815523031138e-06,93.7764710224159,3.40465302841151,82.8885810519598,0.302767222534121,0,0
Random,19,20270943,30,GRA,1,7.34418427327926e-07,93.7752552231299,3.40460888754466,82.8898364666276,0.302772514137483,0,0
Random,19,20270943,30,RRA,1,NaN,88.2847130375851,3.20526900115495,87.5379340068509,0.317554136502216,0,0
Random,19,20270943,40,GURA,1,8.04776851026645e-06,101.438159498702,3.68281865555799,76.3419270279937,0.278710799961608,0,0
Random,19,20270943,40,GRA,1,6.11038024153526e-07,101.436953689374,3.682774877387,76.3427633779059,0.278714397354929,0,0
Random,19,20270943,40,RRA,1,NaN,95.9082265276264,3.48204864543055,80.3917429148217,0.29163944329971,0,0
Random,19,20270943,50,GURA,1,9.36982351618099e-06,107.425841187709,3.90020771246511,71.9180524834061,0.262468952929602,0,0
Random,19,20270943,50,GRA,1,6.14059426839905e-07,107.424650775108,3.90016449328846,71.9188343322185,0.262472292518379,0,0
Random,19,20270943,50,RRA,1,NaN,101.872218904814,3.69857763705319,75.5688320355819,0.274149135377364,0,0
Random,19,20270943,60,GURA,1,8.8979674330858e-06,112.341451551608,4.0786740967241,68.6590473729707,0.25051109327969,0,0
Random,19,20270943,60,GRA,1,6.1838596521324e-07,112.340255108202,4.07863065859275,68.6597448099169,0.25051408102153,0,0
Random,19,20270943,60,RRA,1,NaN,106.771685664715,3.8764579108557,72.0213631447949,0.261283851415234,0,0
Random,19,20270943,70,GURA,1,9.57087550190749e-06,116.511216400918,4.23006177816685,66.1213875614394,0.241204175269693,0,0
Random,19,20270943,70,GRA,1,6.17919116272455e-07,116.510015136209,4.23001816499308,66.1220545812215,0.241207081546994,0,0
Random,19,20270943,70,RRA,1,NaN,110.929738573628,4.02742037803195,69.2632826566628,0.251281141998393,0,0
Random,19,20270943,80,GURA,1,9.67923081418576e-06,120.131936339844,4.36151580891354,64.0677037277048,0.233674980052142,0,0
Random,19,20270943,80,GRA,1,6.53062060521132e-07,120.130730435062,4.36147202727701,64.0684505591762,0.23367822798539,0,0
Random,19,20270943,80,RRA,1,NaN,114.541571686365,4.15855176324325,67.0343379431983,0.243197293479671,0,0
Random,19,20270943,90,GURA,1,9.15698088377326e-06,123.331520803283,4.47768007500649,62.3578193907523,0.227408079734642,0,0
Random,19,20270943,90,GRA,1,6.26921157937407e-07,123.330338151555,4.47763713759646,62.3584423359258,0.227410837023903,0,0
Random,19,20270943,90,RRA,1,NaN,117.734181354751,4.27446280209441,65.180896448069,0.236475198810705,0,0
Random,19,20270943,100,GURA,1,9.1563979189857e-06,126.197808447249,4.5817436508793,60.9028501797563,0.222076799428652,0,0
Random,19,20270943,100,GRA,1,6.18169696226174e-07,126.196623521343,4.58170063090285,60.9034185578358,0.222079343872977,0,0
Random,19,20270943,100,RRA,1,NaN,120.594848606551,4.37832232374129,63.6055975622053,0.230761798957708,0,0
Random,20,20270944,10,GURA,1,9.10407049303785e-06,64.6982550493876,2.36768192200568,122.465462827142,0.443794373250911,0,0
Random,20,20270944,10,GRA,1,9.57182060174443e-07,64.6974704244333,2.36765320805785,122.469613816072,0.443811693505604,0,0
Random,20,20270944,10,RRA,1,NaN,60.0380297543266,2.19713742779688,129.93866315617,0.466155460839672,0,0
Random,20,20270944,20,GURA,1,9.21879942339388e-06,82.1548435341418,3.00651907369848,94.7167760151808,0.342390196123726,0,0
Random,20,20270944,20,GRA,1,5.16644818861138e-07,82.1540397314322,3.00648965792609,94.7171726776376,0.342392116830391,0,0
Random,20,20270944,20,RRA,1,NaN,77.325602569596,2.82978932233136,100.104112354059,0.359066347343767,0,0
Random,20,20270944,30,GURA,1,9.33021642879339e-06,92.7210450745592,3.39319726698851,83.4449162721392,0.301345541011804,0,0
Random,20,20270944,30,GRA,1,9.66136998671661e-07,92.7201589383207,3.39316483815792,83.4455190154587,0.301348551534707,0,0
Random,20,20270944,30,RRA,1,NaN,87.8267125483604,3.21408544034466,87.8567619355189,0.315113997723288,0,0
Random,20,20270944,40,GURA,1,8.94749050672772e-06,100.32173661412,3.67135036306851,76.899381032624,0.27754892623345,0,0
Random,20,20270944,40,GRA,1,8.46900754068315e-07,100.320855120583,3.67131810414109,76.8997888757529,0.277550922926206,0,0
Random,20,20270944,40,RRA,1,NaN,95.3928350416078,3.49097345584473,80.7449909458558,0.289594603005419,0,0
Random,20,20270944,50,GURA,1,8.64002857170476e-06,106.261817234037,3.88873213771292,72.4706687350843,0.261463758270543,0,0
Random,20,20270944,50,GRA,1,8.51773805724967e-07,106.260949967402,3.88870039942986,72.4710910165096,0.261465780729634,0,0
Random,20,20270944,50,RRA,1,NaN,101.311458350879,3.70756998386278,75.9398049013789,0.272353243111225,0,0
Random,20,20270944,60,GURA,1,9.22097422417778e-06,111.138382813605,4.06719376941233,69.2053500002665,0.249612092937124,0,0
Random,20,20270944,60,GRA,1,8.64815910474778e-07,111.137503749686,4.06716159939868,69.2057646478716,0.249614055389663,0,0
Random,20,20270944,60,RRA,1,NaN,106.173401580386,3.88549649952436,72.4023896741808,0.259661401433218,0,0
Random,20,20270944,70,GURA,1,9.46774378718374e-06,115.275045809713,4.21857810251124,66.6612343917492,0.24038278879781,0,0
Random,20,20270944,70,GRA,1,8.31936464941039e-07,115.274157926113,4.21854560973461,66.6616319877371,0.240384667635518,0,0
Random,20,20270944,70,RRA,1,NaN,110.299457661191,4.0364926644788,69.6503188029021,0.249787682502965,0,0
Random,20,20270944,80,GURA,1,8.67476569510472e-06,118.867033888588,4.35002964215353,64.6013558799272,0.232913170936502,0,0
Random,20,20270944,80,GRA,1,5.11277435336687e-07,118.866165922321,4.34999787826692,64.601801500893,0.232915206558828,0,0
Random,20,20270944,80,RRA,1,NaN,113.883398853728,4.16764972218653,67.4250491312448,0.241804246968247,0,0
Random,20,20270944,90,GURA,1,9.60699262364528e-06,122.041235912596,4.46619198290446,62.8856647892155,0.226693715101706,0,0
Random,20,20270944,90,GRA,1,8.5464446428568e-07,122.040362512135,4.46616002014937,62.8860895179914,0.226695683656522,0,0
Random,20,20270944,90,RRA,1,NaN,117.051286478078,4.28358098267252,65.5738458815873,0.235162998006188,0,0
Random,20,20270944,100,GURA,1,9.74089392613564e-06,124.884790428202,4.57025402624239,61.4252993530615,0.221401295868108,0,0
Random,20,20270944,100,GRA,1,8.55850667352603e-07,124.883912683323,4.57022190450002,61.4257103972964,0.221403199439729,0,0
Random,20,20270944,100,RRA,1,NaN,119.889753669833,4.38745685151928,63.9998584742258,0.229516395693043,0,0
Regular,1,20280925,10,GURA,1,9.80976719233695e-06,62.8290557657879,2.41264060349412,111.408304020966,0.443112678328257,0,0
Regular,1,20280925,10,GRA,1,6.59890220835747e-07,62.8289398342959,2.41263615171586,111.407283213984,0.443108523973536,0,0
Regular,1,20280925,10,RRA,1,NaN,58.3299538893104,2.23987474326999,116.020092151139,0.456727908283654,0,0
Regular,1,20280925,20,GURA,1,8.75958498980367e-06,79.5299791935656,3.05395735553806,86.1055995257416,0.341646682783878,0,0
Regular,1,20280925,20,GRA,1,2.79662010479981e-09,79.5299789677523,3.05395734686681,86.1055825319346,0.341646584894163,0,0
Regular,1,20280925,20,RRA,1,NaN,74.8783836283122,2.87533572586406,89.7150975926277,0.353189845243752,0,0
Regular,1,20280925,30,GURA,1,9.73081557020805e-06,89.6229482182075,3.44152814713858,75.8569126255661,0.300697468890235,0,0
Regular,1,20280925,30,GRA,1,1.00872850243181e-08,89.6229479709998,3.44152813764579,75.8568647230956,0.30069722825498,0,0
Regular,1,20280925,30,RRA,1,NaN,84.9138487545446,3.26069836331566,78.8754246196341,0.310522112082872,0,0
Regular,1,20280925,40,GURA,1,9.63436548673258e-06,96.878474814768,3.72014092992252,69.909621712992,0.276971838187287,0,0
Regular,1,20280925,40,GRA,1,1.53788518679498e-08,96.8784744943376,3.72014091761796,69.9095722915506,0.27697158601949,0,0
Regular,1,20280925,40,RRA,1,NaN,92.1391771908838,3.53815153441019,72.5674155363541,0.285691482708425,0,0
Regular,1,20280925,50,GURA,1,9.05210867685469e-06,102.546745376942,3.93780295815467,65.8867679535865,0.260938525200614,0,0
Regular,1,20280925,50,GRA,1,1.9836773012924e-08,102.546744967766,3.93780294244226,65.8867201522642,0.260938278476679,0,0
Regular,1,20280925,50,RRA,1,NaN,97.7888361161081,3.75509887434317,68.2990321309967,0.268889255272172,0,0
Regular,1,20280925,60,GURA,1,9.92024476786924e-06,107.19908890275,4.11645330957183,62.9210604896865,0.249126255835604,0,0
Regular,1,20280925,60,GRA,1,2.30714345771338e-08,107.199088548149,4.11645329595513,62.9210196907266,0.249126032552618,0,0
Regular,1,20280925,60,RRA,1,NaN,102.428559146452,3.93326459775788,65.1533608370428,0.256506347682004,0,0
Regular,1,20280925,70,GURA,1,9.92471556671148e-06,111.144916159136,4.26797338156876,60.610515353543,0.239927976679488,0,0
Regular,1,20280925,70,GRA,1,5.89419073382098e-08,111.144915781541,4.26797336706908,60.6105519279032,0.239928082085798,0,0
Regular,1,20280925,70,RRA,1,NaN,106.365264954685,4.08443440543987,62.7039666754199,0.246864228426868,0,0
Regular,1,20280925,80,GURA,1,9.89498694181634e-06,114.570791095286,4.39952724423158,58.739795361158,0.232483518857082,0,0
Regular,1,20280925,80,GRA,1,8.56736620238069e-08,114.570790575422,4.39952722426878,58.7397979097288,0.232483473021925,0,0
Regular,1,20280925,80,RRA,1,NaN,109.784239387241,4.2157232882307,60.7220544775783,0.239062301633246,0,0
Regular,1,20280925,90,GURA,1,7.77581986000087e-06,117.597926477112,4.51576947715156,57.1816682985202,0.226284970245075,0,0
Regular,1,20280925,90,GRA,1,2.54486969789488e-07,117.597925633458,4.51576944475516,57.1816027104311,0.226284667347535,0,0
Regular,1,20280925,90,RRA,1,NaN,112.805972105288,4.33175805844341,59.0723384809185,0.232568041837124,0,0
Regular,1,20280925,100,GURA,1,9.78406668039611e-06,120.309539448741,4.61989562510291,55.8554160783256,0.221010264840232,0,0
Regular,1,20280925,100,GRA,1,6.47426617420341e-07,120.309538213175,4.6198955776571,55.8552973127385,0.221009757794774,0,0
Regular,1,20280925,100,RRA,1,NaN,115.513240395648,4.43571737029785,57.6689664197476,0.227043505341714,0,0
Regular,2,20280926,10,GURA,1,6.66023738205013e-06,63.2894768384082,2.41168998434456,113.079431964438,0.4399541699334,0,0
Regular,2,20280926,10,GRA,1,1.6205793154266e-07,63.2894664001429,2.41168958658712,113.077779804013,0.439947211644939,0,0
Regular,2,20280926,10,RRA,1,NaN,58.7951827977584,2.2404317520762,117.471280639136,0.453322675574227,0,0
Regular,2,20280926,20,GURA,1,9.35833530846253e-06,80.1210061090646,3.05306723362859,87.5073503973283,0.339823493273025,0,0
Regular,2,20280926,20,GRA,1,1.45967924479695e-07,80.1209980095561,3.05306692499113,87.5072793871063,0.339823276268074,0,0
Regular,2,20280926,20,RRA,1,NaN,75.4755982360317,2.87605070259938,90.981835755176,0.351140585033894,0,0
Regular,2,20280926,30,GURA,1,9.92553568224253e-06,90.2922138925452,3.44064825286719,77.1253769587857,0.299288565507119,0,0
Regular,2,20280926,30,GRA,1,4.55882044438663e-07,90.2922000325714,3.44064772472315,77.1257341719842,0.299290077800562,0,0
Regular,2,20280926,30,RRA,1,NaN,85.5902227977776,3.26147557841641,80.0464841716131,0.308952139114745,0,0
Regular,2,20280926,40,GURA,1,9.14977973920372e-06,97.6038665284264,3.71926391398227,71.0956774146411,0.275775388105164,0,0
Regular,2,20280926,40,GRA,1,5.30193786447281e-07,97.6038419113962,3.71926297593304,71.0953422192086,0.275774233896117,0,0
Regular,2,20280926,40,RRA,1,NaN,92.8722388385852,3.5389619162525,73.6764256106278,0.28437469524865,0,0
Regular,2,20280926,50,GURA,1,9.97420719528463e-06,103.315964243865,3.93692741095025,67.0149441169936,0.259874035865601,0,0
Regular,2,20280926,50,GRA,1,5.04329800990819e-07,103.315940868435,3.93692652021305,67.0146998354309,0.259873197091654,0,0
Regular,2,20280926,50,RRA,1,NaN,98.5660826311832,3.75592983466477,69.3631703392017,0.267732136703541,0,0
Regular,2,20280926,60,GURA,1,9.21460497949056e-06,108.00427475999,4.11557877733937,64.0058261217154,0.248154406109152,0,0
Regular,2,20280926,60,GRA,1,4.87450364634661e-07,108.004252247229,4.11557791947479,64.0056671499827,0.248153875281042,0,0
Regular,2,20280926,60,RRA,1,NaN,103.242016031091,3.93410956234388,66.1828686504757,0.255460596459428,0,0
Regular,2,20280926,70,GURA,1,9.24192775997312e-06,111.980603775506,4.26709958838452,61.661013096296,0.239025526715634,0,0
Regular,2,20280926,70,GRA,1,4.77330839140564e-07,111.980581674821,4.2670987462224,61.6609230024312,0.239025251375341,0,0
Regular,2,20280926,70,RRA,1,NaN,107.209399912746,4.08528951277805,63.7055645746471,0.245901379211005,0,0
Regular,2,20280926,80,GURA,1,9.76641767991282e-06,115.43295907086,4.39865401266048,59.7622591792938,0.231635470736614,0,0
Regular,2,20280926,80,GRA,1,6.11565110340485e-07,115.432937260973,4.39865318157944,59.7622154301422,0.231635368811736,0,0
Regular,2,20280926,80,RRA,1,NaN,110.654988286127,4.21658607873758,61.7004514906176,0.238164037726361,0,0
Regular,2,20280926,90,GURA,1,5.816072373932e-06,118.483491362527,4.51489668904597,58.1805858371697,0.225481014231124,0,0
Regular,2,20280926,90,GRA,1,8.17458113210486e-07,118.483469697296,4.51489586347711,58.1805670541781,0.225480997739826,0,0
Regular,2,20280926,90,RRA,1,NaN,113.700222538281,4.33262686960482,60.030995869688,0.231721811557248,0,0
Regular,2,20280926,100,GURA,1,9.54538608510802e-06,121.216061644085,4.61902319962491,56.8341449792363,0.22024294518428,0,0
Regular,2,20280926,100,GRA,1,2.68437972433079e-07,121.216049543883,4.61902273853824,56.8341502976342,0.220243043583219,0,0
Regular,2,20280926,100,RRA,1,NaN,116.428532194905,4.43659102607702,58.6105227701602,0.226240290934715,0,0
Regular,3,20280927,10,GURA,1,8.93687706238211e-06,62.1707712805362,2.41687647620845,111.497852601668,0.439574917595356,0,0
Regular,3,20280927,10,GRA,1,1.04472254648057e-07,62.1707707546939,2.41687645576644,111.49685033503,0.439570566785006,0,0
Regular,3,20280927,10,RRA,1,NaN,57.6843834833314,2.24246903510908,116.466744273276,0.454669811611452,0,0
Regular,3,20280927,20,GURA,1,8.24433073631781e-06,78.670943988504,3.05831743712748,86.2664526522685,0.339281865684397,0,0
Regular,3,20280927,20,GRA,1,9.42323326244402e-08,78.6709434944249,3.05831741792025,86.2661055201852,0.339280289347779,0,0
Regular,3,20280927,20,RRA,1,NaN,74.0357404386141,2.87812481298235,90.1404393707826,0.351901966367641,0,0
Regular,3,20280927,30,GURA,1,9.9002905997736e-06,88.6418713671641,3.44593527314765,76.0480586760959,0.298814497219723,0,0
Regular,3,20280927,30,GRA,1,8.76570190640929e-08,88.6418708436226,3.44593525279508,76.047831060018,0.298813440243318,0,0
Regular,3,20280927,30,RRA,1,NaN,83.9505322010086,3.26356038798765,79.2819099609794,0.30951369236439,0,0
Regular,3,20280927,40,GURA,1,9.03226535342583e-06,95.8094321908562,3.72457278704316,70.1150948346022,0.275355746607483,0,0
Regular,3,20280927,40,GRA,1,9.03314686488018e-08,95.8094316475439,3.724572765922,70.1149284528235,0.275354954414097,0,0
Regular,3,20280927,40,RRA,1,NaN,91.08861270647,3.54105186032415,72.9596195872797,0.284833230757745,0,0
Regular,3,20280927,50,GURA,1,8.45903797852543e-06,101.40887552412,3.9422500426616,66.1001484917933,0.259495980586331,0,0
Regular,3,20280927,50,GRA,1,8.79838428023197e-08,101.408874971909,3.94225002119448,66.1000168566862,0.259495335040576,0,0
Regular,3,20280927,50,RRA,1,NaN,96.6698877555511,3.75802282747695,68.6800572972504,0.268126902207833,0,0
Regular,3,20280927,60,GURA,1,9.40539125338091e-06,106.004664949739,4.1209104504964,63.1395505497223,0.247809071863836,0,0
Regular,3,20280927,60,GRA,1,8.56254807264095e-08,106.004664435425,4.12091043050256,63.1394250415785,0.247808458157903,0,0
Regular,3,20280927,60,RRA,1,NaN,101.253364657804,3.93620458839341,65.5253200556155,0.255811545680105,0,0
Regular,3,20280927,70,GURA,1,8.81195735757956e-06,109.902486094438,4.27243747901888,60.8321987579076,0.238705299839153,0,0
Regular,3,20280927,70,GRA,1,8.64201126165433e-08,109.902485575769,4.27243745885574,60.8320846805286,0.238704743455814,0,0
Regular,3,20280927,70,RRA,1,NaN,105.142295223391,4.08738599740575,63.0683620204058,0.246220118549199,0,0
Regular,3,20280927,80,GURA,1,9.37596998795698e-06,113.286656205828,4.40399642489074,58.9634659911378,0.231334915526619,0,0
Regular,3,20280927,80,GRA,1,8.89850148956967e-08,113.286655651518,4.40399640334202,58.9633674312496,0.231334426113185,0,0
Regular,3,20280927,80,RRA,1,NaN,108.519744276461,4.21868366346048,61.079997410314,0.238457952687135,0,0
Regular,3,20280927,90,GURA,1,6.7336750291247e-06,116.276924941598,4.52024253244524,57.4065817017291,0.225196378359372,0,0
Regular,3,20280927,90,GRA,1,7.77798947916756e-08,116.276924432577,4.52024251265716,57.4064967404241,0.225195942882648,0,0
Regular,3,20280927,90,RRA,1,NaN,111.504753666493,4.33472531498632,59.4246793062973,0.231995914113788,0,0
Regular,3,20280927,100,GURA,1,8.34905565483268e-06,118.955503185513,4.62437173358045,56.0810899922578,0.219971540004333,0,0
Regular,3,20280927,100,GRA,1,7.84656535677171e-08,118.955502677075,4.62437171381503,56.0810191909255,0.219971173885012,0,0
Regular,3,20280927,100,RRA,1,NaN,114.179104179008,4.43869016389688,58.0163736848666,0.226498151033962,0,0
Regular,4,20280928,10,GURA,1,9.71909233626889e-06,62.5292657869506,2.40767724740768,112.310819862644,0.441992326019012,0,0
Regular,4,20280928,10,GRA,1,8.02807729649127e-07,62.5292647781341,2.40767720856339,112.310256678402,0.441990160029005,0,0
Regular,4,20280928,10,RRA,1,NaN,58.1773899940691,2.24010911433915,117.229019489494,0.45714362671732,0,0
Regular,4,20280928,20,GURA,1,9.32672523035194e-06,79.1855148557114,3.04902288621062,86.8944804617083,0.341193541720701,0,0
Regular,4,20280928,20,GRA,1,4.43639431740781e-10,79.1855148752786,3.04902288696405,86.8943978506358,0.341193233961492,0,0
Regular,4,20280928,20,RRA,1,NaN,74.6790561339533,2.87550256745736,90.6248769060025,0.35337847682093,0,0
Regular,4,20280928,30,GURA,1,9.82410075778262e-06,89.2510750607782,3.43659532902042,76.5757467651128,0.300410826408543,0,0
Regular,4,20280928,30,GRA,1,1.03890849967501e-08,89.2510751166862,3.43659533117314,76.5757044161966,0.300410678755814,0,0
Regular,4,20280928,30,RRA,1,NaN,84.6863828130148,3.2608327396466,79.6664070723,0.31063918334709,0,0
Regular,4,20280928,40,GURA,1,9.76800875207573e-06,96.4868820868027,3.71520867469043,70.5807898041674,0.276751277175971,0,0
Regular,4,20280928,40,GRA,1,5.51668919398695e-08,96.4868820382141,3.71520867281954,70.5807481602412,0.276751120419093,0,0
Regular,4,20280928,40,RRA,1,NaN,91.8915671095678,3.53826696305963,73.2908175770682,0.285774443886099,0,0
Regular,4,20280928,50,GURA,1,9.49919173720559e-06,102.139749801901,3.9328712493098,66.5244480991881,0.260756874513206,0,0
Regular,4,20280928,50,GRA,1,8.77580287826268e-08,102.13974964264,3.93287124317749,66.5243998494904,0.260756695397297,0,0
Regular,4,20280928,50,RRA,1,NaN,97.5255373227294,3.75520189303337,68.9774061374396,0.268952543854653,0,0
Regular,4,20280928,60,GURA,1,9.05032026921049e-06,106.779451438466,4.11152206064636,63.5334238494743,0.248970351661824,0,0
Regular,4,20280928,60,GRA,1,3.54132977843266e-07,106.779450910265,4.1115220403081,63.5333390291242,0.248970030789744,0,0
Regular,4,20280928,60,RRA,1,NaN,102.152413394869,3.93335885850011,65.7989209747053,0.25655694993202,0,0
Regular,4,20280928,70,GURA,1,9.58555739671851e-06,110.714556112396,4.2630425026402,61.2027960214008,0.239790445111156,0,0
Regular,4,20280928,70,GRA,1,8.85663534453321e-07,110.714555051165,4.26304246177773,61.2026960185778,0.239790078035542,0,0
Regular,4,20280928,70,RRA,1,NaN,106.078242708082,4.08452215452909,63.324193451884,0.24690602331352,0,0
Regular,4,20280928,80,GURA,1,9.8178957372852e-06,114.131121008639,4.39459667109955,59.3155935072448,0.232359810200173,0,0
Regular,4,20280928,80,GRA,1,3.89293400998998e-10,114.131121040528,4.39459667232743,59.3155806579801,0.232359772362139,0,0
Regular,4,20280928,80,RRA,1,NaN,109.487787251734,4.21580600567399,61.3219203304494,0.239097652717067,0,0
Regular,4,20280928,90,GURA,1,9.9736505205783e-06,117.150029473315,4.51083915581338,57.7435926899605,0.226172082190687,0,0
Regular,4,20280928,90,GRA,1,2.53990939747467e-10,117.150029522231,4.5108391576969,57.7435751325889,0.226172019108937,0,0
Regular,4,20280928,90,RRA,1,NaN,112.501197197239,4.33183677097398,59.6553480871663,0.232598489599039,0,0
Regular,4,20280928,100,GURA,1,9.71328323728926e-06,119.854272791881,4.61496552012652,56.4054263430918,0.220906086709592,0,0
Regular,4,20280928,100,GRA,1,6.29518564238476e-10,119.854272836057,4.61496552182754,56.4054039077457,0.220906011830328,0,0
Regular,4,20280928,100,RRA,1,NaN,115.201017277798,4.43579281936582,58.2377010598696,0.227070106451926,0,0
Regular,5,20280929,10,GURA,1,6.95099552672218e-06,64.1964002647323,2.41961670014069,115.057722098435,0.440226813654621,0,0
Regular,5,20280929,10,GRA,1,9.73719381957913e-07,64.196336995987,2.41961431548809,115.053461757912,0.440207826968319,0,0
Regular,5,20280929,10,RRA,1,NaN,59.4646579477656,2.24127332444233,119.627038385989,0.453302422592932,0,0
Regular,5,20280929,20,GURA,1,9.33004246306268e-06,81.2114601056853,3.06092871725204,89.0017829533928,0.339691679669711,0,0
Regular,5,20280929,20,GRA,1,9.83970941005954e-07,81.2113802968825,3.06092570919066,89.0004164202086,0.339684964494217,0,0
Regular,5,20280929,20,RRA,1,NaN,76.3271749206111,2.87683587165135,92.6691763898261,0.351088886069029,0,0
Regular,5,20280929,30,GURA,1,9.93030673512862e-06,91.4943198310251,3.44849840985215,78.4497970750465,0.299127535908046,0,0
Regular,5,20280929,30,GRA,1,9.53020848704276e-07,91.4942688598385,3.44849648870496,78.4491374210524,0.299124238219513,0,0
Regular,5,20280929,30,RRA,1,NaN,86.5523806885904,3.26223253776581,81.5387147602956,0.308895331624708,0,0
Regular,5,20280929,40,GURA,1,9.27958710761345e-06,98.8863699761558,3.72711104086694,72.3230184359411,0.27561231678108,0,0
Regular,5,20280929,40,GRA,1,7.56896279131944e-07,98.8863303157784,3.72710954603372,72.3226524504874,0.275610347042098,0,0
Regular,5,20280929,40,RRA,1,NaN,93.9141081670583,3.53970228179087,75.0544277487764,0.284317398609831,0,0
Regular,5,20280929,50,GURA,1,9.84226402778177e-06,104.661303501903,3.94477317680412,68.1773335346974,0.259716114901086,0,0
Regular,5,20280929,50,GRA,1,9.30809914108659e-07,104.661293946698,3.94477281666036,68.1770001652318,0.259714446209457,0,0
Regular,5,20280929,50,RRA,1,NaN,99.670333725613,3.75665929859898,70.6635550561325,0.267675578413871,0,0
Regular,5,20280929,60,GURA,1,9.17612124240463e-06,109.401194776301,4.12342369361022,65.1202019018685,0.248001719767184,0,0
Regular,5,20280929,60,GRA,1,5.08874412510717e-07,109.401188716957,4.12342346522842,65.1198962234221,0.248000247190074,0,0
Regular,5,20280929,60,RRA,1,NaN,104.397529704926,3.93483131898043,67.4258696447018,0.255405130570202,0,0
Regular,5,20280929,70,GURA,1,8.88707685575696e-06,113.42127511371,4.27494392652343,62.7378744624479,0.238877650877575,0,0
Regular,5,20280929,70,GRA,1,2.77948260484103e-07,113.421270801675,4.27494376399919,62.7376437553913,0.238876536148899,0,0
Regular,5,20280929,70,RRA,1,NaN,108.408429548879,4.08600553131943,64.90376934874,0.245847078803064,0,0
Regular,5,20280929,80,GURA,1,8.97583328196561e-06,116.911618709997,4.40649793297826,60.8086605871764,0.231491894709633,0,0
Regular,5,20280929,80,GRA,1,1.41404338496432e-07,116.911615524351,4.40649781290858,60.8084906132975,0.23149105427492,0,0
Regular,5,20280929,80,RRA,1,NaN,111.891825058332,4.21729765849651,62.862332753292,0.238110876248526,0,0
Regular,5,20280929,90,GURA,1,9.58773381043443e-06,119.995719010639,4.5227402855334,59.2015451317793,0.225341250059093,0,0
Regular,5,20280929,90,GRA,1,7.02789021954646e-08,119.995716922482,4.522740206829,59.2014571846231,0.225340768760033,0,0
Regular,5,20280929,90,RRA,1,NaN,114.970483770023,4.33333491295504,61.1625872440894,0.231669727432845,0,0
Regular,5,20280929,100,GURA,1,9.23136801134206e-06,122.758359843196,4.62686655846115,57.8333947650444,0.220106582290206,0,0
Regular,5,20280929,100,GRA,1,1.10111044662868e-07,122.758357748125,4.62686647949616,57.8333451354223,0.220106283148393,0,0
Regular,5,20280929,100,RRA,1,NaN,117.728746865704,4.43729618527204,59.7163067900159,0.226189212680077,0,0
Regular,6,20280930,10,GURA,1,7.4927384545731e-06,65.4459826427669,2.42790867418645,116.549864652186,0.443097519833659,0,0
Regular,6,20280930,10,GRA,1,1.66536257219918e-09,65.4459826023053,2.42790867268541,116.54971261026,0.443096902662235,0,0
Regular,6,20280930,10,RRA,1,NaN,60.345897496111,2.23870621336857,121.901740013362,0.458026426218535,0,0
Regular,6,20280930,20,GURA,1,9.14653990236047e-06,82.7352885287435,3.06930565588284,89.9909942599879,0.341191520756053,0,0
Regular,6,20280930,20,GRA,1,1.78041076356054e-10,82.7352885653515,3.06930565724092,89.9909860191082,0.341191504042102,0,0
Regular,6,20280930,20,RRA,1,NaN,77.4750240320338,2.87416087717597,94.2366227995622,0.354069862101038,0,0
Regular,6,20280930,30,GURA,1,9.93994808951015e-06,93.1833764963349,3.45690780319328,79.2750435071835,0.300236417275591,0,0
Regular,6,20280930,30,GRA,1,2.62493065981346e-10,93.1833764814018,3.4569078026393,79.2750272345037,0.300236366669545,0,0
Regular,6,20280930,30,RRA,1,NaN,87.8627641659778,3.25952424644589,82.8381029252243,0.311239633149179,0,0
Regular,6,20280930,40,GURA,1,8.71444542838162e-06,100.694029172163,3.73553726284983,73.061996878865,0.276532232499065,0,0
Regular,6,20280930,40,GRA,1,3.45110920112464e-10,100.694029158933,3.73553726235902,73.061983751603,0.276532194214236,0,0
Regular,6,20280930,40,RRA,1,NaN,95.3417369380349,3.53697844812543,76.2054852000232,0.286317936753356,0,0
Regular,6,20280930,50,GURA,1,8.17266077035583e-06,106.561540829394,3.95320963742843,68.8608398928145,0.260520892567935,0,0
Regular,6,20280930,50,GRA,1,4.09289594951022e-10,106.561540809,3.95320963667186,68.8608256489415,0.260520848735929,0,0
Regular,6,20280930,50,RRA,1,NaN,101.189727657556,3.75392663686282,71.7177648904717,0.269455806358324,0,0
Regular,6,20280930,60,GURA,1,8.81774711913863e-06,111.377376462094,4.13186703753061,65.7642066116692,0.248727832166508,0,0
Regular,6,20280930,60,GRA,1,5.02102772555497e-10,111.377376439175,4.13186703668033,65.7641900742088,0.248727776162212,0,0
Regular,6,20280930,60,RRA,1,NaN,105.992327745238,3.93209302600819,68.4106373708677,0.257029748417987,0,0
Regular,6,20280930,70,GURA,1,8.13024804813267e-06,115.46184400198,4.28339221553352,63.3518807078174,0.239545979402749,0,0
Regular,6,20280930,70,GRA,1,5.60857215570135e-10,115.461843985574,4.28339221492489,63.351865179717,0.239545929747507,0,0
Regular,6,20280930,70,RRA,1,NaN,110.067230194645,4.08326335921842,65.835648802178,0.247354668594105,0,0
Regular,6,20280930,80,GURA,1,9.17656713284032e-06,119.00807496326,4.41494994549469,61.3988553796278,0.232115608758856,0,0
Regular,6,20280930,80,GRA,1,5.81382232917168e-10,119.008074991737,4.41494994655112,61.3988420083953,0.232115566064475,0,0
Regular,6,20280930,80,RRA,1,NaN,113.606225563499,4.21455266387824,63.7521999521891,0.239526510349028,0,0
Regular,6,20280930,90,GURA,1,9.47184960509162e-06,122.141547803518,4.53119521498229,59.7722240316177,0.225929255267893,0,0
Regular,6,20280930,90,GRA,1,5.88269135447281e-10,122.14154778285,4.53119521421555,59.772209221174,0.225929205430823,0,0
Regular,6,20280930,90,RRA,1,NaN,116.734033539555,4.33058777878678,62.0180303744788,0.233010732130035,0,0
Regular,6,20280930,100,GURA,1,9.17356963725524e-06,124.948407207175,4.63532381108819,58.387682829599,0.220665210740872,0,0
Regular,6,20280930,100,GRA,1,7.12745907962654e-10,124.948407179653,4.63532381006717,58.3876677132158,0.220665159719881,0,0
Regular,6,20280930,100,RRA,1,NaN,119.536337483803,4.43454737690425,60.5428645185439,0.227468127456191,0,0
Regular,7,20280931,10,GURA,1,9.37072944040551e-06,65.6436269228153,2.43050643972575,117.825641646962,0.436960167938146,0,0
Regular,7,20280931,10,GRA,1,2.98193829223616e-08,65.6436265616867,2.43050642635469,117.82670765426,0.436964467144254,0,0
Regular,7,20280931,10,RRA,1,NaN,60.5748126467855,2.24282964127356,124.404244081894,0.456208420614483,0,0
Regular,7,20280931,20,GURA,1,9.40630105716878e-06,82.9652436757004,3.07185279790079,91.2993667143032,0.33771536452068,0,0
Regular,7,20280931,20,GRA,1,4.49690518332111e-08,82.9652415910675,3.07185272071564,91.2987808386276,0.337712915309281,0,0
Regular,7,20280931,20,RRA,1,NaN,77.743269657842,2.87850514065741,96.2311346673624,0.352889190142436,0,0
Regular,7,20280931,30,GURA,1,8.72007010244147e-06,93.4331557476774,3.45943539950412,80.524627549303,0.29755137846591,0,0
Regular,7,20280931,30,GRA,1,3.38012670252145e-09,93.4331555745006,3.45943539309212,80.5245048486641,0.297550829688872,0,0
Regular,7,20280931,30,RRA,1,NaN,88.1533700377061,3.26394721931039,84.6169105906454,0.31029728963402,0,0
Regular,7,20280931,40,GURA,1,9.89662003192393e-06,100.958168276767,3.73805485227255,74.2639229361375,0.274252895480059,0,0
Regular,7,20280931,40,GRA,1,1.93374701267887e-09,100.958168209993,3.73805484980018,74.2638738142386,0.274252665757229,0,0
Regular,7,20280931,40,RRA,1,NaN,95.6480028137103,3.54144183804735,77.8566489718355,0.285506218558225,0,0
Regular,7,20280931,50,GURA,1,8.82189930706545e-06,106.836945111409,3.95572114562208,70.0252841459021,0.258495363890234,0,0
Regular,7,20280931,50,GRA,1,1.54900426597364e-09,106.836945054704,3.95572114352252,70.0252588484306,0.258495237660218,0,0
Regular,7,20280931,50,RRA,1,NaN,101.50804961974,3.75841463749209,73.2815641935938,0.268728699006695,0,0
Regular,7,20280931,60,GURA,1,8.15858425795568e-06,111.662051187703,4.134374458069,66.8984103304402,0.246879189685794,0,0
Regular,7,20280931,60,GRA,1,1.27205414361607e-09,111.662051152131,4.13437445675193,66.8984062549123,0.246879151422341,0,0
Regular,7,20280931,60,RRA,1,NaN,106.320452115028,3.93659758995299,69.9094972680677,0.256362888759364,0,0
Regular,7,20280931,70,GURA,1,9.56148362618592e-06,115.754395652887,4.28589670085888,64.461017764683,0.237829248509864,0,0
Regular,7,20280931,70,GRA,1,6.19423151288859e-10,115.754395635519,4.2858967002158,64.4610208687665,0.237829247131378,0,0
Regular,7,20280931,70,RRA,1,NaN,110.403613790114,4.08777983278378,67.2835984059799,0.246733410735267,0,0
Regular,7,20280931,80,GURA,1,9.92612999439757e-06,119.307474727125,4.41745222232547,62.486746520931,0.230501960828705,0,0
Regular,7,20280931,80,GRA,1,8.02226719786876e-10,119.307474696541,4.41745222119309,62.4867549386629,0.230501983569452,0,0
Regular,7,20280931,80,RRA,1,NaN,113.949745255452,4.21907811361694,65.1587248382409,0.238941273796795,0,0
Regular,7,20280931,90,GURA,1,8.85502116076964e-06,122.4470046448,4.53369576401146,60.8417763952647,0.224398955768517,0,0
Regular,7,20280931,90,GRA,1,7.36377059388e-10,122.447004648374,4.53369576414377,60.8417879694891,0.224398989018988,0,0
Regular,7,20280931,90,RRA,1,NaN,117.083835211479,4.33512023648378,63.389910665271,0.232454859594322,0,0
Regular,7,20280931,100,GURA,1,9.47740972989664e-06,125.259294249886,4.63782297812125,59.4411673493895,0.21920406750082,0,0
Regular,7,20280931,100,GRA,1,7.86548929334024e-10,125.259294220985,4.63782297705116,59.4411739138764,0.219204086493816,0,0
Regular,7,20280931,100,RRA,1,NaN,119.891749683548,4.43908545788431,61.8851533135171,0.226936778064624,0,0
Regular,8,20280932,10,GURA,1,9.98483409730966e-06,64.6134551604787,2.43545378841738,114.811593749819,0.440954740278705,0,0
Regular,8,20280932,10,GRA,1,6.4024530765943e-07,64.6133582284101,2.43545013478869,114.812912151448,0.440960389197148,0,0
Regular,8,20280932,10,RRA,1,NaN,59.3205662753065,2.23595066240363,120.598610954573,0.457430300602434,0,0
Regular,8,20280932,20,GURA,1,9.6117203582935e-06,81.6290723724113,3.07681787114807,88.7038947077031,0.339627855500876,0,0
Regular,8,20280932,20,GRA,1,3.74219291615445e-10,81.629072356933,3.07681787056465,88.7039428160519,0.339628050931855,0,0
Regular,8,20280932,20,RRA,1,NaN,76.1730680068851,2.87116648679415,93.213146249166,0.353556719293001,0,0
Regular,8,20280932,30,GURA,1,9.67794013817525e-06,91.9119061679631,3.46440535522307,78.1660520090028,0.298923975290613,0,0
Regular,8,20280932,30,GRA,1,2.16487003832985e-08,91.9119061614398,3.46440535497719,78.1660669902463,0.298923992971302,0,0
Regular,8,20280932,30,RRA,1,NaN,86.3943524216861,3.25643401023321,81.9346654190407,0.310777703609566,0,0
Regular,8,20280932,40,GURA,1,9.58046894083964e-06,99.3038294077189,3.74302669520932,72.055490489726,0.275368935249863,0,0
Regular,8,20280932,40,GRA,1,1.66822417341121e-10,99.3038293958446,3.74302669476174,72.0555025951804,0.275368987381871,0,0
Regular,8,20280932,40,RRA,1,NaN,93.7539252033167,3.53383597500415,75.3734879363991,0.285891441235928,0,0
Regular,8,20280932,50,GURA,1,9.82898802348586e-06,105.078618345296,3.96069392195649,67.9230683448268,0.259458582941754,0,0
Regular,8,20280932,50,GRA,1,2.34232507212747e-10,105.0786183624,3.96069392260115,67.9230844792029,0.259458650425235,0,0
Regular,8,20280932,50,RRA,1,NaN,99.5087621867095,3.75075115928145,70.9347959619307,0.269055725392691,0,0
Regular,8,20280932,60,GURA,1,9.07544391992587e-06,109.818368566861,4.13934777361312,64.8767231859728,0.247739588847336,0,0
Regular,8,20280932,60,GRA,1,3.59788514829441e-10,109.818368561608,4.13934777341511,64.8767410765303,0.247739666198098,0,0
Regular,8,20280932,60,RRA,1,NaN,104.234975368285,3.9288947637265,67.6641505575607,0.256650369879818,0,0
Regular,8,20280932,70,GURA,1,9.94469493420524e-06,113.838316599069,4.29087035726021,62.5033083771107,0.238615002446199,0,0
Regular,8,20280932,70,GRA,1,5.52417330869831e-10,113.838316597583,4.2908703572042,62.5033222273758,0.238615062333509,0,0
Regular,8,20280932,70,RRA,1,NaN,108.245135219344,4.0800484046696,65.1177665556481,0.246992105297321,0,0
Regular,8,20280932,80,GURA,1,9.5705548481817e-06,117.328537777432,4.42242612022238,60.5815112312546,0.231230311100098,0,0
Regular,8,20280932,80,GRA,1,1.03081385724429e-09,117.328537743885,4.4224261189579,60.5815227656825,0.231230362040616,0,0
Regular,8,20280932,80,RRA,1,NaN,111.727948558826,4.21132494638875,63.0575831818413,0.239177974146665,0,0
Regular,8,20280932,90,GURA,1,9.72331202930832e-06,120.412525159258,4.5386698458341,58.9807613870486,0.225081736849525,0,0
Regular,8,20280932,90,GRA,1,1.25138160934451e-09,120.412525258149,4.53866984956156,58.9807711258896,0.225081776299828,0,0
Regular,8,20280932,90,RRA,1,NaN,114.806134030739,4.32734998251166,61.3428568645931,0.232674141487539,0,0
Regular,8,20280932,100,GURA,1,9.67542425911461e-06,123.175061274046,4.64279721419242,57.6181528677329,0.219849629046693,0,0
Regular,8,20280932,100,GRA,1,1.90773785587624e-09,123.175061229408,4.64279721250991,57.6181617360011,0.219849669843535,0,0
Regular,8,20280932,100,RRA,1,NaN,117.564002577146,4.43130141774482,59.8842829115259,0.227141878695899,0,0
Regular,9,20280933,10,GURA,1,9.64397984404286e-06,65.7265488721875,2.44382516595971,117.195549197495,0.438826310537527,0,0
Regular,9,20280933,10,GRA,1,8.20189949153435e-09,65.7265487046982,2.44382515973217,117.195234683413,0.438825126599958,0,0
Regular,9,20280933,10,RRA,1,NaN,60.1270279090233,2.23562542807738,124.909453127635,0.461073109870643,0,0
Regular,9,20280933,20,GURA,1,9.09479174637795e-06,82.9773216532389,3.08523831449679,90.6347199145642,0.338249712241501,0,0
Regular,9,20280933,20,GRA,1,2.5692672452431e-08,82.9773212168893,3.08523829827257,90.6344879323415,0.338248842445132,0,0
Regular,9,20280933,20,RRA,1,NaN,77.2108298757001,2.87083031701235,96.4213911400387,0.355925447701707,0,0
Regular,9,20280933,30,GURA,1,9.88479457575409e-06,93.4020183892941,3.47284631565034,79.9062000177533,0.297821274074904,0,0
Regular,9,20280933,30,GRA,1,3.25812050549011e-08,93.4020178815179,3.47284629677036,79.9060063154633,0.297820547621204,0,0
Regular,9,20280933,30,RRA,1,NaN,87.5726203360942,3.25609935556714,84.7024668929968,0.312671041184942,0,0
Regular,9,20280933,40,GURA,1,8.52916052096475e-06,100.895824416428,3.75147880240305,73.6817983617132,0.274415704167915,0,0
Regular,9,20280933,40,GRA,1,3.16606281280654e-08,100.895823838181,3.75147878090282,73.6816140616835,0.27441499254465,0,0
Regular,9,20280933,40,RRA,1,NaN,95.0334023279735,3.5335039523755,77.8894395948282,0.287524016019837,0,0
Regular,9,20280933,50,GURA,1,9.14014588104806e-06,106.750161091343,3.96915302296771,69.4708536952866,0.258601798286944,0,0
Regular,9,20280933,50,GRA,1,2.85277486374923e-08,106.750160513199,3.96915300147132,69.4706919645752,0.258601145875906,0,0
Regular,9,20280933,50,RRA,1,NaN,100.867389466874,3.75042154249048,73.282386691124,0.27051917296565,0,0
Regular,9,20280933,60,GURA,1,9.2567529605958e-06,111.555175927197,4.14781166822083,66.365765667953,0.246951350029518,0,0
Regular,9,20280933,60,GRA,1,6.9304312032205e-08,111.555175250116,4.1478116430458,66.3656141924319,0.246950712590071,0,0
Regular,9,20280933,60,RRA,1,NaN,105.658606739529,3.92856717081588,69.8888033533017,0.257993233136109,0,0
Regular,9,20280933,70,GURA,1,9.30559142275911e-06,115.630461651895,4.29933774076513,63.946056062091,0.237878613931991,0,0
Regular,9,20280933,70,GRA,1,1.14184390958536e-07,115.63046093344,4.29933771405177,63.9459167793783,0.237878001178786,0,0
Regular,9,20280933,70,RRA,1,NaN,109.723921161411,4.07972249331813,67.2473992165202,0.248243591705838,0,0
Regular,9,20280933,80,GURA,1,9.17736214489651e-06,119.168718060993,4.43089614759685,61.9865100044858,0.230535189551145,0,0
Regular,9,20280933,80,GRA,1,2.46753151866798e-07,119.168717078471,4.43089611106501,61.9863877782463,0.230534585948996,0,0
Regular,9,20280933,80,RRA,1,NaN,113.254634581807,4.21100043896735,65.110803304312,0.240357208246685,0,0
Regular,9,20280933,90,GURA,1,9.6249910370716e-06,122.295142653953,4.54714194523654,60.354058116537,0.22442022618613,0,0
Regular,9,20280933,90,GRA,1,7.26771010028999e-07,122.29514103924,4.54714188519874,60.353947309806,0.224419621596232,0,0
Regular,9,20280933,90,RRA,1,NaN,116.375153633243,4.32702665850285,63.3328061924237,0.233794425297149,0,0
Regular,9,20280933,100,GURA,1,9.42569592510267e-06,125.095687108666,4.65127096363555,58.964272055997,0.219216166828116,0,0
Regular,9,20280933,100,GRA,1,1.11995814058932e-09,125.095687206155,4.65127096726038,58.9642357529691,0.219216033399421,0,0
Regular,9,20280933,100,RRA,1,NaN,119.170949109597,4.43097910178839,61.820655456787,0.228212893539562,0,0
Regular,10,20280934,10,GURA,1,9.78805216789169e-06,64.5037896914561,2.43334411552636,114.71980158315,0.443655568299639,0,0
Regular,10,20280934,10,GRA,1,9.05314978378658e-07,64.5037212228648,2.43334153261387,114.72020239099,0.443656774709949,0,0
Regular,10,20280934,10,RRA,1,NaN,59.5272310644416,2.24560817460657,118.678538944447,0.453721706681828,0,0
Regular,10,20280934,20,GURA,1,9.2891256677774e-06,81.5036794527929,3.07464878790633,88.4731172713105,0.34111463239785,0,0
Regular,10,20280934,20,GRA,1,4.69633715091771e-07,81.5036783158139,3.07464874501487,88.4734107200578,0.341115711207287,0,0
Regular,10,20280934,20,RRA,1,NaN,76.3820894261031,2.88144167537547,91.9256623369765,0.351364870533944,0,0
Regular,10,20280934,30,GURA,1,9.41293131262455e-06,91.7774788701691,3.46221809935225,77.9209195189275,0.300078719870726,0,0
Regular,10,20280934,30,GRA,1,5.48691378835851e-08,91.7774787088334,3.46221809326602,77.9208846571044,0.300078540973006,0,0
Regular,10,20280934,30,RRA,1,NaN,86.6009786859634,3.26693955335503,80.8807146649087,0.309117035402876,0,0
Regular,10,20280934,40,GURA,1,9.1398596495651e-06,99.1630230509834,3.74083072906453,71.8081309347468,0.276352993175522,0,0
Regular,10,20280934,40,GRA,1,3.68534254413746e-08,99.1630228612296,3.74083072190625,71.8081225228038,0.276352937902324,0,0
Regular,10,20280934,40,RRA,1,NaN,93.9576389111615,3.54446256331368,74.4465225150457,0.284509040388536,0,0
Regular,10,20280934,50,GURA,1,9.57171122095701e-06,104.932873850044,3.95849286266193,67.6764379498067,0.260335178414581,0,0
Regular,10,20280934,50,GRA,1,2.88880154833702e-08,104.932873767299,3.95849285954043,67.6764169571969,0.260335078859674,0,0
Regular,10,20280934,50,RRA,1,NaN,99.7096716558166,3.76145252775566,70.0897019687138,0.267847598508658,0,0
Regular,10,20280934,60,GURA,1,9.2437484973118e-06,109.668593383468,4.1371433778419,64.6317271339979,0.248540885469468,0,0
Regular,10,20280934,60,GRA,1,2.39713230447023e-08,109.668593359491,4.13714337693741,64.631719538938,0.248540841956756,0,0
Regular,10,20280934,60,RRA,1,NaN,104.433301450365,3.93964696903529,66.877199274454,0.255563098638573,0,0
Regular,10,20280934,70,GURA,1,8.82624873099758e-06,113.68513555904,4.28866361121801,62.2602164650141,0.23935989973906,0,0
Regular,10,20280934,70,GRA,1,2.04302899905052e-08,113.685135530935,4.28866361015775,62.2602146998892,0.239359886854642,0,0
Regular,10,20280934,70,RRA,1,NaN,108.441102110883,4.09083743707019,64.3747625868976,0.2459943637024,0,0
Regular,10,20280934,80,GURA,1,8.83416584329666e-06,117.172407158391,4.42021761550384,60.340447780623,0.231931299748187,0,0
Regular,10,20280934,80,GRA,1,1.92276350372664e-08,117.172407195384,4.42021761689938,60.3404547526695,0.231931324203823,0,0
Regular,10,20280934,80,RRA,1,NaN,111.92175868103,4.22214189567095,62.3492739107304,0.23824969283301,0,0
Regular,10,20280934,90,GURA,1,9.99090795872348e-06,120.253793425139,4.53645998166126,58.7416463304226,0.225747089795661,0,0
Regular,10,20280934,90,GRA,1,1.71201561367088e-08,120.253793327603,4.53645997798181,58.7416502213557,0.22574709728573,0,0
Regular,10,20280934,90,RRA,1,NaN,114.99796433158,4.33818882800968,60.6628298261624,0.231801621216263,0,0
Regular,10,20280934,100,GURA,1,8.92262447038661e-06,123.014002467931,4.64058624252172,57.3808791586044,0.220485313490933,0,0
Regular,10,20280934,100,GRA,1,1.71616486319876e-08,123.014002471104,4.64058624264141,57.3808879598378,0.22048534505534,0,0
Regular,10,20280934,100,RRA,1,NaN,117.754006552479,4.44215789947734,59.2278843401893,0.22631531145127,0,0
Regular,11,20280935,10,GURA,1,8.82198688501035e-06,65.6174116873744,2.42250439291858,117.238059205599,0.440229501336438,0,0
Regular,11,20280935,10,GRA,1,5.49179713680377e-07,65.6174062244284,2.42250419123414,117.235108838067,0.440216698468028,0,0
Regular,11,20280935,10,RRA,1,NaN,60.6279194946193,2.23829921864304,123.080038152441,0.457226740718307,0,0
Regular,11,20280935,20,GURA,1,6.6431299998726e-06,82.990056948278,3.06387850961896,90.7786717289156,0.340028655947693,0,0
Regular,11,20280935,20,GRA,1,4.41037478303018e-08,82.9900561931136,3.06387848173933,90.7788534654325,0.340029210335553,0,0
Regular,11,20280935,20,RRA,1,NaN,77.839191816896,2.87371566888465,95.1709655347336,0.353534088024338,0,0
Regular,11,20280935,30,GURA,1,7.73214747340489e-06,93.4885716078973,3.45146919977325,80.0264645471261,0.299456046177446,0,0
Regular,11,20280935,30,GRA,1,1.28620929273177e-08,93.4885715099338,3.45146919615657,80.026584357615,0.299456489134233,0,0
Regular,11,20280935,30,RRA,1,NaN,88.2769542225087,3.25906346956149,83.6697841711305,0.310805226751347,0,0
Regular,11,20280935,40,GURA,1,9.82937526572414e-06,101.035519063817,3.73009209718643,73.7795588180454,0.275921376079798,0,0
Regular,11,20280935,40,GRA,1,1.83807571944424e-08,101.035518822391,3.73009208827332,73.7797012846718,0.275921891774237,0,0
Regular,11,20280935,40,RRA,1,NaN,95.7920169577212,3.53650922703586,76.97668996902,0.285939967221707,0,0
Regular,11,20280935,50,GURA,1,8.39905907312755e-06,106.931409685272,3.94776025207636,69.5511723146769,0.260006803684149,0,0
Regular,11,20280935,50,GRA,1,3.87380396898668e-07,106.931408681246,3.94776021500911,69.5513861554012,0.260007615537301,0,0
Regular,11,20280935,50,RRA,1,NaN,101.66826265744,3.75345211849368,72.4476944044974,0.269114791290164,0,0
Regular,11,20280935,60,GURA,1,8.03216486389147e-06,111.770552003999,4.12641471624397,66.4325137403809,0.248276943647836,0,0
Regular,11,20280935,60,GRA,1,5.19477923469015e-09,111.77055202232,4.12641471692036,66.43256914603,0.248277151131702,0,0
Regular,11,20280935,60,RRA,1,NaN,106.494086292293,3.93161487521108,69.1099471517713,0.256715262320591,0,0
Regular,11,20280935,70,GURA,1,9.5344059580782e-06,115.874795727461,4.2779377372535,64.0019867419302,0.239139958134385,0,0
Regular,11,20280935,70,GRA,1,5.51365736519495e-09,115.874795697627,4.27793773615206,64.0020476061209,0.239140179235986,0,0
Regular,11,20280935,70,RRA,1,NaN,110.588705243185,4.08278256288401,66.5109893479896,0.24706039257505,0,0
Regular,11,20280935,80,GURA,1,9.07622239409989e-06,119.438202964348,4.40949382066387,62.033605948244,0.231743298603617,0,0
Regular,11,20280935,80,GRA,1,4.80112308982137e-09,119.438202784482,4.40949381402347,62.0336722574859,0.231743542564718,0,0
Regular,11,20280935,80,RRA,1,NaN,114.144831835867,4.2140698549459,64.4080598261958,0.239248283478684,0,0
Regular,11,20280935,90,GURA,1,9.60736024424591e-06,122.586856840556,4.52573778169109,60.3937866874601,0.225583332375611,0,0
Regular,11,20280935,90,GRA,1,5.81207963432296e-09,122.58685665957,4.52573777500931,60.3938462080723,0.225583546909506,0,0
Regular,11,20280935,90,RRA,1,NaN,117.287785916814,4.33010338738863,62.6576133255193,0.232745647047744,0,0
Regular,11,20280935,100,GURA,1,9.10066638581952e-06,125.407318037923,4.62986532139398,58.997750947828,0.220340601756724,0,0
Regular,11,20280935,100,GRA,1,9.94290820922721e-09,125.407317761214,4.62986531117825,58.9978212703341,0.220340851263329,0,0
Regular,11,20280935,100,RRA,1,NaN,120.10366356109,4.43406170862937,61.1685554304721,0.227214060075889,0,0
Regular,12,20280936,10,GURA,1,9.68496616948755e-06,63.7236076307647,2.40299187879338,115.486238963717,0.437033532251271,0,0
Regular,12,20280936,10,GRA,1,7.12917403546457e-07,63.723570411062,2.40299047525321,115.486731641535,0.437034880298976,0,0
Regular,12,20280936,10,RRA,1,NaN,59.4771048514479,2.24285794929117,121.278684064729,0.454550653948788,0,0
Regular,12,20280936,20,GURA,1,9.00851419061155e-06,80.7301140344206,3.04430046589389,89.6024343667687,0.338321204827136,0,0
Regular,12,20280936,20,GRA,1,1.08462005757381e-07,80.7301079509388,3.04430023648821,89.602858126715,0.338322826130359,0,0
Regular,12,20280936,20,RRA,1,NaN,76.3335993658612,2.87850964776005,93.8658467296675,0.351846970287027,0,0
Regular,12,20280936,30,GURA,1,8.91166235206242e-06,91.0078865626582,3.43187117690174,79.0459564007562,0.298202045672791,0,0
Regular,12,20280936,30,GRA,1,1.51139208313591e-07,91.0078798918522,3.4318709253483,79.0462811905502,0.298203309148703,0,0
Regular,12,20280936,30,RRA,1,NaN,86.5547178967363,3.26394395907829,82.5586681045503,0.309479022556639,0,0
Regular,12,20280936,40,GURA,1,9.36933123441008e-06,98.396279098237,3.71048451849419,72.9037405229191,0.274893798288027,0,0
Regular,12,20280936,40,GRA,1,1.65264095560876e-07,98.3962719483911,3.71048424887635,72.904022902462,0.274894904287941,0,0
Regular,12,20280936,40,RRA,1,NaN,93.9133450967138,3.5414348617132,75.975006381644,0.284808440460539,0,0
Regular,12,20280936,50,GURA,1,9.22650870904818e-06,104.168352164357,3.92814709626375,68.74265038184,0.259117588102659,0,0
Regular,12,20280936,50,GRA,1,1.7472440736548e-07,104.168344542446,3.92814680884453,68.7429073977354,0.25911860124746,0,0
Regular,12,20280936,50,RRA,1,NaN,99.6670694072981,3.75840551521517,71.5184602344338,0.268107932460604,0,0
Regular,12,20280936,60,GURA,1,9.92780629971435e-06,108.905893796731,4.10679790545843,65.671849783724,0.24748225801315,0,0
Regular,12,20280936,60,GRA,1,1.80787503511987e-07,108.905885982074,4.10679761077083,65.6720852730327,0.247483190077794,0,0
Regular,12,20280936,60,RRA,1,NaN,104.392167435846,3.93658708106271,68.2332267164414,0.255796407247459,0,0
Regular,12,20280936,70,GURA,1,9.97754680298613e-06,112.923980294718,4.25831834791201,63.2776044317531,0.238414599077595,0,0
Regular,12,20280936,70,GRA,1,1.85232519297591e-07,112.923972358634,4.25831804864546,63.2778244435461,0.238415472442507,0,0
Regular,12,20280936,70,RRA,1,NaN,108.401259802894,4.08776835841868,65.6746195025285,0.246207691316293,0,0
Regular,12,20280936,80,GURA,1,9.52048335989275e-06,116.412592211928,4.38987251468003,61.3379701831051,0.231071342267525,0,0
Regular,12,20280936,80,GRA,1,1.8858646505201e-07,116.412584127961,4.38987220983687,61.338178108928,0.231072168477947,0,0
Regular,12,20280936,80,RRA,1,NaN,111.883067221771,4.21906593026304,63.603982402014,0.238447544406312,0,0
Regular,12,20280936,90,GURA,1,9.87345365288661e-06,119.495162138524,4.50611499960561,59.7216733907551,0.224954017797433,0,0
Regular,12,20280936,90,GRA,1,1.89501522056531e-07,119.495153953306,4.50611469094431,59.7218749133137,0.22495482290244,0,0
Regular,12,20280936,90,RRA,1,NaN,114.960309491109,4.33510751135407,61.8801659757183,0.231987067348867,0,0
Regular,12,20280936,100,GURA,1,9.80442518638824e-06,122.256431440493,4.61024136586912,58.3453614437458,0.21974627223005,0,0
Regular,12,20280936,100,GRA,1,1.93145239172779e-07,122.256423088429,4.6102410509161,58.3455510576183,0.21974703069455,0,0
Regular,12,20280936,100,RRA,1,NaN,117.717294159325,4.43907230578424,60.4135794437485,0.226490547847517,0,0
Regular,13,20280937,10,GURA,1,8.71915032618631e-06,66.1008686768193,2.4231208948691,118.318608675897,0.438944965437149,0,0
Regular,13,20280937,10,GRA,1,6.58803149338708e-08,66.1008623418274,2.42312066264142,118.318041220583,0.43894309220311,0,0
Regular,13,20280937,10,RRA,1,NaN,61.1421530516241,2.24134465374478,125.004570286522,0.458717342226655,0,0
Regular,13,20280937,20,GURA,1,9.63397729236704e-06,83.5978146127521,3.06452268190222,91.6643367581769,0.339259025714234,0,0
Regular,13,20280937,20,GRA,1,2.10926856594322e-08,83.5978125959715,3.06452260797123,91.6639125714876,0.339257471939186,0,0
Regular,13,20280937,20,RRA,1,NaN,78.4776295562489,2.87682730596596,96.5328055029038,0.354309096556353,0,0
Regular,13,20280937,30,GURA,1,9.84209632193256e-06,94.170970817124,3.45211268240267,80.8256067835068,0.298867695212137,0,0
Regular,13,20280937,30,GRA,1,1.94655423300965e-08,94.1709693484516,3.45211262856419,80.8253280089605,0.298866716809539,0,0
Regular,13,20280937,30,RRA,1,NaN,88.9900399181986,3.26219048973924,84.8190681341428,0.311344737946,0,0
Regular,13,20280937,40,GURA,1,9.66750321396148e-06,101.771516913327,3.73073295512813,74.5254795018803,0.275425699146614,0,0
Regular,13,20280937,40,GRA,1,1.67017055971395e-08,101.771515707206,3.73073291091424,74.525254653757,0.275424912288508,0,0
Regular,13,20280937,40,RRA,1,NaN,96.5587012157904,3.53964193180801,78.0086036794682,0.286361905718065,0,0
Regular,13,20280937,50,GURA,1,7.87362944265624e-06,107.709271640178,3.94839874130087,70.2598942690599,0.259568625977395,0,0
Regular,13,20280937,50,GRA,1,2.59440081585227e-08,107.70927045518,3.94839869786129,70.2597132385742,0.259568009216427,0,0
Regular,13,20280937,50,RRA,1,NaN,102.476807262696,3.75658743808297,73.4030316665158,0.269465911355216,0,0
Regular,13,20280937,60,GURA,1,8.8714358419395e-06,112.582775108337,4.1270512812947,67.1132250775106,0.247878546670659,0,0
Regular,13,20280937,60,GRA,1,2.57538952190461e-08,112.582773918659,4.12705123768358,67.1130500705432,0.247877947907874,0,0
Regular,13,20280937,60,RRA,1,NaN,107.33698709741,3.93475156127926,70.0103697602133,0.257018849249326,0,0
Regular,13,20280937,70,GURA,1,9.18296139218455e-06,116.71616489319,4.27857278706014,64.6602692470925,0.238769835101709,0,0
Regular,13,20280937,70,GRA,1,2.57447824600503e-08,116.716163703086,4.27857274343341,64.6601121369291,0.238769302908426,0,0
Regular,13,20280937,70,RRA,1,NaN,111.460746140596,4.08592002400858,67.3695599776212,0.247329740659306,0,0
Regular,13,20280937,80,GURA,1,8.06798877306392e-06,120.304881117498,4.41012768857577,62.6735639575248,0.231395293117437,0,0
Regular,13,20280937,80,GRA,1,2.4891063659841e-08,120.304879929279,4.41012764501814,62.6734082179829,0.231394761919857,0,0
Regular,13,20280937,80,RRA,1,NaN,115.042174853206,4.21720778044397,65.2333518019972,0.239491711270824,0,0
Regular,13,20280937,90,GURA,1,8.27836408490157e-06,123.475901059013,4.52637070976663,61.0183844742841,0.225253280862463,0,0
Regular,13,20280937,90,GRA,1,3.74618909002322e-08,123.475899789402,4.52637066322529,61.0182530224571,0.225252861175225,0,0
Regular,13,20280937,90,RRA,1,NaN,118.207487975462,4.33324160146442,63.4556047464188,0.232968714416677,0,0
Regular,13,20280937,100,GURA,1,8.60576442107686e-06,126.316399013954,4.63049747972029,59.6092036308989,0.22002548861395,0,0
Regular,13,20280937,100,GRA,1,4.15017474771625e-08,126.316397614867,4.63049742843266,59.6090609477849,0.220025028548258,0,0
Regular,13,20280937,100,RRA,1,NaN,121.043395782824,4.43720010611794,61.9436086843996,0.227420672709033,0,0
Regular,14,20280938,10,GURA,1,9.62336121190788e-06,65.089328961305,2.42618884859259,116.403029769129,0.439038528998997,0,0
Regular,14,20280938,10,GRA,1,1.12640734431632e-08,65.0893285803917,2.42618883439414,116.40309186854,0.439038708514267,0,0
Regular,14,20280938,10,RRA,1,NaN,60.0123054703581,2.23694403727949,122.143682404729,0.456356577741455,0,0
Regular,14,20280938,20,GURA,1,9.88940432833374e-06,82.2950729491361,3.06752875578123,90.1067094121751,0.339077122603474,0,0
Regular,14,20280938,20,GRA,1,2.16171099229674e-08,82.2950729411062,3.06752875548192,90.1066792182888,0.339076956090553,0,0
Regular,14,20280938,20,RRA,1,NaN,77.0555371568404,2.87222633810495,94.4895218251876,0.353006676443015,0,0
Regular,14,20280938,30,GURA,1,8.77650023056731e-06,92.6929943096092,3.45510873633872,79.4375158326087,0.298660078386844,0,0
Regular,14,20280938,30,GRA,1,1.03339456570311e-07,92.6929940889641,3.45510872811423,79.4375189990177,0.29866004178157,0,0
Regular,14,20280938,30,RRA,1,NaN,87.3922296792927,3.2575240286713,83.0877008055002,0.310399474440106,0,0
Regular,14,20280938,40,GURA,1,9.36175544197226e-06,100.167694976062,3.73372637909084,73.2405641726628,0.275219355876615,0,0
Regular,14,20280938,40,GRA,1,9.22996679843721e-07,100.167693887616,3.73372633851927,73.2406574373261,0.275219695400031,0,0
Regular,14,20280938,40,RRA,1,NaN,94.8347893273122,3.534943622807,76.4505863249576,0.285598674154457,0,0
Regular,14,20280938,50,GURA,1,9.55913254330198e-06,106.00717086883,3.95139141756558,69.0463496420751,0.259368319196962,0,0
Regular,14,20280938,50,GRA,1,1.39325235520963e-10,106.007170895866,3.95139141857335,69.046365824022,0.259368371873684,0,0
Regular,14,20280938,50,RRA,1,NaN,100.6544606356,3.75187045022959,71.9586341605363,0.268814242075023,0,0
Regular,14,20280938,60,GURA,1,9.84275475346408e-06,110.800023252914,4.13004382023714,65.9529809894627,0.247684870363466,0,0
Regular,14,20280938,60,GRA,1,3.0196919683994e-10,110.800023274855,4.13004382105496,65.9529976736883,0.247684926716518,0,0
Regular,14,20280938,60,RRA,1,NaN,105.43388542382,3.93002234254301,68.6477335179849,0.256443183918071,0,0
Regular,14,20280938,70,GURA,1,7.96822317283841e-06,114.865014440704,4.28156537448923,63.5421756168823,0.238583627379328,0,0
Regular,14,20280938,70,GRA,1,2.47363203535223e-10,114.865014495519,4.28156537653243,63.5421895786762,0.238583670333592,0,0
Regular,14,20280938,70,RRA,1,NaN,109.489172896542,4.08118219318466,66.0694050800711,0.246809540332821,0,0
Regular,14,20280938,80,GURA,1,9.97356303855668e-06,118.394346354553,4.41312036006073,61.589759400851,0.231215578316035,0,0
Regular,14,20280938,80,GRA,1,3.48464931714073e-10,118.394346392873,4.4131203614891,61.5897712283428,0.231215611368665,0,0
Regular,14,20280938,80,RRA,1,NaN,113.011164358114,4.21246356518933,63.9829875793221,0.239013989131541,0,0
Regular,14,20280938,90,GURA,1,9.41233340157055e-06,121.512894300089,4.52936347348654,59.9632247224085,0.225079175932745,0,0
Regular,14,20280938,90,GRA,1,6.69212835582298e-10,121.512894346962,4.52936347523374,59.9632386900305,0.225079219507182,0,0
Regular,14,20280938,90,RRA,1,NaN,116.123965500823,4.32849246794261,62.2461605789253,0.232524707731037,0,0
Regular,14,20280938,100,GURA,1,9.36187494104956e-06,124.306389815662,4.63349033693148,58.5784813981581,0.219856283842544,0,0
Regular,14,20280938,100,GRA,1,3.93964432227094e-10,124.306389815503,4.63349033692558,58.5784942490579,0.219856326831296,0,0
Regular,14,20280938,100,RRA,1,NaN,118.912839607069,4.43244706948296,60.7685980342353,0.227004172220701,0,0
Regular,15,20280939,10,GURA,1,9.10040400015077e-06,61.8979784584388,2.41726080178474,111.733372452408,0.438860216245514,0,0
Regular,15,20280939,10,GRA,1,1.18227401133245e-08,61.8979784675256,2.41726080213961,111.733687488749,0.438861498516993,0,0
Regular,15,20280939,10,RRA,1,NaN,57.5514603513612,2.24751910575277,116.269084879978,0.452366686622184,0,0
Regular,15,20280939,20,GURA,1,9.20795669401286e-06,78.3197941155313,3.05857110416689,86.45249546189,0.338784483172364,0,0
Regular,15,20280939,20,GRA,1,4.40124758677689e-07,78.3197921717552,3.05857102825788,86.4520207779059,0.33878223336382,0,0
Regular,15,20280939,20,RRA,1,NaN,73.838592987675,2.88356972122909,90.0979940040734,0.350520913885862,0,0
Regular,15,20280939,30,GURA,1,9.86101250077809e-06,88.2441040238034,3.44613861321143,76.2159430151264,0.298399900403369,0,0
Regular,15,20280939,30,GRA,1,4.64377820825164e-08,88.2441037926556,3.44613860418457,76.2158720541723,0.298399540562834,0,0
Regular,15,20280939,30,RRA,1,NaN,83.7120942917477,3.26915303546819,79.2882828272499,0.308457918034912,0,0
Regular,15,20280939,40,GURA,1,9.52576752411005e-06,95.3784192347495,3.724750305168,70.2727387831767,0.274988007170574,0,0
Regular,15,20280939,40,GRA,1,9.90422378679411e-08,95.3784187526826,3.72475028634216,70.2726557240901,0.274987583996405,0,0
Regular,15,20280939,40,RRA,1,NaN,90.8197062897816,3.54672190451742,72.9895287933608,0.283949150808064,0,0
Regular,15,20280939,50,GURA,1,9.14676389029978e-06,100.952005233928,3.94241187177693,66.2507953026616,0.25915875814028,0,0
Regular,15,20280939,50,GRA,1,7.02555218076072e-07,100.952001948026,3.94241174345477,66.2507705834202,0.25915841229262,0,0
Regular,15,20280939,50,RRA,1,NaN,96.3768284008481,3.76374051779624,68.7236903303277,0.267351046053538,0,0
Regular,15,20280939,60,GURA,1,9.62451808916853e-06,105.52663870857,4.12106200634003,63.2846108101878,0.247491992115524,0,0
Regular,15,20280939,60,GRA,1,9.51584167482424e-07,105.526529913753,4.12105775764802,63.2847238838007,0.247492191691202,0,0
Regular,15,20280939,60,RRA,1,NaN,100.940295173487,3.94195456653378,65.5778764808698,0.255111144975701,0,0
Regular,15,20280939,70,GURA,1,9.97259571988707e-06,109.406559052332,4.2725819686167,60.9729471542955,0.238403897968589,0,0
Regular,15,20280939,70,GRA,1,7.65063015821657e-08,109.406558527704,4.27258194812874,60.9729131447845,0.238403703532773,0,0
Regular,15,20280939,70,RRA,1,NaN,104.812143601669,4.09315930163156,63.1271462817658,0.24557586769593,0,0
Regular,15,20280939,80,GURA,1,9.80161730623763e-06,112.77521246869,4.40413576182542,59.1008118815995,0.231046499388015,0,0
Regular,15,20280939,80,GRA,1,4.16833594259799e-08,112.775212237421,4.40413575279382,59.1007986925367,0.231046406594742,0,0
Regular,15,20280939,80,RRA,1,NaN,108.174690192067,4.22447460900629,61.1433498020992,0.237857431861137,0,0
Regular,15,20280939,90,GURA,1,9.74456603231033e-06,115.751787162519,4.52037796407777,57.5411402461795,0.224918925917852,0,0
Regular,15,20280939,90,GRA,1,9.96481794707105e-07,115.751713222476,4.52037507654621,57.5412415520324,0.22491912865195,0,0
Regular,15,20280939,90,RRA,1,NaN,111.146483059723,4.34053006976468,59.4915080579784,0.231430614187357,0,0
Regular,15,20280939,100,GURA,1,9.91433985220169e-06,118.418109924208,4.6245041028832,56.2133015768309,0.219703495727087,0,0
Regular,15,20280939,100,GRA,1,9.67499539105305e-07,118.418038325389,4.62450130678188,56.2134068495218,0.21970372502298,0,0
Regular,15,20280939,100,RRA,1,NaN,113.808960051159,4.44450602224871,58.0859239241986,0.225961959724084,0,0
Regular,16,20280940,10,GURA,1,7.95037449563551e-06,62.7534697022214,2.41064835918103,113.056632904114,0.439079440185216,0,0
Regular,16,20280940,10,GRA,1,2.3243862135583e-09,62.7534696648663,2.41064835774605,113.056587888559,0.439079292655119,0,0
Regular,16,20280940,10,RRA,1,NaN,58.3925557365651,2.24312566847207,117.799440898567,0.453539780595486,0,0
Regular,16,20280940,20,GURA,1,9.29128197668661e-06,79.4491033996508,3.05200416259999,87.4870941135178,0.339028617025689,0,0
Regular,16,20280940,20,GRA,1,1.10363971233087e-08,79.4491033274335,3.05200415982579,87.4871157537336,0.339028693957728,0,0
Regular,16,20280940,20,RRA,1,NaN,74.9405952472072,2.8788117027788,91.2258367735776,0.351211420766769,0,0
Regular,16,20280940,30,GURA,1,8.95006332513049e-06,89.538624845752,3.43958891981549,77.1324265405408,0.298651210915798,0,0
Regular,16,20280940,30,GRA,1,7.2939003869005e-08,89.5386246905232,3.43958891385244,77.1325027450828,0.298651464734896,0,0
Regular,16,20280940,30,RRA,1,NaN,84.9743761923494,3.26425521190373,80.2582603300361,0.308980218582722,0,0
Regular,16,20280940,40,GURA,1,7.55605899271927e-06,96.7915984576373,3.71820887532778,71.1183596596026,0.275233091028272,0,0
Regular,16,20280940,40,GRA,1,4.42089062436844e-07,96.7915978129532,3.71820885056251,71.118502255589,0.275233655505736,0,0
Regular,16,20280940,40,RRA,1,NaN,92.1980540608621,3.54174978365592,73.8701921514775,0.284383364486173,0,0
Regular,16,20280940,50,GURA,1,8.81190882751071e-06,102.457842318609,3.93587526940904,67.0476085346047,0.259395504171521,0,0
Regular,16,20280940,50,GRA,1,2.83870582122502e-10,102.4578423093,3.93587526905144,67.0476237370018,0.259395570685748,0,0
Regular,16,20280940,50,RRA,1,NaN,97.8462330555268,3.7587222234343,69.5450636419903,0.267730059258649,0,0
Regular,16,20280940,60,GURA,1,9.15160772052559e-06,107.108505679926,4.11452856227497,64.0450609995965,0.247720701405698,0,0
Regular,16,20280940,60,GRA,1,2.60845273066453e-10,107.108505671457,4.11452856194962,64.0450736577704,0.247720756044287,0,0
Regular,16,20280940,60,RRA,1,NaN,102.484642063372,3.93690477042383,66.3561700808637,0.255451848131614,0,0
Regular,16,20280940,70,GURA,1,8.75474794526099e-06,111.052897970003,4.26605074658064,61.7048719845642,0.238625332495977,0,0
Regular,16,20280940,70,GRA,1,2.68342527877242e-10,111.052897959794,4.26605074618844,61.7048832595087,0.238625383139011,0,0
Regular,16,20280940,70,RRA,1,NaN,106.420175145385,4.08808663194759,63.8722658946353,0.245888170122855,0,0
Regular,16,20280940,80,GURA,1,9.98447013955683e-06,114.477520673252,4.39760619904524,59.8095348613656,0.231261463837153,0,0
Regular,16,20280940,80,GRA,1,3.50347340282372e-10,114.477520661955,4.39760619861127,59.8095465955867,0.231261514425971,0,0
Regular,16,20280940,80,RRA,1,NaN,109.838094343362,4.21938457205377,61.8618678754072,0.238147686096024,0,0
Regular,16,20280940,90,GURA,1,9.25001746665544e-06,117.503545329672,4.51384967382767,58.2304759337931,0.225128142925655,0,0
Regular,16,20280940,90,GRA,1,2.4115862606153e-10,117.503545319911,4.51384967345272,58.2304880241307,0.225128197002943,0,0
Regular,16,20280940,90,RRA,1,NaN,112.858869649531,4.33542639523621,60.188049509063,0.231703159376186,0,0
Regular,16,20280940,100,GURA,1,9.61899075235806e-06,120.214160443047,4.61797682259629,56.8860935588465,0.219907574096323,0,0
Regular,16,20280940,100,GRA,1,3.52827268027599e-10,120.214160432963,4.61797682220891,56.8861045345396,0.219907622094639,0,0
Regular,16,20280940,100,RRA,1,NaN,115.56526266496,4.43939135387361,58.7638900850576,0.226219904538089,0,0
Regular,17,20280941,10,GURA,1,9.8446511600514e-06,65.269767928737,2.43972713736658,115.599632269548,0.441210573469368,0,0
Regular,17,20280941,10,GRA,1,2.83626426425787e-07,65.269766589981,2.43972708732505,115.59930907853,0.441209355033931,0,0
Regular,17,20280941,10,RRA,1,NaN,59.8967773971323,2.2388894260531,121.059487298733,0.455908188146032,0,0
Regular,17,20280941,20,GURA,1,9.51312399877224e-06,82.4275205081604,3.08106900072275,89.300151548191,0.33980397850547,0,0
Regular,17,20280941,20,GRA,1,5.37417557388484e-09,82.427520481662,3.08106899973226,89.3000711608909,0.339803644501293,0,0
Regular,17,20280941,20,RRA,1,NaN,76.8941855362024,2.87423775373617,93.6469106297513,0.352705937813609,0,0
Regular,17,20280941,30,GURA,1,8.32215923907142e-06,92.7964777958165,3.46865160264819,78.6905877708437,0.299077138761201,0,0
Regular,17,20280941,30,GRA,1,8.28036976521108e-12,92.796477795494,3.46865160263614,78.6905831554188,0.299077124290711,0,0
Regular,17,20280941,30,RRA,1,NaN,87.2025522248111,3.25955553178593,82.3458095117714,0.310155561101064,0,0
Regular,17,20280941,40,GURA,1,9.20401524240333e-06,100.250355220524,3.74727105555508,72.5380641006745,0.275504824576627,0,0
Regular,17,20280941,40,GRA,1,5.52439622211313e-11,100.250355219779,3.74727105552723,72.5380589660297,0.27550480922407,0,0
Regular,17,20280941,40,RRA,1,NaN,94.6245799573372,3.53698447090981,75.7676571142095,0.285386433254178,0,0
Regular,17,20280941,50,GURA,1,7.589946211084e-06,106.073559033294,3.96493734761147,68.3771777136172,0.25958167858953,0,0
Regular,17,20280941,50,GRA,1,9.72208388137442e-11,106.073559052862,3.96493734834292,68.377178252476,0.259581684900935,0,0
Regular,17,20280941,50,RRA,1,NaN,100.428143064661,3.75391661048498,71.315748026134,0.268622754570848,0,0
Regular,17,20280941,60,GURA,1,8.27006551773479e-06,110.85305266926,4.14359066133658,65.3098335692607,0.247852880354667,0,0
Regular,17,20280941,60,GRA,1,2.13573379161444e-10,110.853052667229,4.14359066126065,65.3098382855328,0.247852905745301,0,0
Regular,17,20280941,60,RRA,1,NaN,105.194313116125,3.93207190021359,68.0344309506349,0.256266602101893,0,0
Regular,17,20280941,70,GURA,1,8.11680188306241e-06,114.906711567449,4.29511290407442,62.9200704383715,0.238720560011222,0,0
Regular,17,20280941,70,GRA,1,3.75158820997497e-10,114.906711564406,4.29511290396067,62.9200720840322,0.238720572634046,0,0
Regular,17,20280941,70,RRA,1,NaN,109.238339802268,4.08323409924561,65.4791790546945,0.246644317810764,0,0
Regular,17,20280941,80,GURA,1,9.62759392209023e-06,118.426202823603,4.42666842510426,60.985136461237,0.231329899010572,0,0
Regular,17,20280941,80,GRA,1,6.89916825541764e-10,118.426202818689,4.42666842492057,60.9851364253552,0.231329907243661,0,0
Regular,17,20280941,80,RRA,1,NaN,112.750542662501,4.2145171863772,63.4114589498112,0.238857789572734,0,0
Regular,17,20280941,90,GURA,1,7.52720364971537e-06,121.536054313627,4.54291196808233,59.3734441737338,0.225176315399998,0,0
Regular,17,20280941,90,GRA,1,1.0164299898998e-09,121.536054306516,4.5429119678165,59.3734433162248,0.225176319854939,0,0
Regular,17,20280941,90,RRA,1,NaN,115.854686818577,4.33054739417789,61.6902117409923,0.232375898084052,0,0
Regular,17,20280941,100,GURA,1,9.54111732553997e-06,124.32175884151,4.64703917963884,58.0015226084905,0.219939932074575,0,0
Regular,17,20280941,100,GRA,1,6.20004167481472e-10,124.321758868667,4.64703918065393,58.0015181322673,0.219939921849367,0,0
Regular,17,20280941,100,RRA,1,NaN,118.635800949911,4.43450302070531,60.2259136554477,0.226861559046461,0,0
Regular,18,20280942,10,GURA,1,9.03427347509478e-06,62.0905221414108,2.42100698270114,111.45941122853,0.438291780961016,0,0
Regular,18,20280942,10,GRA,1,7.08453751102156e-07,62.0905109895338,2.42100654787194,111.465337411847,0.438315588012879,0,0
Regular,18,20280942,10,RRA,1,NaN,57.6100163064032,2.24630502274851,116.311493394891,0.453535887044993,0,0
Regular,18,20280942,20,GURA,1,9.32580738322031e-06,78.5418330519447,3.06246943486543,86.3320883611704,0.338805403246087,0,0
Regular,18,20280942,20,GRA,1,6.49982063763237e-07,78.5418228851667,3.06246903844678,86.3353117050934,0.338818541702541,0,0
Regular,18,20280942,20,RRA,1,NaN,73.9180698191364,2.88218164396086,90.082442547226,0.351241909025492,0,0
Regular,18,20280942,30,GURA,1,9.65464114699444e-06,88.4827978125984,3.45008326496845,76.1247719342605,0.298512481923814,0,0
Regular,18,20280942,30,GRA,1,1.34373396604864e-07,88.48279517155,3.45008316198982,76.1259098554373,0.298517121089918,0,0
Regular,18,20280942,30,RRA,1,NaN,83.8051114542438,3.2676929267028,79.2551090984299,0.309017975774757,0,0
Regular,18,20280942,40,GURA,1,9.85693523958275e-06,95.6287618220836,3.72871562572865,70.1916634593691,0.275121484698548,0,0
Regular,18,20280942,40,GRA,1,2.7803451883534e-07,95.6287555393942,3.72871538075672,70.1924186392312,0.275124455139453,0,0
Regular,18,20280942,40,RRA,1,NaN,90.9227838064215,3.54522215130741,72.9481371858923,0.284423283570091,0,0
Regular,18,20280942,50,GURA,1,7.35877035040744e-06,101.21133546044,3.94638894033086,66.1736755337396,0.259292632312708,0,0
Regular,18,20280942,50,GRA,1,2.75878156917212e-07,101.211328405795,3.94638866525919,66.1743892763586,0.259295443346076,0,0
Regular,18,20280942,50,RRA,1,NaN,96.4879215491272,3.76221561295199,68.6776665406101,0.267770559390648,0,0
Regular,18,20280942,60,GURA,1,9.16439433495952e-06,105.793296395502,4.12504679398825,63.2098816515788,0.247623134977586,0,0
Regular,18,20280942,60,GRA,1,3.10650407409492e-07,105.793288699556,4.12504649391121,63.2105863863778,0.24762592266546,0,0
Regular,18,20280942,60,RRA,1,NaN,101.058054227885,3.94041226431762,65.5289443200032,0.255492322251117,0,0
Regular,18,20280942,70,GURA,1,8.93156092018899e-06,109.67940341308,4.2765722104383,60.8997753019344,0.238531159296543,0,0
Regular,18,20280942,70,GRA,1,3.51463503819985e-07,109.679395217233,4.27657189086937,60.9004824023037,0.23853396448223,0,0
Regular,18,20280942,70,RRA,1,NaN,104.935609676515,4.09160424166266,63.0762570164557,0.245928360330222,0,0
Regular,18,20280942,80,GURA,1,7.88086559921908e-06,113.053411664776,4.4081300916628,59.0287328012827,0.231169613206526,0,0
Regular,18,20280942,80,GRA,1,3.85829281647195e-07,113.053403033535,4.40812975511717,59.0293693570773,0.231172131426128,0,0
Regular,18,20280942,80,RRA,1,NaN,108.303146452382,4.22290978987996,61.0910790055196,0.238187480351468,0,0
Regular,18,20280942,90,GURA,1,7.82167549218116e-06,116.034706215707,4.52437544886654,57.470071188764,0.225038784508685,0,0
Regular,18,20280942,90,GRA,1,4.1251924208128e-07,116.034697606469,4.52437511317882,57.4705372604984,0.225040586506119,0,0
Regular,18,20280942,90,RRA,1,NaN,111.279373120628,4.33895754237776,59.4382277343442,0.231742512690272,0,0
Regular,18,20280942,100,GURA,1,7.58872453943127e-06,118.705248701398,4.62850409495413,56.1430613474919,0.219820290979761,0,0
Regular,18,20280942,100,GRA,1,4.3976537685231e-07,118.705240361097,4.6285037697527,56.1433952710344,0.219821540909643,0,0
Regular,18,20280942,100,RRA,1,NaN,113.945839420407,4.44292725157424,58.0318867342755,0.22625880460549,0,0
Regular,19,20280943,10,GURA,1,9.93655099534863e-06,64.8045856085167,2.43553368307633,113.996370363061,0.443792348592477,0,0
Regular,19,20280943,10,GRA,1,4.37024107000382e-07,64.8045836324651,2.4355336088109,113.993220248555,0.443778619122151,0,0
Regular,19,20280943,10,RRA,1,NaN,59.8698877580252,2.25007423267137,117.490308962573,0.452333772681006,0,0
Regular,19,20280943,20,GURA,1,8.11651947429937e-06,81.8693822792661,3.07687544456113,88.012283014223,0.341724932060583,0,0
Regular,19,20280943,20,GRA,1,4.81842958563572e-08,81.8693820320927,3.07687543527168,88.0117802465386,0.341722706883478,0,0
Regular,19,20280943,20,RRA,1,NaN,76.7962728037403,2.88621410648519,91.0555944383814,0.350480330631241,0,0
Regular,19,20280943,30,GURA,1,9.83492904893524e-06,92.1820587937501,3.46445405150457,77.5106792004569,0.30062163198834,0,0
Regular,19,20280943,30,GRA,1,3.02348677940766e-07,92.1820573783295,3.4644539983092,77.5098309358795,0.30061786638685,0,0
Regular,19,20280943,30,RRA,1,NaN,87.0565934146469,3.27182503528559,80.1360424413857,0.30841748105208,0,0
Regular,19,20280943,40,GURA,1,9.73624645084215e-06,99.5954770158956,3.74307059718918,71.4232424028684,0.276834606536216,0,0
Regular,19,20280943,40,GRA,1,6.8645513726185e-07,99.5954731568571,3.74307045215595,71.4222471740465,0.27683017796659,0,0
Regular,19,20280943,40,RRA,1,NaN,94.4424774827991,3.5494067721082,73.7729359345267,0.283909738815876,0,0
Regular,19,20280943,50,GURA,1,9.30423094658295e-06,105.387078386653,3.96073482704234,67.3081506460415,0.260771103949565,0,0
Regular,19,20280943,50,GRA,1,8.49921073739501e-08,105.387077646084,3.96073479920973,67.3077668727235,0.260769422467992,0,0
Regular,19,20280943,50,RRA,1,NaN,100.21709408708,3.7664326679536,69.463344342058,0.267312723717956,0,0
Regular,19,20280943,60,GURA,1,8.85742765888153e-06,110.140638942737,4.13938664219049,64.2756640024676,0.248942173246905,0,0
Regular,19,20280943,60,GRA,1,1.65385294927225e-08,110.140638377888,4.13938662096192,64.2754691431818,0.24894134783539,0,0
Regular,19,20280943,60,RRA,1,NaN,104.959129643357,3.94465134206762,66.2851677729491,0.255073829920098,0,0
Regular,19,20280943,70,GURA,1,9.7196304089664e-06,114.172306576911,4.290907745671,61.9137595612438,0.239734063410509,0,0
Regular,19,20280943,70,GRA,1,1.70820212031669e-08,114.172305982398,4.29090772332756,61.9135945229903,0.23973336348933,0,0
Regular,19,20280943,70,RRA,1,NaN,108.98246375878,4.09585924910645,63.8091641752457,0.245539456192227,0,0
Regular,19,20280943,80,GURA,1,9.970375867141e-06,117.672706929839,4.42246237076048,60.0018596792376,0.232283595601926,0,0
Regular,19,20280943,80,GRA,1,1.64551874192592e-08,117.672706457394,4.42246235300473,60.0017166508902,0.232282992033538,0,0
Regular,19,20280943,80,RRA,1,NaN,112.476557493853,4.22717685423712,61.8048680563335,0.237821827192403,0,0
Regular,19,20280943,90,GURA,1,9.9162807210007e-06,120.765691486251,4.53870519520942,58.4096917909903,0.226081319321636,0,0
Regular,19,20280943,90,GRA,1,1.6103615896131e-08,120.765691100083,4.53870518069617,58.4095559760671,0.226080742600543,0,0
Regular,19,20280943,90,RRA,1,NaN,115.564602832708,4.3432340493727,60.135927344343,0.231395732257145,0,0
Regular,19,20280943,100,GURA,1,9.75639688860497e-06,123.536288854301,4.64283182681682,57.0546382105299,0.22080432070305,0,0
Regular,19,20280943,100,GRA,1,1.59730484047759e-08,123.536288329201,4.64283180708212,57.0545211474366,0.220803831398837,0,0
Regular,19,20280943,100,RRA,1,NaN,118.331226902476,4.44721135355662,58.7157714307975,0.225927728787037,0,0
Regular,20,20280944,10,GURA,1,9.49334027922077e-06,64.8986022052527,2.4097512909803,117.489311812252,0.439071772049208,0,0
Regular,20,20280944,10,GRA,1,1.26641071785641e-09,64.8986021546261,2.40975128910049,117.489299409441,0.439071752430939,0,0
Regular,20,20280944,10,RRA,1,NaN,60.3746027096892,2.2417705756122,123.672544264857,0.456740074246299,0,0
Regular,20,20280944,20,GURA,1,9.77886059772004e-06,82.1698644446538,3.05105087315971,90.9905448638631,0.339062889533768,0,0
Regular,20,20280944,20,GRA,1,1.47615837413788e-09,82.1698643313208,3.05105086895154,90.9905506230548,0.33906293903802,0,0
Regular,20,20280944,20,RRA,1,NaN,77.4890404263996,2.87724710331632,95.6322198301201,0.35318665040348,0,0
Regular,20,20280944,30,GURA,1,9.83838478418875e-06,92.6077004821864,3.4386183709455,80.236942024356,0.29865906568469,0,0
Regular,20,20280944,30,GRA,1,1.83323276226001e-08,92.6077001157583,3.43861835733965,80.2369112831291,0.29865896447904,0,0
Regular,20,20280944,30,RRA,1,NaN,87.8674424921639,3.26260775711271,84.0774951864363,0.31051517649178,0,0
Regular,20,20280944,40,GURA,1,9.99018709535449e-06,100.111175541164,3.71723005279687,73.9887310421479,0.275227497986675,0,0
Regular,20,20280944,40,GRA,1,5.29882681322146e-08,100.111175343486,3.7172300454569,73.9886887181503,0.275227346098805,0,0
Regular,20,20280944,40,RRA,1,NaN,95.3396346730992,3.54005787379649,77.3533660126796,0.285683113066914,0,0
Regular,20,20280944,50,GURA,1,8.21500925241025e-06,105.973163014281,3.93489162640641,69.7587157692683,0.259382397079462,0,0
Regular,20,20280944,50,GRA,1,3.73676128235573e-07,105.973162171215,3.93489159510252,69.7587645408179,0.259382599635373,0,0
Regular,20,20280944,50,RRA,1,NaN,101.182315410702,3.75700256862513,72.8034055238511,0.268880224624374,0,0
Regular,20,20280944,60,GURA,1,9.72700261314685e-06,110.784507718942,4.1135417624562,66.6383310319116,0.247702972438953,0,0
Regular,20,20280944,60,GRA,1,3.0657109637968e-10,110.78450745232,4.11354175255625,66.6383326605126,0.247702985473819,0,0
Regular,20,20280944,60,RRA,1,NaN,105.980556224726,3.93516614385069,69.4502173267911,0.256496987364474,0,0
Regular,20,20280944,70,GURA,1,9.59420176016579e-06,114.86519143537,4.26506171080027,64.2061000210179,0.238604587789946,0,0
Regular,20,20280944,70,GRA,1,4.26034941491756e-10,114.865191413858,4.26506171000151,64.2060987213057,0.238604587136162,0,0
Regular,20,20280944,70,RRA,1,NaN,110.051763203946,4.08633421127678,66.8392372578271,0.246854702342587,0,0
Regular,20,20280944,80,GURA,1,9.660050046989e-06,118.40815393768,4.39661552203391,62.2360884906777,0.231238638675615,0,0
Regular,20,20280944,80,GRA,1,5.69668974546264e-10,118.408153588449,4.39661550906663,62.2360899093326,0.231238650330874,0,0
Regular,20,20280944,80,RRA,1,NaN,113.587552358031,4.21762166877461,64.7265778190107,0.239052698679423,0,0
Regular,20,20280944,90,GURA,1,9.54009971110281e-06,121.538749143827,4.51285771498115,60.5947283961187,0.225103828112162,0,0
Regular,20,20280944,90,GRA,1,3.85739876355607e-10,121.538748956848,4.51285770803843,60.594727058016,0.225103829882381,0,0
Regular,20,20280944,90,RRA,1,NaN,116.712529455622,4.33365525562117,62.9680290774092,0.23255841330318,0,0
Regular,20,20280944,100,GURA,1,9.62963406081485e-06,124.343038950346,4.61698385563624,59.1972427451073,0.2198821688175,0,0
Regular,20,20280944,100,GRA,1,8.08977746035187e-10,124.343038603282,4.61698384274941,59.1972447679808,0.219882183034315,0,0
Regular,20,20280944,100,RRA,1,NaN,119.512299469203,4.43761357175465,61.472075411393,0.227033882073059,0,0
Clustered,1,20290925,10,GURA,1,9.96988679347055e-06,65.2846757898223,2.37157646964245,122.238624807546,0.450849222115406,0,0
Clustered,1,20290925,10,GRA,1,6.05636105837736e-07,65.2840104028925,2.37155229833476,122.24161818122,0.450860756742295,0,0
Clustered,1,20290925,10,RRA,1,NaN,59.9213235696437,2.17674361231572,129.838426513807,0.47285788927814,0,0
Clustered,1,20290925,20,GURA,1,9.87201474700328e-06,82.86548034837,3.01022898501474,94.2238004944495,0.34651162141255,0,0
Clustered,1,20290925,20,GRA,1,4.85598168675826e-07,82.8647816949685,3.01020360524609,94.2250250482253,0.346516318235041,0,0
Clustered,1,20290925,20,RRA,1,NaN,77.2786664377496,2.80727850313819,99.6788537893875,0.363017241166429,0,0
Clustered,1,20290925,30,GURA,1,9.9775757043119e-06,93.5082004999299,3.39684382807051,82.9011885035253,0.304516804718467,0,0
Clustered,1,20290925,30,GRA,1,4.8772900319193e-07,93.5074860376535,3.3968178740177,82.9019430043479,0.304519665147638,0,0
Clustered,1,20290925,30,RRA,1,NaN,87.8357237813531,3.19078149954365,87.3462984546806,0.318103225316052,0,0
Clustered,1,20290925,40,GURA,1,9.51964123530047e-06,101.164284653656,3.67496405780151,76.3416060018523,0.280233253060508,0,0
Clustered,1,20290925,40,GRA,1,4.87711591587166e-07,101.163572692079,3.67493819459083,76.3422172048566,0.280235566126546,0,0
Clustered,1,20290925,40,RRA,1,NaN,95.4464736692853,3.46725488525308,80.2006980481649,0.292079916969949,0,0
Clustered,1,20290925,50,GURA,1,9.89158814945768e-06,107.147805039178,3.89232557457787,71.9087841549381,0.263841406736989,0,0
Clustered,1,20290925,50,GRA,1,4.875792910404e-07,107.14708202859,3.89229930999316,71.9093332537115,0.263843484810421,0,0
Clustered,1,20290925,50,RRA,1,NaN,101.401922868578,3.68359666862447,75.3797408758292,0.274522773673551,0,0
Clustered,1,20290925,60,GURA,1,9.39608226602218e-06,112.060112477628,4.07077346593579,68.6432583259186,0.251775524076347,0,0
Clustered,1,20290925,60,GRA,1,5.08617066349769e-07,112.059381882768,4.07074692583955,68.6438071990305,0.251777620663225,0,0
Clustered,1,20290925,60,RRA,1,NaN,106.29513330899,3.86135082916974,71.8345457656927,0.261611814113567,0,0
Clustered,1,20290925,70,GURA,1,9.98844632960072e-06,116.227141748656,4.22214786502595,66.1006514990989,0.242386346424873,0,0
Clustered,1,20290925,70,GRA,1,9.4715208439391e-07,116.226404448337,4.22212108134255,66.1011863458428,0.242388401292253,0,0
Clustered,1,20290925,70,RRA,1,NaN,110.448327172389,4.0122226336344,69.0787370060109,0.251575693713266,0,0
Clustered,1,20290925,80,GURA,1,9.89470876788801e-06,119.845528504359,4.3535918951,64.0430712135185,0.234791812871982,0,0
Clustered,1,20290925,80,GRA,1,4.87443678552093e-07,119.844809309575,4.35356576913083,64.0434911371526,0.234793399027346,0,0
Clustered,1,20290925,80,RRA,1,NaN,114.056227653087,4.1432857320004,66.851956174436,0.243466212614475,0,0
Clustered,1,20290925,90,GURA,1,9.74662798824966e-06,123.043079467423,4.46974835192147,62.330033050368,0.228471419154619,0,0
Clustered,1,20290925,90,GRA,1,4.87447276780362e-07,123.042357233432,4.46972211554796,62.3304310251397,0.228472921430928,0,0
Clustered,1,20290925,90,RRA,1,NaN,117.245556371193,4.25914350184161,65.00054000674,0.236723747268927,0,0
Clustered,1,20290925,100,GURA,1,9.92401536237253e-06,125.907565600914,4.57380566444722,60.872456122467,0.223095311595396,0,0
Clustered,1,20290925,100,GRA,1,4.69153869879957e-07,125.906841050356,4.5737793439205,60.8728345224216,0.223096743599756,0,0
Clustered,1,20290925,100,RRA,1,NaN,120.103422114671,4.36296031748225,63.427125165179,0.230993713396991,0,0
Clustered,2,20290926,10,GURA,1,9.53415476701025e-06,63.3058404991565,2.36817733499033,118.172447485739,0.451254445467381,0,0
Clustered,2,20290926,10,GRA,1,9.83724081114268e-07,63.3046424145947,2.36813251642885,118.178768919735,0.451279978875819,0,0
Clustered,2,20290926,10,RRA,1,NaN,58.1114778132814,2.17386395275867,125.967016706474,0.475942100382402,0,0
Clustered,2,20290926,20,GURA,1,9.78738986390226e-06,80.3786144872841,3.0068444166577,91.0493709639619,0.346813360885608,0,0
Clustered,2,20290926,20,GRA,1,8.1708814705895e-07,80.3771898222874,3.00679112205915,91.0528751013917,0.346827480859278,0,0
Clustered,2,20290926,20,RRA,1,NaN,74.9531926200774,2.80388745411881,96.5945289687131,0.364954961778632,0,0
Clustered,2,20290926,30,GURA,1,9.98811481522921e-06,90.7136415257649,3.39346240634174,80.0921953333298,0.304772300796849,0,0
Clustered,2,20290926,30,GRA,1,8.26066446757868e-07,90.7121216415412,3.39340554973353,80.0949637960342,0.304783471650361,0,0
Clustered,2,20290926,30,RRA,1,NaN,85.1992856400368,3.18717855444618,84.5976233169957,0.31962444529724,0,0
Clustered,2,20290926,40,GURA,1,9.87136300878433e-06,98.1483714825506,3.6715845959629,73.7447919355696,0.280456958877131,0,0
Clustered,2,20290926,40,GRA,1,8.13319477540404e-07,98.146801930606,3.67152588135913,73.7471113325008,0.280466322387861,0,0
Clustered,2,20290926,40,RRA,1,NaN,92.5868133684691,3.46353497891098,77.6509427431237,0.293376667625774,0,0
Clustered,2,20290926,50,GURA,1,9.88883400410145e-06,103.958895339886,3.88894765117019,69.4560467707258,0.264043598970633,0,0
Clustered,2,20290926,50,GRA,1,8.12897891218758e-07,103.957295328828,3.88888779713628,69.4580744071115,0.264051775236906,0,0
Clustered,2,20290926,50,RRA,1,NaN,98.3680429294713,3.67980217806339,72.9662152406871,0.275675770519868,0,0
Clustered,2,20290926,60,GURA,1,9.92295113988462e-06,108.729177252943,4.06739680244821,66.2972657226159,0.251962911868677,0,0
Clustered,2,20290926,60,GRA,1,8.10270367273914e-07,108.727557080868,4.06733619422066,66.2991176035886,0.251970380024567,0,0
Clustered,2,20290926,60,RRA,1,NaN,103.118358463929,3.85750441681505,69.5223049410536,0.26266330467249,0,0
Clustered,2,20290926,70,GURA,1,9.75628734067868e-06,112.775727330124,4.21877222219027,63.8381385952186,0.242562859730189,0,0
Clustered,2,20290926,70,GRA,1,8.08814790740212e-07,112.774091048644,4.21871101133382,63.8398595570757,0.242569800161617,0,0
Clustered,2,20290926,70,RRA,1,NaN,107.150420890235,4.0083378750861,66.8459045943339,0.252550855165023,0,0
Clustered,2,20290926,80,GURA,1,9.91488788315564e-06,116.289496033728,4.35021708318037,61.8483337868223,0.234959884641801,0,0
Clustered,2,20290926,80,GRA,1,8.14698015150844e-07,116.287849470125,4.35015548768501,61.8499812943293,0.234966538118857,0,0
Clustered,2,20290926,80,RRA,1,NaN,110.653194399275,4.1393714222013,64.6837350046726,0.244381401223203,0,0
Clustered,2,20290926,90,GURA,1,9.97897312871032e-06,119.394595177674,4.46637422377926,60.1918649635018,0.228632678545266,0,0
Clustered,2,20290926,90,GRA,1,8.19957352363443e-07,119.392940395875,4.46631232085339,60.1934356201681,0.228639028699371,0,0
Clustered,2,20290926,90,RRA,1,NaN,113.749662163399,4.25520567571892,62.88635096988,0.237590264503803,0,0
Clustered,2,20290926,100,GURA,1,9.7923905997277e-06,122.17625874612,4.57043212056131,58.7825155525649,0.223250901773961,0,0
Clustered,2,20290926,100,GRA,1,7.94440941485682e-07,122.174594016228,4.57036984549209,58.7840283889302,0.223257018790232,0,0
Clustered,2,20290926,100,RRA,1,NaN,116.524368224542,4.35900330250106,61.359082898548,0.231819738044595,0,0
Clustered,3,20290927,10,GURA,1,9.95075975041004e-06,63.8021845984118,2.37800624191119,117.91265933896,0.450696367994041,0,0
Clustered,3,20290927,10,GRA,1,6.15977424872395e-07,63.801183216796,2.37796891886735,117.913714826649,0.450700276135738,0,0
Clustered,3,20290927,10,RRA,1,NaN,58.5230046476107,2.18124302832854,125.234594875009,0.474260446069114,0,0
Clustered,3,20290927,20,GURA,1,9.85137282327742e-06,80.9375737300504,3.01666873550907,90.893765374842,0.346555761324797,0,0
Clustered,3,20290927,20,GRA,1,6.1644187154026e-07,80.9365710787625,3.01663136514258,90.8944648808168,0.346557964023093,0,0
Clustered,3,20290927,20,RRA,1,NaN,75.4472407494623,2.81203552145554,96.1572197942881,0.363991164770862,0,0
Clustered,3,20290927,30,GURA,1,9.80766255409549e-06,91.3105887689153,3.40328707256321,79.9602519816066,0.30455736098737,0,0
Clustered,3,20290927,30,GRA,1,6.29055588830752e-07,91.3095925361334,3.40324994142438,79.9609565622391,0.304559818465235,0,0
Clustered,3,20290927,30,RRA,1,NaN,85.739269724299,3.19563538246566,84.2633193777341,0.31890680678882,0,0
Clustered,3,20290927,40,GURA,1,9.99281822089415e-06,98.7726583556017,3.68140996390944,73.6252841175621,0.280261328428076,0,0
Clustered,3,20290927,40,GRA,1,8.04077676262998e-07,98.7716466700337,3.68137225682134,73.6261827515407,0.280264619801985,0,0
Clustered,3,20290927,40,RRA,1,NaN,93.1584694413054,3.47216044736863,77.3706160617921,0.292786480093214,0,0
Clustered,3,20290927,50,GURA,1,9.69995786448408e-06,104.604548143285,3.89877352919392,69.3451591746754,0.263862027651314,0,0
Clustered,3,20290927,50,GRA,1,6.53762552457087e-07,104.603559599714,3.89873668464389,69.345964014976,0.263864971627199,0,0
Clustered,3,20290927,50,RRA,1,NaN,98.9638138172872,3.68853462404333,72.719736423489,0.275164770701151,0,0
Clustered,3,20290927,60,GURA,1,9.77313866812324e-06,109.392367479693,4.07722297161949,66.1926049536683,0.251791268255773,0,0
Clustered,3,20290927,60,GRA,1,6.5457839828166e-07,109.391372214847,4.07718587655716,66.1933478708353,0.251793997417311,0,0
Clustered,3,20290927,60,RRA,1,NaN,103.733577060774,3.86631108791903,69.2993343051324,0.262206890202266,0,0
Clustered,3,20290927,70,GURA,1,9.9526310251008e-06,113.453793735811,4.22859861884696,63.7382446435323,0.24239867154503,0,0
Clustered,3,20290927,70,GRA,1,6.67589350691389e-07,113.452791969118,4.22856128145069,63.7389392365713,0.242401230221914,0,0
Clustered,3,20290927,70,RRA,1,NaN,107.781923423528,4.01719922726162,66.6403750673951,0.252134680841844,0,0
Clustered,3,20290927,80,GURA,1,9.82347926381522e-06,116.980478104324,4.36004360767236,61.7522590058531,0.234801620398402,0,0
Clustered,3,20290927,80,GRA,1,7.03766245330328e-07,116.97947364381,4.36000616987324,61.7529090617598,0.234804016107786,0,0
Clustered,3,20290927,80,RRA,1,NaN,111.298697005612,4.14827482572619,64.4917563339165,0.24399631841073,0,0
Clustered,3,20290927,90,GURA,1,9.97623811116455e-06,120.096990473275,4.47620085076688,60.0989497626707,0.228479299835558,0,0
Clustered,3,20290927,90,GRA,1,7.62790655394297e-07,120.095983526404,4.47616332029737,60.0995873663801,0.228481671616362,0,0
Clustered,3,20290927,90,RRA,1,NaN,114.407439680673,4.26414248029512,62.7052651601048,0.237230052034663,0,0
Clustered,3,20290927,100,GURA,1,9.98086050785219e-06,122.888877981141,4.58025882248381,58.6922810768486,0.223101671137187,0,0
Clustered,3,20290927,100,GRA,1,7.974898808943e-07,122.887867475505,4.58022115937362,58.6928636916997,0.223103830414147,0,0
Clustered,3,20290927,100,RRA,1,NaN,117.193072081921,4.36796731449996,61.1869850897628,0.231479956346702,0,0
Clustered,4,20290928,10,GURA,1,9.83628627082567e-06,61.9356049403885,2.36991090930575,116.960128130629,0.448912170501889,0,0
Clustered,4,20290928,10,GRA,1,8.20391139117361e-07,61.9345208936592,2.36986942922055,116.969305101349,0.448947616918475,0,0
Clustered,4,20290928,10,RRA,1,NaN,56.7304798477577,2.1707414210413,125.343368887101,0.475670356056238,0,0
Clustered,4,20290928,20,GURA,1,9.6528430155729e-06,78.6220408448744,3.00840255761586,90.1344056367632,0.344943247247952,0,0
Clustered,4,20290928,20,GRA,1,9.79725138518369e-07,78.6209991802707,3.00836269924505,90.1391818367617,0.344961818297065,0,0
Clustered,4,20290928,20,RRA,1,NaN,73.1961997562335,2.80078756781305,96.1506782621392,0.364825571723104,0,0
Clustered,4,20290928,30,GURA,1,9.80699182662192e-06,88.7243601804752,3.39495883369929,79.3229301746213,0.303222052070671,0,0
Clustered,4,20290928,30,GRA,1,9.7843224081053e-07,88.7233516505318,3.39492024319682,79.3265170480097,0.303236155561008,0,0
Clustered,4,20290928,30,RRA,1,NaN,83.2137077617299,3.18409861368293,84.2220416069801,0.319540494413178,0,0
Clustered,4,20290928,40,GURA,1,9.61935935350766e-06,95.9920226682783,3.67304948335991,73.0599701161312,0.279098689939945,0,0
Clustered,4,20290928,40,GRA,1,9.78326116983898e-07,95.9910319874131,3.67301157583657,73.0629165118086,0.279110295311666,0,0
Clustered,4,20290928,40,RRA,1,NaN,90.4363994791403,3.46046849675936,77.3131457888146,0.293314637742531,0,0
Clustered,4,20290928,50,GURA,1,9.927933785292e-06,101.672118796348,3.89039331640674,68.8278953132291,0.262816227942834,0,0
Clustered,4,20290928,50,GRA,1,9.78327296063085e-07,101.671153636639,3.89035638542778,68.8304441556397,0.262826273615586,0,0
Clustered,4,20290928,50,RRA,1,NaN,96.0886091647952,3.67674527985706,72.6531078916399,0.275626532133292,0,0
Clustered,4,20290928,60,GURA,1,9.95443447493471e-06,106.335395162631,4.06882944444971,65.7101365520159,0.250830390686208,0,0
Clustered,4,20290928,60,GRA,1,9.78504211904545e-07,106.334421672812,4.06879219472649,65.7124531332483,0.250839518079532,0,0
Clustered,4,20290928,60,RRA,1,NaN,100.732894501889,3.85445473303672,69.2269237141088,0.262622409472204,0,0
Clustered,4,20290928,70,GURA,1,9.81043635306378e-06,110.291217309991,4.22019546519538,63.2824145913693,0.241502804670645,0,0
Clustered,4,20290928,70,GRA,1,9.83949444415206e-07,110.290237400542,4.22015796983068,63.2845658083074,0.241511293851415,0,0
Clustered,4,20290928,70,RRA,1,NaN,104.674946779376,4.00529386194263,66.5640459731558,0.252515816247053,0,0
Clustered,4,20290928,80,GURA,1,9.97263069635324e-06,113.726231108291,4.35163321706753,61.317648974871,0.233957450988958,0,0
Clustered,4,20290928,80,GRA,1,9.78368292590113e-07,113.725284110797,4.35159698104959,61.3196166152497,0.233965199349726,0,0
Clustered,4,20290928,80,RRA,1,NaN,108.099517415342,4.13633201548413,64.4126378323599,0.244350692855251,0,0
Clustered,4,20290928,90,GURA,1,9.99659965827959e-06,116.761753893877,4.46778480018244,59.6817564121375,0.227677459572078,0,0
Clustered,4,20290928,90,GRA,1,9.78430148146597e-07,116.760803414449,4.46774843093139,59.6836008770273,0.227684716670131,0,0
Clustered,4,20290928,90,RRA,1,NaN,111.126847371581,4.25217010726129,62.6240885514862,0.237562885542512,0,0
Clustered,4,20290928,100,GURA,1,9.80805585371058e-06,119.481101146032,4.57183820735068,58.2897168275441,0.222335287840126,0,0
Clustered,4,20290928,100,GRA,1,9.78540147586926e-07,119.480148462079,4.57180175374543,58.2914878450626,0.22234225517625,0,0
Clustered,4,20290928,100,RRA,1,NaN,113.839595290858,4.35597099681874,61.1042483895353,0.23179499720513,0,0
Clustered,5,20290929,10,GURA,1,9.97237616928714e-06,62.084521281577,2.35963521685011,116.519941483358,0.451731465661894,0,0
Clustered,5,20290929,10,GRA,1,5.00879687225338e-07,62.08390467577,2.35961178162427,116.519682221047,0.451730264970134,0,0
Clustered,5,20290929,10,RRA,1,NaN,57.0501962795314,2.16829653334767,125.214000057832,0.480372500271799,0,0
Clustered,5,20290929,20,GURA,1,9.97512819722601e-06,78.8839485634859,2.99812802341488,89.6842935685804,0.346704186672621,0,0
Clustered,5,20290929,20,GRA,1,5.00903285048957e-07,78.8832961042071,2.9981032255126,89.6846945151877,0.346705743906059,0,0
Clustered,5,20290929,20,RRA,1,NaN,73.6146638589612,2.79785926882443,95.7761491094281,0.367330391279318,0,0
Clustered,5,20290929,30,GURA,1,9.96255263174817e-06,89.0546458802879,3.38468388425182,78.8833193132181,0.304611798636277,0,0
Clustered,5,20290929,30,GRA,1,5.00979089590421e-07,89.0539781483318,3.38465850588364,78.8837410273317,0.304613603649857,0,0
Clustered,5,20290929,30,RRA,1,NaN,83.6948337215264,3.1809744690152,83.7889045837231,0.321313631762886,0,0
Clustered,5,20290929,40,GURA,1,9.97796055557387e-06,96.3715054259897,3.66277444699418,72.6309059085422,0.280289788678812,0,0
Clustered,5,20290929,40,GRA,1,5.01091985250933e-07,96.3708179755438,3.66274831918891,72.6312889775073,0.28029148045498,0,0
Clustered,5,20290929,40,RRA,1,NaN,90.9636359416605,3.45723852564144,76.8599078405446,0.29471944186416,0,0
Clustered,5,20290929,50,GURA,1,9.99376301535904e-06,102.090055462093,3.88011834811424,68.4080276806376,0.263880934272279,0,0
Clustered,5,20290929,50,GRA,1,5.06134552945119e-07,102.089354847693,3.88009171998894,68.4084212678055,0.263882647160102,0,0
Clustered,5,20290929,50,RRA,1,NaN,96.6523689598171,3.67344917673144,72.192585281576,0.27680804192843,0,0
Clustered,5,20290929,60,GURA,1,9.99389594724676e-06,106.784903019513,4.05855457353001,65.2981352108106,0.251806080361035,0,0
Clustered,5,20290929,60,GRA,1,6.06007472958667e-07,106.784192201466,4.05852755759655,65.2985269229149,0.251807748359541,0,0
Clustered,5,20290929,60,RRA,1,NaN,101.326905875375,3.85111345924058,68.7644118773961,0.263653246993298,0,0
Clustered,5,20290929,70,GURA,1,9.91289097385106e-06,110.767506957662,4.20992068400708,62.8771928643643,0.242411620205547,0,0
Clustered,5,20290929,70,GRA,1,5.06482590483171e-07,110.766817076291,4.20989446381006,62.8775243144763,0.242413038398978,0,0
Clustered,5,20290929,70,RRA,1,NaN,105.294782067331,4.00191981492107,66.1020024807676,0.253437627878182,0,0
Clustered,5,20290929,80,GURA,1,9.99951011593225e-06,114.225776387105,4.34135850726193,60.9183396560371,0.23481372904815,0,0
Clustered,5,20290929,80,GRA,1,5.11258218420139e-07,114.225080876179,4.34133207310345,60.9186580762362,0.234815072785957,0,0
Clustered,5,20290929,80,RRA,1,NaN,108.741882131388,4.13293312611766,63.9522735817544,0.245189636925275,0,0
Clustered,5,20290929,90,GURA,1,9.76519188355951e-06,117.281850693562,4.45751017292622,59.2876612641288,0.228491075105034,0,0
Clustered,5,20290929,90,GRA,1,5.1865508583532e-07,117.28114938705,4.45748351849597,59.287963728636,0.228492349473608,0,0
Clustered,5,20290929,90,RRA,1,NaN,111.789193773613,4.24875175078097,62.1660093015242,0.238336503934197,0,0
Clustered,5,20290929,100,GURA,1,9.98926854478555e-06,120.019608318069,4.56156363379917,57.90026917129,0.22311338005239,0,0
Clustered,5,20290929,100,GRA,1,5.25068348981205e-07,120.018904585132,4.56153688714817,57.9005444584944,0.223114532450462,0,0
Clustered,5,20290929,100,RRA,1,NaN,114.519893982521,4.35253698173047,60.6487454986071,0.232515649559606,0,0
Clustered,6,20290930,10,GURA,1,9.81905424524143e-06,60.1981159104189,2.36122776161815,113.734304523543,0.448400099647907,0,0
Clustered,6,20290930,10,GRA,1,9.75147370432545e-07,60.1971877073888,2.36119135352249,113.734019156134,0.44839909472086,0,0
Clustered,6,20290930,10,RRA,1,NaN,55.2711480280916,2.16797099322254,122.966840580942,0.480143086043396,0,0
Clustered,6,20290930,20,GURA,1,9.99207679797109e-06,76.4781445364537,2.99980016492951,87.7720367926386,0.345218437881125,0,0
Clustered,6,20290930,20,GRA,1,9.96455218080531e-07,76.4771826460467,2.99976243547073,87.7712547595843,0.345215076355866,0,0
Clustered,6,20290930,20,RRA,1,NaN,71.3257137047624,2.79769977464967,94.0400145266017,0.367237192287585,0,0
Clustered,6,20290930,30,GURA,1,9.90793222399589e-06,86.3338432335873,3.38638285147814,77.2605685834913,0.303596644964958,0,0
Clustered,6,20290930,30,GRA,1,8.59471753824562e-07,86.3328874707766,3.38634536236992,77.2607786413134,0.303597310545952,0,0
Clustered,6,20290930,30,RRA,1,NaN,81.0949190681129,3.18088982244483,82.2626426398788,0.321260559644607,0,0
Clustered,6,20290930,40,GURA,1,9.79097304210086e-06,93.4239426898652,3.66448689868304,71.164126136121,0.279494530057033,0,0
Clustered,6,20290930,40,GRA,1,8.63437783924382e-07,93.422963401985,3.6644484868209,71.1644753639857,0.27949580091861,0,0
Clustered,6,20290930,40,RRA,1,NaN,88.1391922983723,3.45719636892319,75.4557413474106,0.294684983158175,0,0
Clustered,6,20290930,50,GURA,1,9.73132571147062e-06,98.9652022350018,3.88183881534067,67.0422471174117,0.263213977985009,0,0
Clustered,6,20290930,50,GRA,1,8.64482861720169e-07,98.9642078570847,3.8817998115827,67.0426397367204,0.263215444456482,0,0
Clustered,6,20290930,50,RRA,1,NaN,93.652053610775,3.67343438534495,70.8710721235268,0.276784214308675,0,0
Clustered,6,20290930,60,GURA,1,9.98908948091071e-06,103.514464811598,4.06028036501863,64.0046845899789,0.251223943527782,0,0
Clustered,6,20290930,60,GRA,1,8.3136550985e-07,103.513460454569,4.06024096983721,64.005101468021,0.251225547998464,0,0
Clustered,6,20290930,60,RRA,1,NaN,98.1819868092512,3.85111775408085,67.5038489832881,0.26363627020151,0,0
Clustered,6,20290930,70,GURA,1,9.96375096207203e-06,107.373551684422,4.21165026955468,61.6389208441851,0.241890140233098,0,0
Clustered,6,20290930,70,GRA,1,8.67369646790272e-07,107.372539116245,4.21161055229683,61.6393574896671,0.241891847316261,0,0
Clustered,6,20290930,70,RRA,1,NaN,102.027064915371,4.00193817482741,64.8889278716413,0.253425427197025,0,0
Clustered,6,20290930,80,GURA,1,9.55051818252173e-06,110.724554263289,4.34309093341613,59.7240299556954,0.234338036496875,0,0
Clustered,6,20290930,80,GRA,1,8.70004510174932e-07,110.723575145716,4.34305252823417,59.7244891845499,0.234339823229203,0,0
Clustered,6,20290930,80,RRA,1,NaN,105.367447519676,4.13296227783171,62.7776452699839,0.245180954710206,0,0
Clustered,6,20290930,90,GURA,1,9.86493107291153e-06,113.685828715109,4.45924479204874,58.1294999483917,0.228051311663396,0,0
Clustered,6,20290930,90,GRA,1,8.7018316872892e-07,113.684844851192,4.45920620069484,58.1299447170811,0.228053057272708,0,0
Clustered,6,20290930,90,RRA,1,NaN,108.320393105091,4.2487894426753,61.0233988699791,0.238330521255272,0,0
Clustered,6,20290930,100,GURA,1,9.80862811061911e-06,116.338655966911,4.5633000313033,56.7725576719282,0.222702693546897,0,0
Clustered,6,20290930,100,GRA,1,8.70254456534765e-07,116.337669580182,4.56326134099392,56.77297168391,0.222704304161451,0,0
Clustered,6,20290930,100,RRA,1,NaN,110.966513214684,4.35258159910501,59.5333834693239,0.232511803584377,0,0
Clustered,7,20290931,10,GURA,1,9.86362267241248e-06,62.4049702653942,2.35887458704069,116.83267972055,0.451352632408737,0,0
Clustered,7,20290931,10,GRA,1,7.04041457519262e-07,62.4042614783082,2.35884779526693,116.835154958682,0.451361381825287,0,0
Clustered,7,20290931,10,RRA,1,NaN,57.4527819071224,2.17168450876829,124.659862746291,0.477140488590991,0,0
Clustered,7,20290931,20,GURA,1,9.9879961972249e-06,79.299295073178,2.99747105275188,89.967325128928,0.346663830170911,0,0
Clustered,7,20290931,20,GRA,1,6.9309131495457e-07,79.2984878397682,2.9974405397596,89.9692627095712,0.346671389685172,0,0
Clustered,7,20290931,20,RRA,1,NaN,74.1210315473359,2.80173545374171,95.4917159332339,0.365448406810599,0,0
Clustered,7,20290931,30,GURA,1,9.99117497357815e-06,89.5268658780193,3.38406777343132,79.1378657979308,0.3046369411054,0,0
Clustered,7,20290931,30,GRA,1,6.84272598697383e-07,89.526036665796,3.38403642965161,79.1393515452669,0.304642825330228,0,0
Clustered,7,20290931,30,RRA,1,NaN,84.261667093716,3.18504606802562,83.5956852231201,0.319901102683599,0,0
Clustered,7,20290931,40,GURA,1,9.91228261426613e-06,96.8844317646306,3.66217983916255,72.8665106920769,0.280340304943086,0,0
Clustered,7,20290931,40,GRA,1,6.97679473109608e-07,96.8835638256777,3.66214703153312,72.8677784925544,0.28034537826217,0,0
Clustered,7,20290931,40,RRA,1,NaN,91.5731398073628,3.4614158364065,76.7132329170518,0.293551546669437,0,0
Clustered,7,20290931,50,GURA,1,9.77127053403137e-06,102.634700195622,3.87953691845995,68.6299650684812,0.263943443697863,0,0
Clustered,7,20290931,50,GRA,1,7.32795245683121e-07,102.633808374041,3.87950320807992,68.6310993310872,0.263948015925874,0,0
Clustered,7,20290931,50,RRA,1,NaN,97.2948345356188,3.67769284498273,72.0744285748881,0.275792688567053,0,0
Clustered,7,20290931,60,GURA,1,9.99752260710807e-06,107.355537114411,4.05798203573085,65.5096383117358,0.251875035199518,0,0
Clustered,7,20290931,60,GRA,1,8.07765573732535e-07,107.354629469525,4.05794772723834,65.5106850992037,0.251879278965767,0,0
Clustered,7,20290931,60,RRA,1,NaN,101.99621966971,3.8554026951683,68.6656590540647,0.262743284454306,0,0
Clustered,7,20290931,70,GURA,1,9.99910345456101e-06,111.360158017419,4.20935456965986,63.0803852916559,0.242484284487134,0,0
Clustered,7,20290931,70,GRA,1,8.50622987594663e-07,111.359238199771,4.20931980104345,63.0813704047458,0.242488296390165,0,0
Clustered,7,20290931,70,RRA,1,NaN,105.986741462126,4.00624229023792,66.0173826545572,0.252605485694821,0,0
Clustered,7,20290931,80,GURA,1,9.94810124055334e-06,114.837526683701,4.34079725029541,61.1147042675656,0.234888612072445,0,0
Clustered,7,20290931,80,GRA,1,6.81819438028281e-07,114.83665319863,4.34076423302569,61.1155322250225,0.234891969335981,0,0
Clustered,7,20290931,80,RRA,1,NaN,109.453420960305,4.1372809260211,63.87845213874,0.244417698082931,0,0
Clustered,7,20290931,90,GURA,1,9.91240393943826e-06,117.910465410886,4.45695269497013,59.4782806496223,0.228567301631773,0,0
Clustered,7,20290931,90,GRA,1,6.82284309709485e-07,117.909584858327,4.4569194105531,59.479063044632,0.228570479877293,0,0
Clustered,7,20290931,90,RRA,1,NaN,112.517976478831,4.25311948988043,62.1007361354554,0.237612771896496,0,0
Clustered,7,20290931,100,GURA,1,9.98390155260154e-06,120.663322155457,4.56100921144496,58.0859615991824,0.223190405531523,0,0
Clustered,7,20290931,100,GRA,1,6.83311020663425e-07,120.662437038808,4.56097575450776,58.0867069543948,0.223193443954243,0,0
Clustered,7,20290931,100,RRA,1,NaN,115.264082406959,4.35692082909482,60.5904267154872,0.231831554179403,0,0
Clustered,8,20290932,10,GURA,1,9.94119977448804e-06,61.019468748621,2.35037613139837,114.986722801948,0.451069169756841,0,0
Clustered,8,20290932,10,GRA,1,8.8891267227009e-07,61.0181808507951,2.350326523554,114.991906262138,0.451090533890713,0,0
Clustered,8,20290932,10,RRA,1,NaN,56.3975904324208,2.17234848383925,122.237328077031,0.475738801664613,0,0
Clustered,8,20290932,20,GURA,1,9.99849795135788e-06,77.5951494586963,2.98884587067354,88.7338820088467,0.347325300094266,0,0
Clustered,8,20290932,20,GRA,1,7.41435778701222e-07,77.5937529433807,2.98879207905044,88.7368570576714,0.347337464985627,0,0
Clustered,8,20290932,20,RRA,1,NaN,72.7528122912393,2.80232648707384,93.7774719203782,0.36484397174401,0,0
Clustered,8,20290932,30,GURA,1,9.95008803172936e-06,87.6305395753503,3.37539367063268,78.0777578969192,0.305344692560354,0,0
Clustered,8,20290932,30,GRA,1,7.40264903301873e-07,87.6291131902998,3.3753387284733,78.0802950340114,0.305355162790614,0,0
Clustered,8,20290932,30,RRA,1,NaN,82.7032695330341,3.18560280326011,82.1475393178838,0.319544686368986,0,0
Clustered,8,20290932,40,GURA,1,9.88178232930181e-06,94.8500996806118,3.65348002730857,71.8961058858243,0.281025451673331,0,0
Clustered,8,20290932,40,GRA,1,7.41362793107579e-07,94.8486395623621,3.65342378579822,71.8982504235941,0.281034303521996,0,0
Clustered,8,20290932,40,RRA,1,NaN,89.8777341373918,3.46195215056618,75.4114241000441,0.293312733161597,0,0
Clustered,8,20290932,50,GURA,1,9.97269400926371e-06,100.49262049043,3.87082125469538,67.7170054437806,0.264598480097856,0,0
Clustered,8,20290932,50,GRA,1,7.41523761399877e-07,100.491139968852,3.87076422728019,67.7189305147521,0.264606437403976,0,0
Clustered,8,20290932,50,RRA,1,NaN,95.4922691624876,3.67821540854782,70.8678176688189,0.275621465642412,0,0
Clustered,8,20290932,60,GURA,1,9.92729136584103e-06,105.125058226369,4.04925563486991,64.637727889962,0.252501860008157,0,0
Clustered,8,20290932,60,GRA,1,7.38850123182427e-07,105.123598961816,4.04919942624264,64.6394527917586,0.252508994587183,0,0
Clustered,8,20290932,60,RRA,1,NaN,100.105637999752,3.85591528405991,67.5271727130351,0.262615515453441,0,0
Clustered,8,20290932,70,GURA,1,9.97396721302835e-06,109.054726147581,4.20062040214424,62.2398356947176,0.243086236481965,0,0
Clustered,8,20290932,70,GRA,1,7.41527440031712e-07,109.053257962553,4.20056384991399,62.2414278792974,0.243092822855195,0,0
Clustered,8,20290932,70,RRA,1,NaN,104.021474157314,4.0067472730619,64.9307349167155,0.252507791456827,0,0
Clustered,8,20290932,80,GURA,1,9.76956029319354e-06,112.467032846113,4.33205721045672,60.299212758777,0.235468858455166,0,0
Clustered,8,20290932,80,GRA,1,7.40986961256316e-07,112.465556166298,4.33200033102031,60.3007089865778,0.23547504872244,0,0
Clustered,8,20290932,80,RRA,1,NaN,107.4232875908,4.137779896936,62.8329755317974,0.244341936616709,0,0
Clustered,8,20290932,90,GURA,1,9.98200585655695e-06,115.482491759778,4.44820805216737,58.6834679049295,0.22912855585142,0,0
Clustered,8,20290932,90,GRA,1,7.41525495901038e-07,115.481010241966,4.44815098637879,58.684873509061,0.229134370043943,0,0
Clustered,8,20290932,90,RRA,1,NaN,110.430512521283,4.25361357827255,61.0890045513982,0.237553642544711,0,0
Clustered,8,20290932,100,GURA,1,9.95532340652971e-06,118.18386714354,4.5522608791446,57.308631772515,0.223734925364529,0,0
Clustered,8,20290932,100,GRA,1,7.41525208187608e-07,118.182380684713,4.55220362303571,57.3099679974606,0.22374047214405,0,0
Clustered,8,20290932,100,RRA,1,NaN,113.125253728441,4.35741086696568,59.6070284933782,0.231785425094153,0,0
Clustered,9,20290933,10,GURA,1,9.722349670227e-06,60.9106189017958,2.34133445926397,116.2962523398,0.448455373828245,0,0
Clustered,9,20290933,10,GRA,1,9.81615948764144e-07,60.9093723137586,2.34128654184693,116.29964037687,0.448468784805801,0,0
Clustered,9,20290933,10,RRA,1,NaN,56.3197054031445,2.16486500011724,125.33805617962,0.479808056814,0,0
Clustered,9,20290933,20,GURA,1,9.42633028699902e-06,77.5215855577712,2.97984100105472,89.731650478389,0.34535248378528,0,0
Clustered,9,20290933,20,GRA,1,8.73313618594883e-07,77.5202337991365,2.97978904100032,89.733206979617,0.345358764366018,0,0
Clustered,9,20290933,20,RRA,1,NaN,72.6983985387412,2.79444321369458,95.9536617418613,0.367297091643085,0,0
Clustered,9,20290933,30,GURA,1,9.96550722476286e-06,87.5781222155304,3.36640275731638,78.9787357978008,0.303746816070627,0,0
Clustered,9,20290933,30,GRA,1,8.75770887319349e-07,87.5767038392087,3.36634823655435,78.9799246461653,0.303751612372176,0,0
Clustered,9,20290933,30,RRA,1,NaN,82.6657970611962,3.17757860208172,83.9715172774597,0.32142206043209,0,0
Clustered,9,20290933,40,GURA,1,9.84520205804529e-06,94.8128230764056,3.64449637602257,72.7420704213806,0.279646180140304,0,0
Clustered,9,20290933,40,GRA,1,8.73864353999852e-07,94.811429569684,3.6444428112195,72.743028337393,0.279650046920283,0,0
Clustered,9,20290933,40,RRA,1,NaN,89.8532720426886,3.45385691204928,77.0401544007423,0.29488582613648,0,0
Clustered,9,20290933,50,GURA,1,9.95870563613721e-06,100.467145695098,3.86184206433818,68.5253812928425,0.263363637084141,0,0
Clustered,9,20290933,50,GRA,1,8.89544968611111e-07,100.465730248224,3.86178765618075,68.5262239136623,0.263367041897156,0,0
Clustered,9,20290933,50,RRA,1,NaN,95.4783300243179,3.67007770121873,72.3689322516292,0.27700297036049,0,0
Clustered,9,20290933,60,GURA,1,9.9934911794719e-06,105.109256101831,4.04027947402062,65.4179139553968,0.251370389585821,0,0
Clustered,9,20290933,60,GRA,1,9.69812682111866e-07,105.107826183337,4.04022450959071,65.4187418561952,0.251373793396046,0,0
Clustered,9,20290933,60,RRA,1,NaN,100.10052206798,3.84774947182759,68.9367040096563,0.26386367573078,0,0
Clustered,9,20290933,70,GURA,1,9.89062921874506e-06,109.047119748885,4.19164644449249,62.9977558732751,0.242033387242075,0,0
Clustered,9,20290933,70,GRA,1,8.7183786409634e-07,109.045737467565,4.19159331118101,62.9984917075406,0.242036485575863,0,0
Clustered,9,20290933,70,RRA,1,NaN,104.023950159776,3.99856155608134,66.2704570743342,0.253656908544684,0,0
Clustered,9,20290933,80,GURA,1,9.99988195715673e-06,112.466536817233,4.3230849220037,61.038875035462,0.234478267637262,0,0
Clustered,9,20290933,80,GRA,1,8.71636168723913e-07,112.465146032371,4.3230314618258,61.039604151088,0.234481365813828,0,0
Clustered,9,20290933,80,RRA,1,NaN,107.432423784661,4.12957938015404,64.1171983863343,0.245414054229175,0,0
Clustered,9,20290933,90,GURA,1,9.91722225407443e-06,115.488275126377,4.4392370832793,59.407747537804,0.228188780686821,0,0
Clustered,9,20290933,90,GRA,1,8.71807440645946e-07,115.486877779258,4.43918337085573,59.4084569847971,0.228191823707155,0,0
Clustered,9,20290933,90,RRA,1,NaN,110.445579771389,4.24540164678111,62.3277144533663,0.238563843150849,0,0
Clustered,9,20290933,100,GURA,1,9.82336441879283e-06,118.195272571759,4.54329096607156,58.0196825688211,0.222837612555687,0,0
Clustered,9,20290933,100,GRA,1,8.71815587419363e-07,118.19386938703,4.54323702925697,58.0203673183521,0.222840570209689,0,0
Clustered,9,20290933,100,RRA,1,NaN,113.145666151259,4.34918987612701,60.8075163096635,0.232744527168732,0,0
Clustered,10,20290934,10,GURA,1,9.84273471971164e-06,62.3673732744966,2.36112455406586,116.958634487506,0.45085927273889,0,0
Clustered,10,20290934,10,GRA,1,6.95235037034315e-07,62.3667020839995,2.361099143915,116.961455128657,0.450870205816657,0,0
Clustered,10,20290934,10,RRA,1,NaN,57.4259309433138,2.17404980314914,124.869164813448,0.474932121288968,0,0
Clustered,10,20290934,20,GURA,1,9.98890712011757e-06,79.2334752998704,2.99964699829671,90.1066538698006,0.346243908281321,0,0
Clustered,10,20290934,20,GRA,1,6.95216947109629e-07,79.2326722714471,2.99961659698224,90.1080685866599,0.346249288775363,0,0
Clustered,10,20290934,20,RRA,1,NaN,74.0718028049888,2.8042347013242,95.7752746941349,0.364296399917889,0,0
Clustered,10,20290934,30,GURA,1,9.99150994474007e-06,89.444393195574,3.38621529029427,79.2785194494109,0.30425836986491,0,0
Clustered,10,20290934,30,GRA,1,6.95219671865651e-07,89.4435331069546,3.3861827287761,79.2795994423353,0.304262432580381,0,0
Clustered,10,20290934,30,RRA,1,NaN,84.1980899095352,3.18759901296248,83.8898614751966,0.319096336858271,0,0
Clustered,10,20290934,40,GURA,1,9.97709128469637e-06,96.7901296842906,3.66431260112488,73.0068684652216,0.27998989087957,0,0
Clustered,10,20290934,40,GRA,1,6.95217365248569e-07,96.7892406445529,3.66427894356574,73.0078427177638,0.279993587542491,0,0
Clustered,10,20290934,40,RRA,1,NaN,91.4989594033953,3.46399773432778,77.0070586461569,0.29292018064666,0,0
Clustered,10,20290934,50,GURA,1,9.65600529667654e-06,102.531218701335,3.8816606395866,68.7696129394153,0.263613715468602,0,0
Clustered,10,20290934,50,GRA,1,6.95234105136853e-07,102.530312033712,3.88162631466518,68.7704763748182,0.263617031573065,0,0
Clustered,10,20290934,50,RRA,1,NaN,97.2122350949479,3.68029280675452,72.3651056824099,0.275265845736519,0,0
Clustered,10,20290934,60,GURA,1,9.96271916875457e-06,107.244554778151,4.06009966881353,65.648473339985,0.251561359551898,0,0
Clustered,10,20290934,60,GRA,1,6.9529025275276e-07,107.243635862238,4.06006488019231,65.6492758317791,0.251564530089256,0,0
Clustered,10,20290934,60,RRA,1,NaN,101.906635878668,3.8580149774203,68.9524733894823,0.262286662993364,0,0
Clustered,10,20290934,70,GURA,1,9.98598290280484e-06,111.242832836451,4.2114677961176,63.2184042142347,0.242183562430256,0,0
Clustered,10,20290934,70,GRA,1,6.95271520571048e-07,111.241904315175,4.21143264385338,63.2191749983072,0.242186653833239,0,0
Clustered,10,20290934,70,RRA,1,NaN,105.891188961795,4.00886350009485,66.3002761557142,0.252199495779349,0,0
Clustered,10,20290934,80,GURA,1,9.99341776619644e-06,114.714707317712,4.34290716346532,61.2519361629816,0.234598640994859,0,0
Clustered,10,20290934,80,GRA,1,7.31482392217605e-07,114.713770283144,4.34287168890209,61.2526629839461,0.234601554401047,0,0
Clustered,10,20290934,80,RRA,1,NaN,109.352656964005,4.13990889553199,64.1575887535515,0.244050076100195,0,0
Clustered,10,20290934,90,GURA,1,9.95553288518636e-06,117.782799404368,4.45906000395863,59.6147668816646,0.228286456061812,0,0
Clustered,10,20290934,90,GRA,1,7.23962313592635e-07,117.781856271404,4.45902429852031,59.6154546261193,0.228289221168445,0,0
Clustered,10,20290934,90,RRA,1,NaN,112.412587446471,4.25575275132638,62.3763493051328,0.23727531661124,0,0
Clustered,10,20290934,100,GURA,1,9.8227238005677e-06,120.531321272863,4.56311444990313,58.221744759174,0.222917438225949,0,0
Clustered,10,20290934,100,GRA,1,7.30652233616672e-07,120.530373057142,4.56307855204012,58.2223929716314,0.222920039488215,0,0
Clustered,10,20290934,100,RRA,1,NaN,115.154536028347,4.35955834362155,60.8627616001098,0.231518500919287,0,0
Clustered,11,20290935,10,GURA,1,9.87705224986257e-06,63.5261386379354,2.38481755887208,118.9654391078,0.451564622098764,0,0
Clustered,11,20290935,10,GRA,1,7.15635065582472e-07,63.5250245674975,2.38477573585562,118.968654300521,0.45157613277613,0,0
Clustered,11,20290935,10,RRA,1,NaN,57.814372134625,2.17039368011397,126.971405117252,0.474961425118938,0,0
Clustered,11,20290935,20,GURA,1,9.94262349962582e-06,80.5335480811244,3.02328810880132,91.4100402043848,0.345732297561252,0,0
Clustered,11,20290935,20,GRA,1,7.12025905749486e-07,80.5323928724263,3.02324474142458,91.411819600844,0.345738655020742,0,0
Clustered,11,20290935,20,RRA,1,NaN,74.5891860480866,2.80013242428101,97.3295427804209,0.364164024829614,0,0
Clustered,11,20290935,30,GURA,1,9.98264702545271e-06,90.8303319791853,3.40983688331386,80.3930003473128,0.303659582240766,0,0
Clustered,11,20290935,30,GRA,1,7.05430789976896e-07,90.8291820142025,3.40979371279001,80.3941579193729,0.303663729134623,0,0
Clustered,11,20290935,30,RRA,1,NaN,84.7965870859257,3.18332570105529,85.2311424322364,0.318929436374528,0,0
Clustered,11,20290935,40,GURA,1,9.82141557770433e-06,98.2379430436372,3.68792400327066,74.0244799916313,0.27939478072016,0,0
Clustered,11,20290935,40,GRA,1,7.12049796981088e-07,98.2367719865019,3.68788004093203,74.0254611977687,0.27939840499868,0,0
Clustered,11,20290935,40,RRA,1,NaN,92.1568357904077,3.45963480348879,78.2285263158909,0.292743354883806,0,0
Clustered,11,20290935,50,GURA,1,9.10462050285332e-06,104.027435013855,3.90526575272305,69.725499730686,0.263037376972982,0,0
Clustered,11,20290935,50,GRA,1,7.1449363829152e-07,104.026245812955,3.90522110925425,69.7264183278132,0.263040840346649,0,0
Clustered,11,20290935,50,RRA,1,NaN,97.9169838920979,3.67587496272321,73.507319465876,0.275086697559124,0,0
Clustered,11,20290935,60,GURA,1,9.94708948809375e-06,108.780532633182,4.08370050264872,66.5603787926267,0.251005429730609,0,0
Clustered,11,20290935,60,GRA,1,7.03172158446879e-07,108.779374835958,4.08365703809684,66.5610267566977,0.251007739195519,0,0
Clustered,11,20290935,60,RRA,1,NaN,102.650114313737,3.85356012949039,70.0372324243321,0.262108066076847,0,0
Clustered,11,20290935,70,GURA,1,9.9752872735337e-06,112.812556167733,4.23506560572522,64.096776136555,0.241646709371821,0,0
Clustered,11,20290935,70,GRA,1,7.01600000570419e-07,112.811390564405,4.2350218481265,64.097396443965,0.241648945186096,0,0
Clustered,11,20290935,70,RRA,1,NaN,106.667669105803,4.00438206542539,67.3408564021959,0.252022634000807,0,0
Clustered,11,20290935,80,GURA,1,9.84364908518387e-06,116.313740527216,4.36650261915575,62.103553764965,0.234078961167365,0,0
Clustered,11,20290935,80,GRA,1,7.00728530365446e-07,116.312568741093,4.3664586294504,62.1041617799838,0.234081182392424,0,0
Clustered,11,20290935,80,RRA,1,NaN,110.157888739134,4.13540745504224,65.1627764130454,0.243875434819509,0,0
Clustered,11,20290935,90,GURA,1,9.96155140242649e-06,119.407741156069,4.48265365847682,60.4443312881874,0.227782093735286,0,0
Clustered,11,20290935,90,GRA,1,7.12412352333233e-07,119.406564353706,4.48260948045814,60.4449591488131,0.227784437768055,0,0
Clustered,11,20290935,90,RRA,1,NaN,113.243291445821,4.25123572209675,63.3523150704003,0.23710306550151,0,0
Clustered,11,20290935,100,GURA,1,9.8362303617705e-06,122.179477961281,4.58670667890854,59.0326842593408,0.222426761298273,0,0
Clustered,11,20290935,100,GRA,1,7.22838439388292e-07,122.178294830205,4.58666226330535,59.0333669024269,0.222429362735393,0,0
Clustered,11,20290935,100,RRA,1,NaN,116.008104801992,4.35502883120389,61.8140368220216,0.231348659589962,0,0
Clustered,12,20290936,10,GURA,1,9.8832745969446e-06,60.6902056265135,2.3467005763561,114.822748790539,0.450827720974692,0,0
Clustered,12,20290936,10,GRA,1,9.8625380022268e-07,60.6884908687098,2.34663427203097,114.828897571846,0.4508523281664,0,0
Clustered,12,20290936,10,RRA,1,NaN,56.2473383363282,2.17490878354667,120.850708311613,0.470438914832852,0,0
Clustered,12,20290936,20,GURA,1,9.94878307736258e-06,77.2038444356809,2.98523137899817,88.5216258078481,0.346804366137811,0,0
Clustered,12,20290936,20,GRA,1,9.97756047483426e-07,77.2020640256479,2.98516253610651,88.5252537496408,0.346818798463685,0,0
Clustered,12,20290936,20,RRA,1,NaN,72.5466447313109,2.80515202158574,92.8751586471436,0.361509334062722,0,0
Clustered,12,20290936,30,GURA,1,9.97755514831056e-06,87.20136113506,3.3718041045042,77.8824626253922,0.304866110058316,0,0
Clustered,12,20290936,30,GRA,1,9.95038267513981e-07,87.1995114222592,3.3717325818911,77.8852580859127,0.304877210575656,0,0
Clustered,12,20290936,30,RRA,1,NaN,82.4616920096511,3.18853591232204,81.4239108591411,0.316925901044133,0,0
Clustered,12,20290936,40,GURA,1,9.98446267885811e-06,94.3935541164721,3.64990372932028,71.7150482256311,0.280589511616472,0,0
Clustered,12,20290936,40,GRA,1,9.96017241286729e-07,94.3916671889205,3.64983076772907,71.7174131990434,0.280598890350657,0,0
Clustered,12,20290936,40,RRA,1,NaN,89.6101530135719,3.46494455824417,74.784955537599,0.291079803438029,0,0
Clustered,12,20290936,50,GURA,1,9.98613506908441e-06,100.014630391217,3.86725318130373,67.5467412289006,0.26419591779317,0,0
Clustered,12,20290936,50,GRA,1,9.96054101515425e-07,100.012793561232,3.86718215682886,67.5487853020619,0.264204011058131,0,0
Clustered,12,20290936,50,RRA,1,NaN,95.2041176364655,3.68124568738263,70.3039630160223,0.273635532535697,0,0
Clustered,12,20290936,60,GURA,1,9.93198624144043e-06,104.629432720383,4.0456931647216,64.4758461203718,0.25212545027475,0,0
Clustered,12,20290936,60,GRA,1,9.96651175064637e-07,104.627581128221,4.04562156943948,64.4777019994131,0.252132793650841,0,0
Clustered,12,20290936,60,RRA,1,NaN,99.8004621179127,3.85897196351558,67.0077478566086,0.260803890571442,0,0
Clustered,12,20290936,70,GURA,1,9.84719572016957e-06,108.544122798016,4.19706199543496,62.0846690085155,0.242730809744792,0,0
Clustered,12,20290936,70,GRA,1,9.95033914108568e-07,108.542260820034,4.19698999856563,62.0863746370439,0.242737551277051,0,0
Clustered,12,20290936,70,RRA,1,NaN,103.701773020772,4.00982346335436,64.4448561289668,0.250827168472139,0,0
Clustered,12,20290936,80,GURA,1,9.96027024058321e-06,111.943411826369,4.32850187835654,60.1495642638961,0.235130637142441,0,0
Clustered,12,20290936,80,GRA,1,9.96373618837883e-07,111.941541319264,4.32842955169271,60.1511577501007,0.235136941555807,0,0
Clustered,12,20290936,80,RRA,1,NaN,107.09091836879,4.14087112185948,62.3735472191277,0.242764193541192,0,0
Clustered,12,20290936,90,GURA,1,9.97776822586616e-06,114.947359158056,4.44465513343028,58.5384523119323,0.228804724755959,0,0
Clustered,12,20290936,90,GRA,1,9.96486828575528e-07,114.945482379968,4.44458256428712,58.5399553348369,0.228810685031478,0,0
Clustered,12,20290936,90,RRA,1,NaN,110.08691010176,4.25671675879448,60.6511092091759,0.236059357280794,0,0
Clustered,12,20290936,100,GURA,1,9.99414236702023e-06,117.638416372658,4.54870990555243,57.167585782698,0.223423387224382,0,0
Clustered,12,20290936,100,GRA,1,9.9637267978932e-07,117.636533612522,4.54863710510215,57.1690185293941,0.223429085626959,0,0
Clustered,12,20290936,100,RRA,1,NaN,112.771560283276,4.36052379097109,59.1870979785522,0.230360548461157,0,0
Clustered,13,20290937,10,GURA,1,9.79697047398531e-06,64.9099087735857,2.3770073327286,120.958611813004,0.451001768272678,0,0
Clustered,13,20290937,10,GRA,1,4.76011340478863e-07,64.9093960934077,2.37698855832935,120.960858849292,0.45101063168189,0,0
Clustered,13,20290937,10,RRA,1,NaN,59.4275210826768,2.17624174873113,128.835917131051,0.474426664465345,0,0
Clustered,13,20290937,20,GURA,1,9.99238193699625e-06,82.3454681144812,3.01549925463373,93.0418940517443,0.345922304954607,0,0
Clustered,13,20290937,20,GRA,1,4.42460770158973e-07,82.3450241604986,3.01548299699461,93.0427613246803,0.345925505757411,0,0
Clustered,13,20290937,20,RRA,1,NaN,76.6382509462268,2.80650039275371,98.8027298598634,0.363897834616952,0,0
Clustered,13,20290937,30,GURA,1,9.42550353499882e-06,92.9012645971788,3.40205357455558,81.8318120838887,0.303909920392554,0,0
Clustered,13,20290937,30,GRA,1,4.4277960221798e-07,92.9007799732479,3.4020358275789,81.8324410060916,0.303912250660652,0,0
Clustered,13,20290937,30,RRA,1,NaN,87.1074462057021,3.18988336724445,86.5374445546453,0.318750321000744,0,0
Clustered,13,20290937,40,GURA,1,9.96507557715631e-06,100.495171864195,3.68014321601113,75.3467322680244,0.279650252234877,0,0
Clustered,13,20290937,40,GRA,1,4.84475468584837e-07,100.494665842476,3.68012468544531,75.3472323657729,0.279652078279771,0,0
Clustered,13,20290937,40,RRA,1,NaN,94.6553843196335,3.46628961372954,79.43587754194,0.29260725172186,0,0
Clustered,13,20290937,50,GURA,1,9.95151198068811e-06,106.430251782895,3.89748643453712,70.9678615943334,0.263287584206918,0,0
Clustered,13,20290937,50,GRA,1,4.84477874745991e-07,106.429731390642,3.89746737772092,70.9682956015052,0.263289156256211,0,0
Clustered,13,20290937,50,RRA,1,NaN,100.561946812384,3.68258852127326,74.6468996465041,0.274976271234877,0,0
Clustered,13,20290937,60,GURA,1,9.6878476121276e-06,111.302868553069,4.07592214660508,67.7435182573214,0.251248208883536,0,0
Clustered,13,20290937,60,GRA,1,4.84561246455971e-07,111.302338654481,4.07590274166593,67.7439106172011,0.251249623720742,0,0
Clustered,13,20290937,60,RRA,1,NaN,105.415140225776,3.86031294807874,71.1264378760945,0.262014737208198,0,0
Clustered,13,20290937,70,GURA,1,9.98363091753163e-06,115.43627429145,4.22728787696751,65.2335585902348,0.241881534578951,0,0
Clustered,13,20290937,70,GRA,1,4.84064330123996e-07,115.435737117081,4.22726820558854,65.2340338277634,0.241883305595945,0,0
Clustered,13,20290937,70,RRA,1,NaN,109.534462296797,4.01116293313791,68.3905845095871,0.251941531513257,0,0
Clustered,13,20290937,80,GURA,1,9.91783978321337e-06,119.025492976636,4.3587254231704,63.2027947973605,0.234306509311481,0,0
Clustered,13,20290937,80,GRA,1,4.60811406780557e-07,119.024951180865,4.35870558255523,63.2032522878243,0.234308221145996,0,0
Clustered,13,20290937,80,RRA,1,NaN,113.113000109532,4.14220934472645,66.180400890898,0.243803526205123,0,0
Clustered,13,20290937,90,GURA,1,9.94852006996894e-06,122.197287590919,4.47487685826728,61.5123171838832,0.228003093922353,0,0
Clustered,13,20290937,90,GRA,1,4.84848901344649e-07,122.196741329101,4.47485685410504,61.5127417808468,0.228004678110234,0,0
Clustered,13,20290937,90,RRA,1,NaN,116.276415840189,4.25805394426932,64.343108609522,0.237038333475182,0,0
Clustered,13,20290937,100,GURA,1,9.40250540892862e-06,125.038714206142,4.57893018429114,60.0740820868023,0.222641869907608,0,0
Clustered,13,20290937,100,GRA,1,4.8570598475047e-07,125.038164133101,4.5789100405615,60.0744856470835,0.22264337654717,0,0
Clustered,13,20290937,100,RRA,1,NaN,119.111092962275,4.36186010318136,62.7819296419001,0.231289693333945,0,0
Clustered,14,20290938,10,GURA,1,9.85372962247766e-06,59.3052446425211,2.36919996324554,111.644430101809,0.449176066897227,0,0
Clustered,14,20290938,10,GRA,1,7.09115752530103e-07,59.3044097296944,2.36916660910544,111.649137177849,0.449196675591734,0,0
Clustered,14,20290938,10,RRA,1,NaN,54.1455417174262,2.16307370823759,119.842380406573,0.475026406317935,0,0
Clustered,14,20290938,20,GURA,1,9.96279953824342e-06,75.2889067681291,3.00773525550817,86.1495757782902,0.345538060971438,0,0
Clustered,14,20290938,20,GRA,1,8.71592193108252e-07,75.2879142295164,3.00769560433636,86.1521045061859,0.345548960231981,0,0
Clustered,14,20290938,20,RRA,1,NaN,69.9056389317927,2.79267775027626,91.8952640439591,0.364318012052519,0,0
Clustered,14,20290938,30,GURA,1,9.9998574043525e-06,84.9655095765149,3.39430826698736,75.8283392040905,0.303760613041127,0,0
Clustered,14,20290938,30,GRA,1,8.73088745779073e-07,84.9644459152195,3.39426577451781,75.8303064497677,0.303769076180986,0,0
Clustered,14,20290938,30,RRA,1,NaN,79.4965688387641,3.17582819371605,80.4820635097408,0.31909900496478,0,0
Clustered,14,20290938,40,GURA,1,9.88114862110478e-06,91.9268293817707,3.6724077626756,69.8441221532794,0.279585139069672,0,0
Clustered,14,20290938,40,GRA,1,8.71828963910627e-07,91.9257821965804,3.67236592841407,69.8457110939975,0.279591913094553,0,0
Clustered,14,20290938,40,RRA,1,NaN,86.4125178876231,3.45211516177649,73.8738322434435,0.292914813836063,0,0
Clustered,14,20290938,50,GURA,1,9.92374299002563e-06,97.367464602119,3.88975705179462,65.7990273170683,0.26326298628888,0,0
Clustered,14,20290938,50,GRA,1,8.72253812435004e-07,97.3663958148094,3.88971435454466,65.8003930927562,0.263268799256168,0,0
Clustered,14,20290938,50,RRA,1,NaN,91.8250412899335,3.66834140488729,69.4175356763647,0.275256223895933,0,0
Clustered,14,20290938,60,GURA,1,9.96962872079621e-06,101.834127785095,4.06819688983467,62.8185090351692,0.251246529936354,0,0
Clustered,14,20290938,60,GRA,1,8.72600667996358e-07,101.833043700119,4.06815358145444,62.8197321921917,0.251251727782808,0,0
Clustered,14,20290938,60,RRA,1,NaN,96.2725707913027,3.84601686672363,66.141642245592,0.262274483536756,0,0
Clustered,14,20290938,70,GURA,1,9.9856500064277e-06,105.623152668487,4.21956558696388,60.4974275613203,0.241894630588797,0,0
Clustered,14,20290938,70,GRA,1,8.73030665876056e-07,105.622058207107,4.21952186405411,60.4985457940795,0.241899378109291,0,0
Clustered,14,20290938,70,RRA,1,NaN,100.047728672539,3.996831587536,63.5958621242374,0.252185649377245,0,0
Clustered,14,20290938,80,GURA,1,9.97760091792088e-06,108.913321655535,4.35100536585989,58.6188543002725,0.234329450123629,0,0
Clustered,14,20290938,80,GRA,1,8.73536838092678e-07,108.912218736544,4.35096130507491,58.6198891383089,0.234333839635911,0,0
Clustered,14,20290938,80,RRA,1,NaN,103.327384517328,4.12785137429803,61.5392434366082,0.244035081326075,0,0
Clustered,14,20290938,90,GURA,1,9.90619762220035e-06,111.820839945464,4.4671585369185,57.0546650121452,0.228032919649521,0,0
Clustered,14,20290938,90,GRA,1,8.73974874830202e-07,111.819731806152,4.46711426758562,57.0556475091589,0.228037088067769,0,0
Clustered,14,20290938,90,RRA,1,NaN,106.226657469381,4.24367515030379,59.8296192051706,0.237259498660284,0,0
Clustered,14,20290938,100,GURA,1,9.99231554033031e-06,114.425511759613,4.57121321881966,55.7236048407939,0.222676694083023,0,0
Clustered,14,20290938,100,GRA,1,8.75336198648091e-07,114.424399422326,4.57116878178084,55.724523510318,0.222680588108741,0,0
Clustered,14,20290938,100,RRA,1,NaN,108.824689335756,4.34746457128047,58.3769327099935,0.231502075359911,0,0
Clustered,15,20290939,10,GURA,1,9.92678086220167e-06,63.1475011985659,2.37211242475288,116.886232332645,0.453564806108685,0,0
Clustered,15,20290939,10,GRA,1,5.8329267995955e-07,63.1463557129464,2.3720693950111,116.892654930391,0.453590775580552,0,0
Clustered,15,20290939,10,RRA,1,NaN,57.634995246148,2.16503718641309,123.582198971343,0.474407762405746,0,0
Clustered,15,20290939,20,GURA,1,9.99752310093527e-06,80.1466409077075,3.01067879315702,89.8472273215632,0.347742252485211,0,0
Clustered,15,20290939,20,GRA,1,5.82335442608371e-07,80.1453825368807,3.01063152292437,89.8507458750179,0.347756516535213,0,0
Clustered,15,20290939,20,RRA,1,NaN,74.3936922319816,2.79457141323484,94.839066844506,0.364071565414849,0,0
Clustered,15,20290939,30,GURA,1,9.959050572661e-06,90.4377851125282,3.39726180229964,78.9869887734287,0.305401084994281,0,0
Clustered,15,20290939,30,GRA,1,5.82303727463538e-07,90.4364971353887,3.39721341991685,78.9894522109902,0.305411081040037,0,0
Clustered,15,20290939,30,RRA,1,NaN,84.5927128619693,3.17769383451054,83.0888030364882,0.318965148036467,0,0
Clustered,15,20290939,40,GURA,1,9.92286650358665e-06,97.8411435355939,3.67536621129329,72.7057856243892,0.280952507669745,0,0
Clustered,15,20290939,40,GRA,1,5.82305267791462e-07,97.8398208536991,3.67531652523926,72.7079290489699,0.280961213098124,0,0
Clustered,15,20290939,40,RRA,1,NaN,91.9473202355807,3.45396692844127,76.2815344062379,0.292833485933972,0,0
Clustered,15,20290939,50,GURA,1,9.9980706345093e-06,103.627230362752,3.89271841356402,68.4655908207996,0.264464557822209,0,0
Clustered,15,20290939,50,GRA,1,5.69391949355961e-07,103.625924359071,3.89266935402088,68.4673609321434,0.264471745274389,0,0
Clustered,15,20290939,50,RRA,1,NaN,97.7032230067877,3.67018527786283,71.6892865934799,0.275204733241817,0,0
Clustered,15,20290939,60,GURA,1,9.99897980236142e-06,108.3774906579,4.07116017694428,65.3440364382963,0.252334758471824,0,0
Clustered,15,20290939,60,GRA,1,5.82338473726371e-07,108.37617031014,4.07111057857117,65.3456189297635,0.252341187938563,0,0
Clustered,15,20290939,60,RRA,1,NaN,102.432952618598,3.84785581375018,68.3125340839849,0.26224198858492,0,0
Clustered,15,20290939,70,GURA,1,9.98757579395715e-06,112.407081032861,4.2225302424842,62.9146508262459,0.242899461257601,0,0
Clustered,15,20290939,70,GRA,1,5.82258950154019e-07,112.405750197166,4.22248025013571,62.9161126843598,0.242905405514325,0,0
Clustered,15,20290939,70,RRA,1,NaN,106.447671906005,3.99866725241041,65.68782709621,0.252166186151267,0,0
Clustered,15,20290939,80,GURA,1,9.97398204205524e-06,115.906138571389,4.35397103910369,60.9493715940824,0.235269768767421,0,0
Clustered,15,20290939,80,GRA,1,5.5607476477659e-07,115.904800146577,4.35392076167279,60.9507562986184,0.235275403115412,0,0
Clustered,15,20290939,80,RRA,1,NaN,109.935460696532,4.12968474269725,63.5670953104749,0.244025042919221,0,0
Clustered,15,20290939,90,GURA,1,9.98203783808549e-06,118.998248664463,4.4701250061058,59.3136211431339,0.228921494359617,0,0
Clustered,15,20290939,90,GRA,1,5.63426128750099e-07,118.996903709775,4.47007448338257,59.3149326265638,0.228926835383263,0,0
Clustered,15,20290939,90,RRA,1,NaN,113.018736417651,4.24550684979866,61.8039354297186,0.237256549502941,0,0
Clustered,15,20290939,100,GURA,1,9.92223340290366e-06,121.768283366213,4.57418033067604,57.922111058217,0.223522609222238,0,0
Clustered,15,20290939,100,GRA,1,6.97162614408372e-07,121.766933894818,4.57412963828441,57.9233539299555,0.223527661552898,0,0
Clustered,15,20290939,100,RRA,1,NaN,115.781659276772,4.34929502064242,60.305588197744,0.23150462297188,0,0
Clustered,16,20290940,10,GURA,1,9.98839587396105e-06,62.3289742661334,2.36168656537263,116.616017089827,0.451573802154091,0,0
Clustered,16,20290940,10,GRA,1,9.7247648255185e-07,62.3277947022385,2.36164187090691,116.623006587441,0.451600707139171,0,0
Clustered,16,20290940,10,RRA,1,NaN,57.2618327334314,2.16968918015131,123.99909866894,0.475069306505349,0,0
Clustered,16,20290940,20,GURA,1,9.94851508195893e-06,79.1835890630054,3.00031920450995,89.7667758392198,0.346731883045426,0,0
Clustered,16,20290940,20,GRA,1,9.3185003583604e-07,79.182311894637,3.00027081174538,89.769905148529,0.346743748884141,0,0
Clustered,16,20290940,20,RRA,1,NaN,73.8881744505909,2.79967239946518,95.1319050395734,0.3644570848506,0,0
Clustered,16,20290940,30,GURA,1,9.99689927638769e-06,89.386820575477,3.38692647777425,78.9573365943265,0.304679271151232,0,0
Clustered,16,20290940,30,GRA,1,9.31790663790904e-07,89.3855724565341,3.38687918571187,78.9595225395269,0.304687628188375,0,0
Clustered,16,20290940,30,RRA,1,NaN,84.0039056901459,3.18296422880558,83.3343088682769,0.319254700404406,0,0
Clustered,16,20290940,40,GURA,1,9.94937022724685e-06,96.7267956225861,3.66504304656154,72.6991874632475,0.280371583731593,0,0
Clustered,16,20290940,40,GRA,1,9.3591698126733e-07,96.725499480153,3.66499393485695,72.7010008029335,0.280378501841648,0,0
Clustered,16,20290940,40,RRA,1,NaN,91.2975640502307,3.45932582731162,76.5007922105026,0.293073154668286,0,0
Clustered,16,20290940,50,GURA,1,9.99704886694985e-06,102.463286841305,3.88240253952831,68.471961705717,0.263968091680267,0,0
Clustered,16,20290940,50,GRA,1,9.3591242456951e-07,102.462020503423,3.88235455713812,68.4734608950282,0.263973789344273,0,0
Clustered,16,20290940,50,RRA,1,NaN,97.0053702132599,3.67559842431313,71.8913849452831,0.275413373680857,0,0
Clustered,16,20290940,60,GURA,1,9.91358766100348e-06,107.172800118728,4.06084915071822,65.3586681750322,0.251895205297644,0,0
Clustered,16,20290940,60,GRA,1,9.35914975247278e-07,107.171513656076,4.06080040578702,65.360009717905,0.251900284914088,0,0
Clustered,16,20290940,60,RRA,1,NaN,101.695367619403,3.853305566074,68.5023156563231,0.262429236624501,0,0
Clustered,16,20290940,70,GURA,1,9.99999289064135e-06,111.16780802396,4.21222267498091,62.9349785248968,0.242501211849399,0,0
Clustered,16,20290940,70,GRA,1,9.35914668198336e-07,111.166507218545,4.21217338659284,62.9362024459411,0.242505843979327,0,0
Clustered,16,20290940,70,RRA,1,NaN,105.676236434291,4.00414335073717,65.8682184223672,0.252337665307433,0,0
Clustered,16,20290940,80,GURA,1,9.99347457408817e-06,114.636825511729,4.3436660701654,60.9738481462544,0.234903064873995,0,0
Clustered,16,20290940,80,GRA,1,9.35912567394268e-07,114.635513296529,4.34361634945293,60.9749950996578,0.234907409945247,0,0
Clustered,16,20290940,80,RRA,1,NaN,109.134537696834,4.13518070097313,63.7400197864519,0.244184340063685,0,0
Clustered,16,20290940,90,GURA,1,9.96472282821514e-06,117.702381677429,4.45982204573169,59.3412439452084,0.228579799871749,0,0
Clustered,16,20290940,90,GRA,1,9.35912729857789e-07,117.701121435892,4.45977429433609,59.342274180547,0.228583698423099,0,0
Clustered,16,20290940,90,RRA,1,NaN,112.191691617477,4.25101830984875,61.9707354181022,0.237406103219307,0,0
Clustered,16,20290940,100,GURA,1,9.85662087060746e-06,120.448623448169,4.5638789850859,57.9521944442927,0.223201314289614,0,0
Clustered,16,20290940,100,GRA,1,9.35913636673305e-07,120.447354803411,4.56383091528665,57.9531680880362,0.223204992450979,0,0
Clustered,16,20290940,100,RRA,1,NaN,114.931168272179,4.35481891442689,60.4672438168582,0.231646172853486,0,0
Clustered,17,20290941,10,GURA,1,9.9879626915822e-06,63.2653345389327,2.3631421324439,118.514692123906,0.454035906263472,0,0
Clustered,17,20290941,10,GRA,1,9.97453522457706e-07,63.2641805044216,2.36309902593706,118.520174327388,0.454057778513656,0,0
Clustered,17,20290941,10,RRA,1,NaN,58.0406066406365,2.16798352438468,127.023767461103,0.480902338358621,0,0
Clustered,17,20290941,20,GURA,1,9.99701232018424e-06,80.3588381812571,3.00163363719365,91.1392275189252,0.348119186442656,0,0
Clustered,17,20290941,20,GRA,1,9.94810323995802e-07,80.3575677472617,3.00158618283143,91.1419301183774,0.348129963095444,0,0
Clustered,17,20290941,20,RRA,1,NaN,74.8927483145939,2.79745946570188,97.1423559572756,0.36774356154839,0,0
Clustered,17,20290941,30,GURA,1,9.99219644981508e-06,90.7076524725654,3.38819160374607,80.1379851577464,0.305746882597624,0,0
Clustered,17,20290941,30,GRA,1,9.92878397527273e-07,90.7063693010272,3.38814367360001,80.1399956086476,0.305754803854029,0,0
Clustered,17,20290941,30,RRA,1,NaN,85.1483569490462,3.18053593300508,84.9751461750779,0.321672056965079,0,0
Clustered,17,20290941,40,GURA,1,9.89398275663689e-06,98.152645443494,3.66628349551538,73.7722046611606,0.281275208593403,0,0
Clustered,17,20290941,40,GRA,1,8.76310815132065e-07,98.1513376089159,3.66623464413387,73.7738925377986,0.281281857285378,0,0
Clustered,17,20290941,40,RRA,1,NaN,92.543817518782,3.45677764718452,77.9423920570933,0.295043822019372,0,0
Clustered,17,20290941,50,GURA,1,9.99887930674959e-06,103.971333063564,3.88362820681309,69.4736455608356,0.264769381589649,0,0
Clustered,17,20290941,50,GRA,1,8.80723842852253e-07,103.970009683371,3.88357877475817,69.4751262859462,0.264775203570275,0,0
Clustered,17,20290941,50,RRA,1,NaN,98.3317521978693,3.67297364772202,73.2053369416057,0.277108481835513,0,0
Clustered,17,20290941,60,GURA,1,9.78223421199687e-06,108.7483892767,4.06206499037847,66.3084922233262,0.252625284111541,0,0
Clustered,17,20290941,60,GRA,1,8.78905439819682e-07,108.747055534817,4.06201517128463,66.3098833598009,0.252630767728041,0,0
Clustered,17,20290941,60,RRA,1,NaN,103.087849158324,3.85062754294203,69.7260489041483,0.263935614129281,0,0
Clustered,17,20290941,70,GURA,1,9.69937760331163e-06,112.80072791839,4.21343148909212,63.8448212633324,0.243178240554537,0,0
Clustered,17,20290941,70,GRA,1,8.79496684591472e-07,112.799386817941,4.21338139513471,63.8460614348922,0.24318311667488,0,0
Clustered,17,20290941,70,RRA,1,NaN,107.124983927824,4.00142613331838,67.0240160283116,0.253705698636572,0,0
Clustered,17,20290941,80,GURA,1,9.98335566748665e-06,116.319550191339,4.34486961757733,61.8515881204539,0.235538672589476,0,0
Clustered,17,20290941,80,GRA,1,8.81588069286159e-07,116.318203642712,4.3448193201148,61.8527516657762,0.235543249858488,0,0
Clustered,17,20290941,80,RRA,1,NaN,110.632271612364,4.13243341176466,64.8423477064632,0.245446015681599,0,0
Clustered,17,20290941,90,GURA,1,9.93970371254704e-06,119.429133969195,4.4610215117129,60.1924279881279,0.229181942632234,0,0
Clustered,17,20290941,90,GRA,1,8.82993178577607e-07,119.427782509654,4.46097103081357,60.1935247191453,0.22918625548253,0,0
Clustered,17,20290941,90,RRA,1,NaN,113.732804001407,4.24824721050533,63.0295852393791,0.238583078706109,0,0
Clustered,17,20290941,100,GURA,1,9.99202969609314e-06,122.214827407743,4.5650751704927,58.7809056131457,0.223775709262611,0,0
Clustered,17,20290941,100,GRA,1,8.88257909143579e-07,122.213472997937,4.56502457939254,58.7819430917402,0.223779783687025,0,0
Clustered,17,20290941,100,RRA,1,NaN,116.51120540735,4.35202849090281,61.4898457800068,0.232753841905118,0,0
Clustered,18,20290942,10,GURA,1,9.99985343597132e-06,61.7778010379816,2.35179976961923,116.354879231905,0.451794659974337,0,0
Clustered,18,20290942,10,GRA,1,6.82910105472096e-07,61.7768460848382,2.35176341580694,116.359306937218,0.451812222958287,0,0
Clustered,18,20290942,10,RRA,1,NaN,57.0776566145262,2.17287144283299,123.507186286483,0.475312244939189,0,0
Clustered,18,20290942,20,GURA,1,9.94971582102266e-06,78.5498241958641,2.99028866912709,89.5997639729532,0.347108740656446,0,0
Clustered,18,20290942,20,GRA,1,8.21256045559007e-07,78.5487713942345,2.99024859035141,89.6008984956342,0.347113280393933,0,0
Clustered,18,20290942,20,RRA,1,NaN,73.6291464124245,2.80296492689242,94.6802131932284,0.364374028182388,0,0
Clustered,18,20290942,30,GURA,1,9.94424784295234e-06,88.7039081469354,3.37684131256194,78.8062505088197,0.305026577972964,0,0
Clustered,18,20290942,30,GRA,1,7.66443341292157e-07,88.7028499017738,3.37680102655814,78.8071873669647,0.30503017789177,0,0
Clustered,18,20290942,30,RRA,1,NaN,83.6984406226529,3.18628973622456,82.912789502253,0.31908652437729,0,0
Clustered,18,20290942,40,GURA,1,9.94551310284919e-06,96.0088269296749,3.65492997906808,72.5557498978049,0.280693168244514,0,0
Clustered,18,20290942,40,GRA,1,9.64034401307432e-07,96.0073366436108,3.6548732458344,72.5572489669346,0.280698510369488,0,0
Clustered,18,20290942,40,RRA,1,NaN,90.9583727986467,3.46266582168051,76.101450535727,0.292872229834162,0,0
Clustered,18,20290942,50,GURA,1,9.42656576441436e-06,101.718049123406,3.87227257162274,68.3333798245963,0.264269898586433,0,0
Clustered,18,20290942,50,GRA,1,7.6417963537703e-07,101.716956944728,3.87223099381453,68.3341606646358,0.264272852738524,0,0
Clustered,18,20290942,50,RRA,1,NaN,96.6396890330574,3.67894607100512,71.5091423217737,0.275197928432773,0,0
Clustered,18,20290942,60,GURA,1,9.96191646507327e-06,106.405242170778,4.05070785652701,65.2235769315286,0.2521814599222,0,0
Clustered,18,20290942,60,GRA,1,7.58160231073291e-07,106.404141743551,4.05066596470736,65.2243081062229,0.252184232771152,0,0
Clustered,18,20290942,60,RRA,1,NaN,101.30787365311,3.8566577300399,68.1337876155765,0.262207173087464,0,0
Clustered,18,20290942,70,GURA,1,9.95376128898329e-06,110.381355148497,4.20207325684663,62.802583514789,0.24277486079054,0,0
Clustered,18,20290942,70,GRA,1,7.55264617821309e-07,110.38024879107,4.20203113927205,62.8032630178381,0.242777435457279,0,0
Clustered,18,20290942,70,RRA,1,NaN,105.27020256789,4.00749838918228,65.5110266680622,0.25211286998643,0,0
Clustered,18,20290942,80,GURA,1,9.24722884931839e-06,113.833990377422,4.33351054660984,60.8436356934853,0.235166236888647,0,0
Clustered,18,20290942,80,GRA,1,7.5580727064248e-07,113.832879641179,4.33346826233951,60.8442921621966,0.235168731484208,0,0
Clustered,18,20290942,80,RRA,1,NaN,108.712382793189,4.13853767068516,63.3924186468246,0.243958880229288,0,0
Clustered,18,20290942,90,GURA,1,9.599161117535e-06,116.885086268351,4.44966176100743,59.2128575606044,0.228834086663388,0,0
Clustered,18,20290942,90,GRA,1,7.55772006564621e-07,116.883971739515,4.44961933235806,59.2134882400364,0.228836483245251,0,0
Clustered,18,20290942,90,RRA,1,NaN,111.755276316707,4.25437663172531,61.6313981261296,0.237181132820399,0,0
Clustered,18,20290942,100,GURA,1,9.9984636996453e-06,119.618385609598,4.55371487803391,57.8253721542558,0.223447934374345,0,0
Clustered,18,20290942,100,GRA,1,7.54984707508906e-07,119.617267856997,4.55367232666006,57.8259827437403,0.22345025085788,0,0
Clustered,18,20290942,100,RRA,1,NaN,114.481968269096,4.35817821413367,60.1351332206319,0.231422352557451,0,0
Clustered,19,20290943,10,GURA,1,9.99221897046709e-06,61.3904641484501,2.37261757734582,115.31749558007,0.448585912042459,0,0
Clustered,19,20290943,10,GRA,1,6.23837739682562e-07,61.3897821516134,2.37259121954408,115.318866027429,0.448590904840543,0,0
Clustered,19,20290943,10,RRA,1,NaN,56.412489303865,2.1802288932126,123.516640080406,0.476114895359292,0,0
Clustered,19,20290943,20,GURA,1,9.96124436269952e-06,77.9140368922149,3.01122032577281,88.9503764681628,0.345047396363059,0,0
Clustered,19,20290943,20,GRA,1,4.80738422955644e-07,77.9133459351849,3.01119362167768,88.9512826933145,0.345050775352966,0,0
Clustered,19,20290943,20,RRA,1,NaN,72.7337640774339,2.81101323324985,94.7546016840481,0.365052364913352,0,0
Clustered,19,20290943,30,GURA,1,9.98579135469413e-06,87.917089209026,3.39781811556285,78.2881307020458,0.303353057804721,0,0
Clustered,19,20290943,30,GRA,1,6.07721098070947e-07,87.9163631799947,3.39779005600563,78.2889325732881,0.303355900834999,0,0
Clustered,19,20290943,30,RRA,1,NaN,82.6591006570986,3.1946074665992,83.0019735752636,0.319696134197226,0,0
Clustered,19,20290943,40,GURA,1,9.99510942278903e-06,95.1131305388166,3.67593059415696,72.1079334560123,0.279229570300838,0,0
Clustered,19,20290943,40,GRA,1,4.80755984879754e-07,95.1124076248063,3.67590265498902,72.1085690123629,0.279231807941748,0,0
Clustered,19,20290943,40,RRA,1,NaN,89.8139659346241,3.47112857385046,76.1951258319976,0.293435277047982,0,0
Clustered,19,20290943,50,GURA,1,9.9971900908713e-06,100.737157508172,3.89328788943157,67.9308274616125,0.262942773679679,0,0
Clustered,19,20290943,50,GRA,1,4.66021449791371e-07,100.736420696962,3.89325941316488,67.9313898262776,0.262944739841871,0,0
Clustered,19,20290943,50,RRA,1,NaN,95.4124806698502,3.6874998727497,71.6039670510297,0.275726392541982,0,0
Clustered,19,20290943,60,GURA,1,9.9655124827791e-06,105.354352359715,4.07173315474689,64.8532138908247,0.250952109572213,0,0
Clustered,19,20290943,60,GRA,1,4.81709364452579e-07,105.353606138747,4.07170431481208,64.8537329168673,0.250953910706987,0,0
Clustered,19,20290943,60,RRA,1,NaN,100.012314405897,3.86527416597904,68.2284437138458,0.262708502719248,0,0
Clustered,19,20290943,70,GURA,1,9.98362632742555e-06,109.271053845044,4.22310576478022,62.4565988485707,0.241620009360668,0,0
Clustered,19,20290943,70,GRA,1,4.82915171853067e-07,109.270300762572,4.22307665966208,62.4570869175493,0.241621698221605,0,0
Clustered,19,20290943,70,RRA,1,NaN,103.916436691544,4.01616061532456,65.6049464748717,0.252592105083636,0,0
Clustered,19,20290943,80,GURA,1,9.9139611258181e-06,112.672078416516,4.35454850252766,60.5169328634543,0.234070606122051,0,0
Clustered,19,20290943,80,GRA,1,4.82941926210803e-07,112.671345760083,4.35452018683474,60.5173555685248,0.234072064633496,0,0
Clustered,19,20290943,80,RRA,1,NaN,107.307926740422,4.14723486301072,63.4853552597031,0.244419633137861,0,0
Clustered,19,20290943,90,GURA,1,9.99979829785502e-06,115.677552170556,4.47070399924853,58.9018983866658,0.227787015492492,0,0
Clustered,19,20290943,90,GRA,1,4.83435617605697e-07,115.676815644185,4.4706755339903,58.9022925897174,0.227788373253709,0,0
Clustered,19,20290943,90,RRA,1,NaN,110.305924154078,4.2631014142601,61.7232544268166,0.237626104123484,0,0
Clustered,19,20290943,100,GURA,1,9.99042238447601e-06,118.369971079017,4.57476055781023,57.5275847310372,0.222441640210754,0,0
Clustered,19,20290943,100,GRA,1,4.83613074019409e-07,118.369231428623,4.57473197181483,57.5279588631845,0.222442927410843,0,0
Clustered,19,20290943,100,RRA,1,NaN,112.992323550886,4.36692533084142,60.2258858454852,0.23185362757405,0,0
Clustered,20,20290944,10,GURA,1,9.93907622870438e-06,64.343259973738,2.37617968326187,120.472796996901,0.448400260005141,0,0
Clustered,20,20290944,10,GRA,1,6.41401027780329e-07,64.3421977678984,2.37614045627933,120.473194184214,0.448402282979087,0,0
Clustered,20,20290944,10,RRA,1,NaN,59.0747680706246,2.18161566168886,129.053843267339,0.47497591456152,0,0
Clustered,20,20290944,20,GURA,1,9.92453517412173e-06,81.6345664650806,3.01474308832639,92.8700631596154,0.344630056855389,0,0
Clustered,20,20290944,20,GRA,1,8.10251389654299e-07,81.6334805412783,3.01470298544573,92.8709043689927,0.344633852699785,0,0
Clustered,20,20290944,20,RRA,1,NaN,76.1517297613115,2.81226336958886,99.0142560590376,0.364317656902733,0,0
Clustered,20,20290944,30,GURA,1,9.98963124487773e-06,92.1026393973093,3.40132627100346,81.7333133240533,0.302944628870649,0,0
Clustered,20,20290944,30,GRA,1,8.00349949593466e-07,92.1015526560386,3.40128613793389,81.7339722942602,0.302947680880207,0,0
Clustered,20,20290944,30,RRA,1,NaN,86.5370783449498,3.19579156381007,86.7392055996749,0.31911160809681,0,0
Clustered,20,20290944,40,GURA,1,9.99067176010726e-06,99.6332848388065,3.67943102831973,75.2816767802634,0.278841893314339,0,0
Clustered,20,20290944,40,GRA,1,8.31751819504417e-07,99.6321776599654,3.67939014049606,75.2822697558247,0.278844694322806,0,0
Clustered,20,20290944,40,RRA,1,NaN,94.0237877247817,3.47227377391418,79.6295628449728,0.292932526856128,0,0
Clustered,20,20290944,50,GURA,1,9.98883007952145e-06,105.518853538858,3.89678353385351,70.9222041912537,0.262574164958938,0,0
Clustered,20,20290944,50,GRA,1,9.23996456701906e-07,105.517733164328,3.89674215871652,70.9227271978269,0.262576709750283,0,0
Clustered,20,20290944,50,RRA,1,NaN,99.8820911865275,3.68861938136188,74.8340437821986,0.275276345306594,0,0
Clustered,20,20290944,60,GURA,1,9.95305898499055e-06,110.350786066387,4.07522553240152,67.7106684599414,0.250599719878605,0,0
Clustered,20,20290944,60,GRA,1,7.86804479688393e-07,110.349695712027,4.07518526590153,67.7110985797874,0.250601829107824,0,0
Clustered,20,20290944,60,RRA,1,NaN,104.695448840438,3.86637541470806,71.3081897657636,0.262295839198645,0,0
Clustered,20,20290944,70,GURA,1,9.82821702777414e-06,114.449657756333,4.22659578684496,65.2099723582496,0.24128134139271,0,0
Clustered,20,20290944,70,GRA,1,7.79082270893766e-07,114.448560947102,4.22655528196827,65.2103597197884,0.241283281373279,0,0
Clustered,20,20290944,70,RRA,1,NaN,108.780850038436,4.01724820742357,68.5677996073643,0.252207653615235,0,0
Clustered,20,20290944,80,GURA,1,9.95900916578307e-06,118.008875023762,4.35803674527063,63.186179369914,0.233743663692642,0,0
Clustered,20,20290944,80,GRA,1,7.81705667039876e-07,118.007772852095,4.35799604236059,63.1865330294565,0.233745482851341,0,0
Clustered,20,20290944,80,RRA,1,NaN,112.32985018992,4.14831185044216,66.3537292229027,0.244057414581806,0,0
Clustered,20,20290944,90,GURA,1,9.90498348940605e-06,121.154147693435,4.47419083847399,61.5011587059814,0.227470234949006,0,0
Clustered,20,20290944,90,GRA,1,7.83884555127369e-07,121.153040012848,4.47414993212097,61.501489509633,0.227471947491454,0,0
Clustered,20,20290944,90,RRA,1,NaN,115.467107158442,4.26416992590827,64.5130557644167,0.237281975565293,0,0
Clustered,20,20290944,100,GURA,1,9.69079994206368e-06,123.971807875732,4.57824628860568,60.0673251401679,0.222133742039993,0,0
Clustered,20,20290944,100,GRA,1,7.86818870893662e-07,123.970695803499,4.57820522007034,60.0676424206725,0.222135390569977,0,0
Clustered,20,20290944,100,RRA,1,NaN,118.278310089251,4.36798691143933,62.9488974565192,0.231524583751152,0,0
Disconnected,1,20300925,10,GURA,1,9.90024697955505e-06,64.6444070956116,2.3748184088949,120.468964494022,0.446721875373668,0,0
Disconnected,1,20300925,10,GRA,1,4.23965728714275e-07,64.6437908086441,2.37479576858151,120.471432842285,0.446731783281832,0,0
Disconnected,1,20300925,10,RRA,1,NaN,59.1734660637006,2.17383440950043,129.353257644813,0.475131877551294,0,0
Disconnected,1,20300925,20,GURA,1,9.71614759848194e-06,82.0378330931546,3.01379446434271,92.9487126797936,0.343833309637417,0,0
Disconnected,1,20300925,20,GRA,1,4.23455832167796e-07,82.0371842706955,3.01377062878463,92.949276054252,0.343835590513759,0,0
Disconnected,1,20300925,20,RRA,1,NaN,76.3236983573282,2.80387634503077,99.1656632715685,0.364231932823714,0,0
Disconnected,1,20300925,30,GURA,1,9.86704657535142e-06,92.5649619749764,3.4005258241707,81.8264399281041,0.302404835168229,0,0
Disconnected,1,20300925,30,GRA,1,4.23467069115147e-07,92.5642952876536,3.40050133231752,81.8268198835442,0.302406441180841,0,0
Disconnected,1,20300925,30,RRA,1,NaN,86.7571733447272,3.18716717531362,86.8435119158359,0.318965395443298,0,0
Disconnected,1,20300925,40,GURA,1,9.96427601052119e-06,100.137268906574,3.67870694929669,75.3787412562693,0.278426441271024,0,0
Disconnected,1,20300925,40,GRA,1,4.23465722521033e-07,100.136607453245,3.67868264972287,75.3791410762856,0.278428085248135,0,0
Disconnected,1,20300925,40,RRA,1,NaN,94.279682003625,3.46351887914779,79.7111191999063,0.292764200868442,0,0
Disconnected,1,20300925,50,GURA,1,9.97933748081437e-06,106.055040103472,3.89610598827677,71.019958537643,0.262231850973649,0,0
Disconnected,1,20300925,50,GRA,1,4.23466134894217e-07,106.054372724358,3.8960814710095,71.0202687485866,0.262233135733738,0,0
Disconnected,1,20300925,50,RRA,1,NaN,100.166488893071,3.67978039346548,74.9023053760631,0.275098914401459,0,0
Disconnected,1,20300925,60,GURA,1,9.92445713166035e-06,110.913223214913,4.07457931961642,67.8079720056397,0.250305855428051,0,0
Disconnected,1,20300925,60,GRA,1,4.23466946951855e-07,110.912565357774,4.07455515215454,67.8082738652968,0.250307098407115,0,0
Disconnected,1,20300925,60,RRA,1,NaN,105.00352871718,3.85747699143817,71.3677687607118,0.262114787850617,0,0
Disconnected,1,20300925,70,GURA,1,9.84731279629614e-06,115.03425273333,4.2259721036737,65.3063956469971,0.241022127780744,0,0
Disconnected,1,20300925,70,GRA,1,4.23467725137639e-07,115.033592673577,4.22594785529519,65.306669243926,0.241023250447753,0,0
Disconnected,1,20300925,70,RRA,1,NaN,109.109188820244,4.00830515479343,68.6212773142815,0.252025596375097,0,0
Disconnected,1,20300925,80,GURA,1,9.95741431708552e-06,118.612640055669,4.35743003590717,63.2815656891836,0.233510568832629,0,0
Disconnected,1,20300925,80,GRA,1,4.23466704196752e-07,118.611977859328,4.35740570903757,63.2818216022805,0.233511621293949,0,0
Disconnected,1,20300925,80,RRA,1,NaN,112.675891282994,4.13933382452911,66.4026907024786,0.243875691099198,0,0
Disconnected,1,20300925,90,GURA,1,9.83226606621201e-06,121.774805539297,4.47359737566457,61.5954686370469,0.227257578322887,0,0
Disconnected,1,20300925,90,GRA,1,4.23465764641149e-07,121.774141792374,4.47357299183179,61.5957017885464,0.227258534979329,0,0
Disconnected,1,20300925,90,RRA,1,NaN,115.828868296744,4.25516361076262,64.5585418123957,0.23710129852912,0,0
Disconnected,1,20300925,100,GURA,1,9.89732146550182e-06,124.607564838168,4.57766343850239,60.1605732255256,0.221937582820181,0,0
Disconnected,1,20300925,100,GRA,1,4.25943160724955e-07,124.606899802263,4.57763900731676,60.1608036144761,0.221938523565191,0,0
Disconnected,1,20300925,100,RRA,1,NaN,118.65420920771,4.35895714694343,62.9916271243217,0.231345334756858,0,0
Disconnected,2,20300926,10,GURA,1,9.96366761185641e-06,64.8601322862597,2.37569198206254,121.419871020115,0.446382454878438,0,0
Disconnected,2,20300926,10,GRA,1,2.92435716153444e-07,64.8597701342585,2.37567871718665,121.422264550431,0.44639206956969,0,0
Disconnected,2,20300926,10,RRA,1,NaN,59.5097222483107,2.17971757097434,129.023500707641,0.469892584185882,0,0
Disconnected,2,20300926,20,GURA,1,9.87439666033652e-06,82.3040490209088,3.01462643473019,93.6963432005776,0.343562174260218,0,0
Disconnected,2,20300926,20,GRA,1,2.79519034693683e-07,82.3036755458553,3.0146127551144,93.6967152793324,0.34356361392011,0,0
Disconnected,2,20300926,20,RRA,1,NaN,76.7189805239014,2.81005697148811,99.2270719292905,0.361258257412601,0,0
Disconnected,2,20300926,30,GURA,1,9.38644106796005e-06,92.8619912651042,3.40134193857643,82.5037875483543,0.302218535962403,0,0
Disconnected,2,20300926,30,GRA,1,8.96051826711875e-07,92.8616027854566,3.4013277093735,82.5040818037021,0.302219690851833,0,0
Disconnected,2,20300926,30,RRA,1,NaN,87.186317875548,3.19345380623553,87.0194602236652,0.316767408894918,0,0
Disconnected,2,20300926,40,GURA,1,9.86542790215594e-06,100.456518845137,3.67951371596052,76.0125538594091,0.278280601235625,0,0
Disconnected,2,20300926,40,GRA,1,5.39824547862003e-07,100.456138477098,3.67949978386899,76.0128725436876,0.27828177509218,0,0
Disconnected,2,20300926,40,RRA,1,NaN,94.7326518508358,3.4698603519381,79.9384708357148,0.290965994825152,0,0
Disconnected,2,20300926,50,GURA,1,9.50577001646025e-06,106.391689596854,3.89690669790507,71.6231650754376,0.2621097713722,0,0
Disconnected,2,20300926,50,GRA,1,5.39828041861779e-07,106.391304623649,3.89689259713586,71.6234458517783,0.262110819147235,0,0
Disconnected,2,20300926,50,RRA,1,NaN,100.637850602713,3.6861555217568,75.1575579814378,0.27354792261141,0,0
Disconnected,2,20300926,60,GURA,1,9.92100539320973e-06,111.264176914358,4.07537579201369,68.3880240921025,0.250199476718121,0,0
Disconnected,2,20300926,60,GRA,1,5.39826989129483e-07,111.263788618127,4.07536156952893,68.3883126679723,0.250200582629809,0,0
Disconnected,2,20300926,60,RRA,1,NaN,105.489870081231,3.86387492141902,71.6398882911658,0.260733466360599,0,0
Disconnected,2,20300926,70,GURA,1,9.86714748663076e-06,115.397353144908,4.22676545597602,65.8680647008246,0.24092693821986,0,0
Disconnected,2,20300926,70,GRA,1,5.3982467682046e-07,115.396961897417,4.22675112539274,65.8683377409975,0.240928008172686,0,0
Disconnected,2,20300926,70,RRA,1,NaN,109.608166483742,4.01471956817401,68.9043135216786,0.250768874613832,0,0
Disconnected,2,20300926,80,GURA,1,9.97373962263737e-06,118.986296042362,4.3582209828925,63.8281353529408,0.233423792565991,0,0
Disconnected,2,20300926,80,GRA,1,6.26213864611144e-07,118.985902653562,4.35820657387751,63.8284001504403,0.233424842902052,0,0
Disconnected,2,20300926,80,RRA,1,NaN,113.185796127389,4.14576071409227,66.6931233927418,0.242714915262575,0,0
Disconnected,2,20300926,90,GURA,1,9.98999374957066e-06,122.15779591323,4.4743864384466,62.1293186229347,0.22717738577666,0,0
Disconnected,2,20300926,90,GRA,1,7.30078111371793e-07,122.157399627294,4.47437192331553,62.1295659598124,0.227178378366392,0,0
Disconnected,2,20300926,90,RRA,1,NaN,116.348398515402,4.26160027332252,64.8541455489797,0.236017041370119,0,0
Disconnected,2,20300926,100,GURA,1,9.97311024875103e-06,124.99892111826,4.57845095591992,60.6834963516645,0.221862702566278,0,0
Disconnected,2,20300926,100,GRA,1,9.06081105649731e-07,124.998522415406,4.57843635226216,60.6837405375729,0.221863686935719,0,0
Disconnected,2,20300926,100,RRA,1,NaN,119.182340162033,4.3654016719663,63.2909231713779,0.230323770698625,0,0
Disconnected,3,20300927,10,GURA,1,9.99584426963906e-06,65.4287644303326,2.38294942272875,122.072580629232,0.445461525450292,0,0
Disconnected,3,20300927,10,GRA,1,5.11833074025802e-07,65.4283912404815,2.38293583096146,122.076192400028,0.445476197559554,0,0
Disconnected,3,20300927,10,RRA,1,NaN,59.2762772198521,2.15887265810987,133.299170231755,0.480205947801777,0,0
Disconnected,3,20300927,20,GURA,1,9.97655204315606e-06,82.973521173639,3.02193853275383,94.23173573748,0.342777457797158,0,0
Disconnected,3,20300927,20,GRA,1,5.13097373185098e-07,82.973134461564,3.02192444850015,94.233357386212,0.34278409902562,0,0
Disconnected,3,20300927,20,RRA,1,NaN,76.5453163652273,2.78781999069123,102.065470101371,0.367647487413619,0,0
Disconnected,3,20300927,30,GURA,1,9.46150752056951e-06,93.5920725386343,3.40867166252849,82.9875792868661,0.301500820088187,0,0
Disconnected,3,20300927,30,GRA,1,5.13098484078055e-07,93.5916743844872,3.40865716154863,82.9888071895021,0.30150581667812,0,0
Disconnected,3,20300927,30,RRA,1,NaN,87.057973258515,3.17069638906613,89.3258727714275,0.321743341542896,0,0
Disconnected,3,20300927,40,GURA,1,9.91963358032422e-06,101.230095679246,3.68685241364278,76.4679073041985,0.2776163166268,0,0
Disconnected,3,20300927,40,GRA,1,5.11427242538053e-07,101.229697907972,3.68683792660735,76.4688249266032,0.277620073917584,0,0
Disconnected,3,20300927,40,RRA,1,NaN,94.6398187584727,3.44683112146781,81.9548762842092,0.295185664843662,0,0
Disconnected,3,20300927,50,GURA,1,9.54415773790629e-06,107.199214905667,3.90425082149355,72.0597536164711,0.261487170179738,0,0
Disconnected,3,20300927,50,GRA,1,5.12776440129181e-07,107.198809106959,3.90423604209486,72.0606252792464,0.261490688044439,0,0
Disconnected,3,20300927,50,RRA,1,NaN,100.574078830106,3.66295994088144,76.9866446232413,0.277286023586385,0,0
Disconnected,3,20300927,60,GURA,1,9.9412367227103e-06,112.099549820303,4.08272355222108,68.8108918075401,0.249609975073279,0,0
Disconnected,3,20300927,60,GRA,1,5.12779237573639e-07,112.099151530749,4.08270904630964,68.811560760602,0.249612729567092,0,0
Disconnected,3,20300927,60,RRA,1,NaN,105.450658423313,3.84056749052265,73.3357811884609,0.264133092006455,0,0
Disconnected,3,20300927,70,GURA,1,9.79315752047683e-06,116.256335455546,4.23411583382923,66.2802491517902,0.240364390593253,0,0
Disconnected,3,20300927,70,GRA,1,5.13736770741419e-07,116.255933001028,4.23410117622763,66.2808697735091,0.240366938353047,0,0
Disconnected,3,20300927,70,RRA,1,NaN,109.590209113354,3.99133206651725,70.4994494723127,0.25391494684263,0,0
Disconnected,3,20300927,80,GURA,1,9.80718894894039e-06,119.865770609785,4.36557332797662,64.231644472122,0.232883702514021,0,0
Disconnected,3,20300927,80,GRA,1,5.18216742550666e-07,119.865365249981,4.36555856456299,64.2322244645092,0.232886077098996,0,0
Disconnected,3,20300927,80,RRA,1,NaN,113.186566429772,4.12231325905085,68.208675200317,0.245662403695192,0,0
Disconnected,3,20300927,90,GURA,1,9.87850988565242e-06,123.055373232025,4.48174030428402,62.525567499839,0.226656369590226,0,0
Disconnected,3,20300927,90,GRA,1,5.18254304773878e-07,123.054965631584,4.48172545926525,62.5261159481425,0.226658607979704,0,0
Disconnected,3,20300927,90,RRA,1,NaN,116.36590420085,4.23810638417272,66.3048038365675,0.238803807246392,0,0
Disconnected,3,20300927,100,GURA,1,9.8756108926068e-06,125.91271204436,4.58580606087709,61.0735298903554,0.2213581444784,0,0
Disconnected,3,20300927,100,GRA,1,5.18256471864441e-07,125.912302546753,4.58579114676257,61.0740641273644,0.221360311634921,0,0
Disconnected,3,20300927,100,RRA,1,NaN,119.214970652326,4.34187085710709,64.6873593274066,0.232977137293208,0,0
Disconnected,4,20300928,10,GURA,1,9.65444871425802e-06,62.9268945392178,2.35741469078012,118.885076379356,0.446817326807214,0,0
Disconnected,4,20300928,10,GRA,1,7.26529521642495e-07,62.9264706369503,2.35739881023429,118.879832985934,0.446794475275888,0,0
Disconnected,4,20300928,10,RRA,1,NaN,57.9502533156032,2.17097601114721,127.595963716126,0.474785169225379,0,0
Disconnected,4,20300928,20,GURA,1,9.68013434032855e-06,79.9847575066236,2.99644919339037,91.9016301881254,0.344502386143775,0,0
Disconnected,4,20300928,20,GRA,1,4.50643417559775e-07,79.9844137898848,2.99643631681517,91.9012877108719,0.344500321331079,0,0
Disconnected,4,20300928,20,RRA,1,NaN,74.7542868700504,2.80050136522181,97.8778060752404,0.364165089315624,0,0
Disconnected,4,20300928,30,GURA,1,9.90979291159988e-06,90.3082010316585,3.38319380558777,80.9361573000045,0.303091064239187,0,0
Disconnected,4,20300928,30,GRA,1,4.5064646403642e-07,90.3078347701311,3.38318008442272,80.9360468268793,0.303090109467786,0,0
Disconnected,4,20300928,30,RRA,1,NaN,84.9798045613879,3.1835774061246,85.7367913437636,0.318977652902384,0,0
Disconnected,4,20300928,40,GURA,1,9.70304683889367e-06,97.733872528291,3.66137990079001,74.5685780724439,0.279084960889597,0,0
Disconnected,4,20300928,40,GRA,1,4.50646957409558e-07,97.7334951885023,3.66136576460281,74.5685385552358,0.27908438699413,0,0
Disconnected,4,20300928,40,RRA,1,NaN,92.3534005028296,3.45981260767897,78.7056847789668,0.292810415167014,0,0
Disconnected,4,20300928,50,GURA,1,9.85812511444806e-06,103.537010937881,3.87878144014092,70.2603786653152,0.262859336429101,0,0
Disconnected,4,20300928,50,GRA,1,9.51339439416826e-07,103.536606187231,3.87876627706739,70.2600622984412,0.262857476882847,0,0
Disconnected,4,20300928,50,RRA,1,NaN,98.1241749815247,3.67600170508908,73.9635517660817,0.275162697898065,0,0
Disconnected,4,20300928,60,GURA,1,9.93567381613047e-06,108.301075024275,4.05725639504409,67.0842552210599,0.250905815921118,0,0
Disconnected,4,20300928,60,GRA,1,9.05133780613843e-07,108.30066607044,4.05724107450769,67.0839719286861,0.25090416263307,0,0
Disconnected,4,20300928,60,RRA,1,NaN,102.866155452026,3.85364934695048,70.4771719219869,0.262188659949373,0,0
Disconnected,4,20300928,70,GURA,1,9.98282475705992e-06,112.342260188414,4.20865031562228,64.6099733333186,0.241598681338322,0,0
Disconnected,4,20300928,70,GRA,1,8.72530017434953e-07,112.341848012814,4.2086348743897,64.6097282568474,0.241597234917925,0,0
Disconnected,4,20300928,70,RRA,1,NaN,106.891303336971,4.00444246690363,67.7675958424976,0.252105640027322,0,0
Disconnected,4,20300928,80,GURA,1,9.99801201828632e-06,115.851312812916,4.34010908644349,62.6068739717061,0.234067080465362,0,0
Disconnected,4,20300928,80,GRA,1,8.50197469396721e-07,115.850898245955,4.34009355562396,62.6066924786023,0.234065931145686,0,0
Disconnected,4,20300928,80,RRA,1,NaN,110.388177221334,4.13544498859433,65.5785078819826,0.243959658198518,0,0
Disconnected,4,20300928,90,GURA,1,9.96431036170975e-06,118.952205756576,4.45627707206316,60.9386502872778,0.227796744507542,0,0
Disconnected,4,20300928,90,GRA,1,8.3397599296532e-07,118.951789144148,4.45626146461478,60.9384506264119,0.227795548447194,0,0
Disconnected,4,20300928,90,RRA,1,NaN,113.479505058175,4.25125463898229,63.7586628146087,0.237187811560104,0,0
Disconnected,4,20300928,100,GURA,1,9.91115035375856e-06,121.730073793316,4.56034365546618,59.5188204279716,0.222461568354019,0,0
Disconnected,4,20300928,100,GRA,1,8.13830580592621e-07,121.729655807084,4.56032799655134,59.5186752961284,0.222460623014183,0,0
Disconnected,4,20300928,100,RRA,1,NaN,116.249660312035,4.35503228030736,62.2122462311674,0.231433507520501,0,0
Disconnected,5,20300929,10,GURA,1,9.41783955354936e-06,62.2948669331136,2.36741521591089,116.561503656317,0.448790712801909,0,0
Disconnected,5,20300929,10,GRA,1,8.92546110823713e-07,62.2943101399826,2.36739405589249,116.564223176428,0.448801592103027,0,0
Disconnected,5,20300929,10,RRA,1,NaN,57.0553590295305,2.16829622994136,125.206583836506,0.478100155349176,0,0
Disconnected,5,20300929,20,GURA,1,9.91145373419045e-06,79.1087776114389,3.00640057599799,89.7871965992347,0.345024179448063,0,0
Disconnected,5,20300929,20,GRA,1,8.56739453027886e-07,79.108137422028,3.00637624663946,89.7887665300873,0.345030455602196,0,0
Disconnected,5,20300929,20,RRA,1,NaN,73.6172792412244,2.79770510171831,95.8607537530813,0.366078840259303,0,0
Disconnected,5,20300929,30,GURA,1,9.99683249602867e-06,89.2851131599355,3.39313567642919,79.0020513989193,0.303350237315739,0,0
Disconnected,5,20300929,30,GRA,1,5.68530303441005e-07,89.2844815757003,3.39311167409638,79.0031179635754,0.303354528161619,0,0
Disconnected,5,20300929,30,RRA,1,NaN,83.6965153220814,3.18075009462598,83.8977652812698,0.320407856115642,0,0
Disconnected,5,20300929,40,GURA,1,9.9383613694215e-06,96.6050686141559,3.67131869174436,72.7552373110371,0.279243224286514,0,0
Disconnected,5,20300929,40,GRA,1,5.6891790504391e-07,96.604422373318,3.67129413241118,72.7564111726686,0.279247911253991,0,0
Disconnected,5,20300929,40,RRA,1,NaN,90.9649037370195,3.4569733883871,76.9783109228253,0.293989863916355,0,0
Disconnected,5,20300929,50,GURA,1,9.9814265546172e-06,102.32561885405,3.88871891022221,68.534447830287,0.262967279504684,0,0
Disconnected,5,20300929,50,GRA,1,5.69061654621838e-07,102.324980816781,3.88869466265233,68.5351919399118,0.262970274298547,0,0
Disconnected,5,20300929,50,RRA,1,NaN,96.6534443555778,3.67315713320771,72.3153659134624,0.276186302527071,0,0
Disconnected,5,20300929,60,GURA,1,9.67117786387917e-06,107.021889609684,4.06719305090646,65.4252119675534,0.250983973085722,0,0
Disconnected,5,20300929,60,GRA,1,5.69058119592571e-07,107.021245624866,4.06716857730962,65.4258958208815,0.250986729489778,0,0
Disconnected,5,20300929,60,RRA,1,NaN,101.32789921442,3.85080219617562,68.8893006136608,0.263104848744572,0,0
Disconnected,5,20300929,70,GURA,1,9.94225552020112e-06,111.005571741328,4.2185864185804,63.0042743224379,0.241657123230435,0,0
Disconnected,5,20300929,70,GRA,1,5.69057723084063e-07,111.004923644785,4.21856178872417,63.0049193845621,0.241659720560701,0,0
Disconnected,5,20300929,70,RRA,1,NaN,105.295753947078,4.00159406926375,66.2278631350756,0.252942657405335,0,0
Disconnected,5,20300929,80,GURA,1,9.87648791550555e-06,114.464695397898,4.35004479358706,61.0450952381902,0.234111579325437,0,0
Disconnected,5,20300929,80,GRA,1,5.69058001111367e-07,114.464060904102,4.35002068068108,61.0456175294097,0.234113689560394,0,0
Disconnected,5,20300929,80,RRA,1,NaN,108.742867984609,4.13259603820916,64.0784881161932,0.244735515448311,0,0
Disconnected,5,20300929,90,GURA,1,9.99909902787977e-06,117.521468493834,4.46621248918025,59.4139188075423,0.227830890147149,0,0
Disconnected,5,20300929,90,GRA,1,5.69056760892008e-07,117.520831709391,4.46618828922198,59.414395866494,0.227832821065769,0,0
Disconnected,5,20300929,90,RRA,1,NaN,111.790215168893,4.24840551734301,62.2922228120729,0.237914753770666,0,0
Disconnected,5,20300929,100,GURA,1,9.9978238949916e-06,120.259813269721,4.5702788337766,58.0259327727823,0.222487715680401,0,0
Disconnected,5,20300929,100,GRA,1,5.56976893720783e-07,120.259174456068,4.57025455670153,58.0263832452575,0.222489542837233,0,0
Disconnected,5,20300929,100,RRA,1,NaN,114.520964356568,4.35218320394887,60.7747471622954,0.232120270646086,0,0
Disconnected,6,20300930,10,GURA,1,9.93143550687137e-06,63.9343071890667,2.36958487598321,120.16484670159,0.447433331226563,0,0
Disconnected,6,20300930,10,GRA,1,6.14742465966059e-07,63.9336999639195,2.36956237051489,120.16740605558,0.44744325861719,0,0
Disconnected,6,20300930,10,RRA,1,NaN,58.7098344525234,2.17595125225612,129.039541769204,0.47567040330144,0,0
Disconnected,6,20300930,20,GURA,1,9.96949369991285e-06,81.1747551475221,3.00856426801325,92.742986523971,0.34439886730526,0,0
Disconnected,6,20300930,20,GRA,1,4.00978876590526e-07,81.17418097335,3.00854298750683,92.7435759317503,0.34440095675927,0,0
Disconnected,6,20300930,20,RRA,1,NaN,75.711067498416,2.80606466819538,98.9549793790741,0.364683537685168,0,0
Disconnected,6,20300930,30,GURA,1,9.96680445553011e-06,91.6091796206437,3.395293326451,81.6480792057574,0.30287995269338,0,0
Disconnected,6,20300930,30,GRA,1,4.27367927634649e-07,91.6085984467046,3.39527178651357,81.6485038494315,0.302881406006727,0,0
Disconnected,6,20300930,30,RRA,1,NaN,86.053471659215,3.18938319557479,86.6685311174877,0.319369448389276,0,0
Disconnected,6,20300930,40,GURA,1,9.98635988480601e-06,99.1148213717225,3.67347347666847,75.2146932347584,0.278847632457169,0,0
Disconnected,6,20300930,40,GRA,1,9.05751163156462e-07,99.1140869619345,3.67344625738038,75.2158973564428,0.278852415793589,0,0
Disconnected,6,20300930,40,RRA,1,NaN,93.5102459030536,3.46575217881205,79.5545027115086,0.29313605401673,0,0
Disconnected,6,20300930,50,GURA,1,9.79641154685851e-06,104.980502137378,3.89087206970462,70.865355796556,0.262617652621102,0,0
Disconnected,6,20300930,50,GRA,1,4.46285187292322e-07,104.979917331911,3.89085039517256,70.8656903257821,0.262618812073344,0,0
Disconnected,6,20300930,50,RRA,1,NaN,99.3455897756472,3.68202640144136,74.7570153587917,0.275446891446206,0,0
Disconnected,6,20300930,60,GURA,1,9.97785064527079e-06,109.795924753383,4.06934514783792,67.6602067448987,0.250666079412129,0,0
Disconnected,6,20300930,60,GRA,1,6.34909824730889e-07,109.795334446608,4.06932326941193,67.6605923918839,0.250667422112224,0,0
Disconnected,6,20300930,60,RRA,1,NaN,104.140334157175,3.85973308616504,71.2302446718927,0.262444075287704,0,0
Disconnected,6,20300930,70,GURA,1,9.93122169035132e-06,113.880683598858,4.2207377757998,65.1639858923577,0.241363095795809,0,0
Disconnected,6,20300930,70,GRA,1,4.00460155588294e-07,113.880105668816,4.22071635609032,65.164296397053,0.241364181190455,0,0
Disconnected,6,20300930,70,RRA,1,NaN,108.210088642339,4.01056961041939,68.4894608630719,0.252339704456822,0,0
Disconnected,6,20300930,80,GURA,1,9.91676896688887e-06,117.427576619189,4.35219558659384,63.1434142853355,0.233836018987402,0,0
Disconnected,6,20300930,80,GRA,1,4.00189975627849e-07,117.426996165116,4.35217407333665,63.1437161656569,0.233837066249926,0,0
Disconnected,6,20300930,80,RRA,1,NaN,111.745595256458,4.14160540903971,66.2752797804086,0.244177133582187,0,0
Disconnected,6,20300930,90,GURA,1,9.99929588374471e-06,120.561911270716,4.46836282626633,61.4608188589015,0.227570174309768,0,0
Disconnected,6,20300930,90,GRA,1,3.99808676695588e-07,120.561329638212,4.46834126933321,61.4610984393047,0.227571132918333,0,0
Disconnected,6,20300930,90,RRA,1,NaN,114.870992330142,4.25744139699125,64.4346571794901,0.23739195192494,0,0
Disconnected,6,20300930,100,GURA,1,9.93699179474561e-06,123.369739773705,4.57242883163276,60.0288737819725,0.222239294005718,0,0
Disconnected,6,20300930,100,GRA,1,3.99604021985416e-07,123.369155985334,4.57240719479718,60.0291637512277,0.222240292986223,0,0
Disconnected,6,20300930,100,RRA,1,NaN,117.6716170694,4.36124041065422,62.8706450064651,0.231626645507926,0,0
Disconnected,7,20300931,10,GURA,1,9.87499970506178e-06,63.7456298051061,2.38204847412373,119.725716323763,0.44763366953514,0,0
Disconnected,7,20300931,10,GRA,1,9.56619952516056e-07,63.7450798927969,2.38202792498521,119.725564600103,0.447632851475003,0,0
Disconnected,7,20300931,10,RRA,1,NaN,58.1150631826362,2.17164530338853,128.642998777642,0.475131614923363,0,0
Disconnected,7,20300931,20,GURA,1,9.9981060586174e-06,80.8456766076941,3.02104350041942,92.3713744627677,0.344252894039231,0,0
Disconnected,7,20300931,20,GRA,1,8.99662807231037e-07,80.8449729612415,3.02101720653913,92.3719605779443,0.344255235015862,0,0
Disconnected,7,20300931,20,RRA,1,NaN,74.9733533333477,2.80160636036786,98.7135351802782,0.364488541540963,0,0
Disconnected,7,20300931,30,GURA,1,9.96988881496463e-06,91.1949523365229,3.40777552477174,81.3272341158886,0.302716556767954,0,0
Disconnected,7,20300931,30,GRA,1,8.54017347340721e-07,91.1941699571778,3.40774628879853,81.3276106380891,0.302717962400834,0,0
Disconnected,7,20300931,30,RRA,1,NaN,85.2298447099372,3.18487121645547,86.4796624700945,0.31927664793235,0,0
Disconnected,7,20300931,40,GURA,1,9.51996985776304e-06,98.6392804706187,3.68595538630758,74.9241639949361,0.278684446650485,0,0
Disconnected,7,20300931,40,GRA,1,9.39664224296884e-07,98.6385081414693,3.68592652589036,74.9245253850104,0.278685746341173,0,0
Disconnected,7,20300931,40,RRA,1,NaN,92.6249642878786,3.46121225129119,79.3926611871952,0.293090276406827,0,0
Disconnected,7,20300931,50,GURA,1,9.94580274849e-06,104.45702089144,3.90335287276483,70.5953311535371,0.2624575281238,0,0
Disconnected,7,20300931,50,GRA,1,9.3947994564442e-07,104.456235301382,3.90332351681363,70.5956618258025,0.262458708105678,0,0
Disconnected,7,20300931,50,RRA,1,NaN,98.4121826990081,3.67746919043821,74.6118972214668,0.275427482699908,0,0
Disconnected,7,20300931,60,GURA,1,9.99727371819858e-06,109.233080072362,4.08182478556926,67.4051865578116,0.250509150278694,0,0
Disconnected,7,20300931,60,GRA,1,9.43541824379181e-07,109.232286219976,4.08179512087113,67.405396414506,0.250509697019766,0,0
Disconnected,7,20300931,60,RRA,1,NaN,103.167448263416,3.85516408680026,71.0966293447533,0.262441244880259,0,0
Disconnected,7,20300931,70,GURA,1,9.6005710013003e-06,113.284449256118,4.23321646232866,64.9204771663611,0.24120864138347,0,0
Disconnected,7,20300931,70,GRA,1,9.44823907743158e-07,113.283650144462,4.23318660110198,64.9206751405491,0.241209172767062,0,0
Disconnected,7,20300931,70,RRA,1,NaN,107.203731772396,4.00599204164348,68.3643180423522,0.252348105619838,0,0
Disconnected,7,20300931,80,GURA,1,9.7335474649185e-06,116.802351558349,4.36467353376657,62.9092379092676,0.233684166589045,0,0
Disconnected,7,20300931,80,GRA,1,9.40118823619476e-07,116.801548623203,4.36464352966362,62.909427436851,0.233684685001796,0,0
Disconnected,7,20300931,80,RRA,1,NaN,110.710186088264,4.13702132440739,66.1566833573277,0.244193555158694,0,0
Disconnected,7,20300931,90,GURA,1,9.47134514817094e-06,119.911070455456,4.4808402282988,61.2344082754665,0.227420864644949,0,0
Disconnected,7,20300931,90,GRA,1,9.46632825612587e-07,119.910264322848,4.480810104713,61.2345822625888,0.227421341968556,0,0
Disconnected,7,20300931,90,RRA,1,NaN,113.809917895684,4.25285218912128,64.3213006044375,0.237414328739855,0,0
Disconnected,7,20300931,100,GURA,1,9.70820760670676e-06,122.695952202802,4.58490576717828,59.8090601079462,0.222092389620958,0,0
Disconnected,7,20300931,100,GRA,1,9.4509634819154e-07,122.695143842441,4.58487556034572,59.8092165159117,0.222092818947915,0,0
Disconnected,7,20300931,100,RRA,1,NaN,116.587556564345,4.35664706843427,62.7615975554401,0.231653578920584,0,0
Disconnected,8,20300932,10,GURA,1,9.93718158071033e-06,59.8621284200141,2.36116753114187,113.551211769663,0.445928024383613,0,0
Disconnected,8,20300932,10,GRA,1,3.87235317378343e-07,59.861627368206,2.36114776794113,113.550966806729,0.445926657321462,0,0
Disconnected,8,20300932,10,RRA,1,NaN,55.2722362765377,2.18012645247224,123.284624086412,0.479047078523141,0,0
Disconnected,8,20300932,20,GURA,1,9.92104193997534e-06,76.0622848546046,3.00015722934287,87.6155885445401,0.3432018508524,0,0
Disconnected,8,20300932,20,GRA,1,4.52217359887815e-07,76.0618055603984,3.00013832433653,87.6154586724949,0.343201195228312,0,0
Disconnected,8,20300932,20,RRA,1,NaN,71.2450807087843,2.81015018615544,94.264766076934,0.366367441522062,0,0
Disconnected,8,20300932,30,GURA,1,9.99530573864149e-06,85.8670810870531,3.38689200013293,77.1584493304004,0.301953219753583,0,0
Disconnected,8,20300932,30,GRA,1,5.08071755982417e-07,85.8666007293927,3.38687305318031,77.1583713737068,0.301952882726111,0,0
Disconnected,8,20300932,30,RRA,1,NaN,80.9616158333992,3.19340363632461,82.4548365962516,0.320498717249005,0,0
Disconnected,8,20300932,40,GURA,1,9.98374683547354e-06,92.9197858383483,3.66507484970767,71.0938339158154,0.278070392927877,0,0
Disconnected,8,20300932,40,GRA,1,5.1268263367126e-07,92.9193121355304,3.66505616524485,71.0938203902055,0.278070322566166,0,0
Disconnected,8,20300932,40,RRA,1,NaN,87.9672274857124,3.46972897265697,75.6310302369875,0.293991372637398,0,0
Disconnected,8,20300932,50,GURA,1,9.9608417336583e-06,98.4314801308695,3.88247496474818,66.992591107239,0.261935120710557,0,0
Disconnected,8,20300932,50,GRA,1,5.12686069051656e-07,98.4310007327215,3.88245605564202,66.9925810447222,0.261935068739064,0,0
Disconnected,8,20300932,50,RRA,1,NaN,93.4495936052042,3.68597228402657,71.0358454924443,0.27613924055328,0,0
Disconnected,8,20300932,60,GURA,1,9.8776679600121e-06,102.956291548696,4.06094903652442,63.9695286716267,0.250049582081187,0,0
Disconnected,8,20300932,60,GRA,1,5.12686785090979e-07,102.955824400775,4.06093061060919,63.9695757917101,0.250049766180507,0,0
Disconnected,8,20300932,60,RRA,1,NaN,97.9543668177079,3.86365598030098,67.6613567872518,0.263028417655598,0,0
Disconnected,8,20300932,70,GURA,1,9.92899584062457e-06,106.794531187867,4.21234236402467,61.614552543174,0.240795292216866,0,0
Disconnected,8,20300932,70,GRA,1,5.12686854868471e-07,106.794060995823,4.21232381803878,61.6145954658012,0.240795458328404,0,0
Disconnected,8,20300932,70,RRA,1,NaN,101.778039635323,4.0144747424291,65.0410582144863,0.252847202695978,0,0
Disconnected,8,20300932,80,GURA,1,9.80439591558024e-06,110.127363706004,4.34380070231402,59.7080291240942,0.233306186887638,0,0
Disconnected,8,20300932,80,GRA,1,5.12688736062124e-07,110.126891507656,4.34378207719265,59.7080626358407,0.233306311001926,0,0
Disconnected,8,20300932,80,RRA,1,NaN,105.099801114496,4.14549640099412,62.9255981169683,0.244627140326357,0,0
Disconnected,8,20300932,90,GURA,1,9.95076642951176e-06,113.072535327438,4.45996836607259,58.1202017900181,0.227070939180767,0,0
Disconnected,8,20300932,90,GRA,1,5.12686029392153e-07,113.072061829944,4.45994968970847,58.1202341955488,0.22707106023172,0,0
Disconnected,8,20300932,90,RRA,1,NaN,108.03627158163,4.26132086140266,61.1679879858369,0.237797301988609,0,0
Disconnected,8,20300932,100,GURA,1,9.95769755363085e-06,115.710904597009,4.56403469346351,56.7687589940793,0.221765354538537,0,0
Disconnected,8,20300932,100,GRA,1,5.89070120163322e-07,115.710429258808,4.56401594449556,56.7687896239208,0.221765471477147,0,0
Disconnected,8,20300932,100,RRA,1,NaN,110.66762080201,4.3651102939912,59.6751885180701,0.231996285436389,0,0
Disconnected,9,20300933,10,GURA,1,9.87064056801046e-06,63.8046968336191,2.38909806560484,119.164701398635,0.445064105918987,0,0
Disconnected,9,20300933,10,GRA,1,2.94877197418553e-07,63.8042531685143,2.38908145304344,119.16609378173,0.445069672895029,0,0
Disconnected,9,20300933,10,RRA,1,NaN,58.0955465050702,2.17532508833091,128.408490640701,0.473767513463735,0,0
Disconnected,9,20300933,20,GURA,1,9.99882747620973e-06,80.8712031962426,3.02813499174054,92.062935279562,0.342805383014596,0,0
Disconnected,9,20300933,20,GRA,1,2.60989093988698e-07,80.870725610474,3.02811710905647,92.063807940295,0.342808915043695,0,0
Disconnected,9,20300933,20,RRA,1,NaN,74.9266113099952,2.80554615924004,98.581543573967,0.363664560259531,0,0
Disconnected,9,20300933,30,GURA,1,9.98271137930828e-06,91.2000341008673,3.41488692629712,81.08504724658,0.301563350227496,0,0
Disconnected,9,20300933,30,GRA,1,2.66710841658676e-07,91.1995449299667,3.41486860982028,81.0857130388714,0.301566036342388,0,0
Disconnected,9,20300933,30,RRA,1,NaN,85.1650196543317,3.18891231853881,86.3835302920702,0.318644116417259,0,0
Disconnected,9,20300933,40,GURA,1,9.96187204904686e-06,98.6295920730021,3.69307871248823,74.7168766794661,0.277686046290359,0,0
Disconnected,9,20300933,40,GRA,1,2.74977908667054e-07,98.6290928054985,3.69306001795497,74.7174358873222,0.277688312676183,0,0
Disconnected,9,20300933,40,RRA,1,NaN,92.5466098892103,3.46530800453702,79.3153676854018,0.292559263239803,0,0
Disconnected,9,20300933,50,GURA,1,9.97778701972152e-06,104.435757369667,3.9104843106218,70.4103163768389,0.261557909298684,0,0
Disconnected,9,20300933,50,GRA,1,6.83610361333653e-07,104.435251056615,3.91046535227558,70.4108482328244,0.26156001314122,0,0
Disconnected,9,20300933,50,RRA,1,NaN,98.3230155653345,3.68159928577238,74.5464301448163,0.27496069524799,0,0
Disconnected,9,20300933,60,GURA,1,9.95873170595019e-06,109.202292986081,4.08896209652064,67.2359924859976,0.249679862025729,0,0
Disconnected,9,20300933,60,GRA,1,2.76924948399125e-07,109.201792768567,4.08894336641526,67.2364341976148,0.249681644258219,0,0
Disconnected,9,20300933,60,RRA,1,NaN,103.06927341683,3.85931779263149,71.0393760080779,0.262019368431239,0,0
Disconnected,9,20300933,70,GURA,1,9.80623003243863e-06,113.245565837804,4.24035808816611,64.763248321866,0.240432827190448,0,0
Disconnected,9,20300933,70,GRA,1,2.78412619964395e-07,113.245063252846,4.24033926941433,64.7636515135,0.240434454131483,0,0
Disconnected,9,20300933,70,RRA,1,NaN,107.097836075554,4.01016297696368,68.3131539502103,0.251959729198432,0,0
Disconnected,9,20300933,80,GURA,1,9.97042865336084e-06,116.756425889514,4.37181845667192,62.7614280794608,0.232950534796157,0,0
Disconnected,9,20300933,80,GRA,1,2.80815590901506e-07,116.755921237622,4.37179956052604,62.761817150684,0.232952111126712,0,0
Disconnected,9,20300933,80,RRA,1,NaN,110.597533664298,4.1412053790814,66.1102442319615,0.24383132017971,0,0
Disconnected,9,20300933,90,GURA,1,9.81205792527362e-06,119.858911992249,4.48798770305104,61.0942626365754,0.226721604696267,0,0
Disconnected,9,20300933,90,GRA,1,2.8406664503258e-07,119.858405848385,4.48796875103987,61.0946404497221,0.22672313514872,0,0
Disconnected,9,20300933,90,RRA,1,NaN,113.691258190835,4.25704655768829,64.2786534457109,0.237073183215508,0,0
Disconnected,9,20300933,100,GURA,1,9.55871562169364e-06,122.638204082229,4.59205529815674,59.6753128048825,0.221421859652026,0,0
Disconnected,9,20300933,100,GRA,1,2.87909754934185e-07,122.637696737566,4.59203630118294,59.6756678552764,0.221423303215829,0,0
Disconnected,9,20300933,100,RRA,1,NaN,116.463488973977,4.36084974977438,62.7220734034773,0.231329887365913,0,0
Disconnected,10,20300934,10,GURA,1,9.98358736126193e-06,63.1688545237525,2.37450806324994,118.541585400781,0.446841532601994,0,0
Disconnected,10,20300934,10,GRA,1,1.98209593392787e-07,63.1683164985782,2.37448783896181,118.543454269079,0.446848700265931,0,0
Disconnected,10,20300934,10,RRA,1,NaN,57.736479091783,2.1703058600746,127.139849107652,0.475050376383563,0,0
Disconnected,10,20300934,20,GURA,1,9.96787782270303e-06,80.1707167626316,3.01360559447559,91.4371308565946,0.343753270174141,0,0
Disconnected,10,20300934,20,GRA,1,5.00910112722827e-07,80.1701451691386,3.01358410835924,91.4378759811361,0.343755814233797,0,0
Disconnected,10,20300934,20,RRA,1,NaN,74.4822779221738,2.79977800498065,97.4647923387091,0.364052647649755,0,0
Disconnected,10,20300934,30,GURA,1,9.99559099312819e-06,90.4598314499785,3.40037192058686,80.5051693311801,0.302355999674893,0,0
Disconnected,10,20300934,30,GRA,1,3.96598254715625e-07,90.4592719417316,3.40035088875315,80.5056347034285,0.302357527810695,0,0
Disconnected,10,20300934,30,RRA,1,NaN,84.6726995553178,3.18283447352431,85.3546381195414,0.318771127155656,0,0
Disconnected,10,20300934,40,GURA,1,9.87490077264397e-06,97.8606917263236,3.67856918304568,74.166957948349,0.278395745492384,0,0
Disconnected,10,20300934,40,GRA,1,4.73402532510824e-07,97.860137468464,3.67854834857327,74.1673732872741,0.278397100660329,0,0
Disconnected,10,20300934,40,RRA,1,NaN,92.0210922468412,3.45905948709311,78.3457567879832,0.292569164639377,0,0
Disconnected,10,20300934,50,GURA,1,9.95674506398814e-06,103.644387125511,3.89597745274272,69.8816952543105,0.262212654098312,0,0
Disconnected,10,20300934,50,GRA,1,1.98580178842606e-07,103.643840892465,3.89595691992186,69.8819495136765,0.262213499289037,0,0
Disconnected,10,20300934,50,RRA,1,NaN,97.7721881520341,3.67524234654752,73.6205296872935,0.274906776831689,0,0
Disconnected,10,20300934,60,GURA,1,9.99987706151728e-06,108.39245819294,4.07445675428292,66.7235628186552,0.250294395535567,0,0
Disconnected,10,20300934,60,GRA,1,6.31244747352817e-07,108.391908981213,4.07443610949387,66.7239278323047,0.250295571415198,0,0
Disconnected,10,20300934,60,RRA,1,NaN,102.498022821198,3.85288578510785,70.1475753972725,0.261926538888607,0,0
Disconnected,10,20300934,70,GURA,1,9.9481405264612e-06,112.420059782345,4.22585371282682,64.2637189506897,0.241016151650966,0,0
Disconnected,10,20300934,70,GRA,1,1.9857034018056e-07,112.419519473563,4.22583340269823,64.2639338727204,0.241016890130893,0,0
Disconnected,10,20300934,70,RRA,1,NaN,106.509480218142,4.00367588580286,67.449011367525,0.251841382204379,0,0
Disconnected,10,20300934,80,GURA,1,9.97741021535603e-06,115.917306669345,4.35731471516675,62.2725291661002,0.233508655422285,0,0
Disconnected,10,20300934,80,GRA,1,1.98280713622861e-07,115.916765422814,4.35729436978831,62.2727544033945,0.233509424498296,0,0
Disconnected,10,20300934,80,RRA,1,NaN,109.994469763299,4.13467613644389,65.2691820896287,0.243695368572046,0,0
Disconnected,10,20300934,90,GURA,1,9.99724842998262e-06,119.007760012243,4.4734844072901,60.6143487173223,0.227258781065973,0,0
Disconnected,10,20300934,90,GRA,1,1.9862555136196e-07,119.007217424183,4.47346401148377,60.614582124264,0.227259555015231,0,0
Disconnected,10,20300934,90,RRA,1,NaN,113.075297879337,4.25048401768808,63.4572741563453,0.236924629675068,0,0
Disconnected,10,20300934,100,GURA,1,9.97394118584793e-06,121.776271091788,4.57755233651154,59.2031420475096,0.221941242841401,0,0
Disconnected,10,20300934,100,GRA,1,3.02742248805602e-07,121.77572727696,4.57753189459117,59.2033975309003,0.2219421029204,0,0
Disconnected,10,20300934,100,RRA,1,NaN,115.836048762104,4.35426024224018,61.9177687752321,0.231172060734774,0,0
Disconnected,11,20300935,10,GURA,1,9.94581905189307e-06,62.9906929387236,2.36340779173734,117.260962087981,0.449075085803022,0,0
Disconnected,11,20300935,10,GRA,1,9.47782973803363e-07,62.9902710305685,2.36339196176351,117.263357290864,0.44908479867934,0,0
Disconnected,11,20300935,10,RRA,1,NaN,57.7900567220657,2.16828016917892,127.869585925311,0.48393684675997,0,0
Disconnected,11,20300935,20,GURA,1,9.84678093374214e-06,80.0234538545941,3.00247616811681,90.4678981724128,0.345625135487548,0,0
Disconnected,11,20300935,20,GRA,1,9.13559492336736e-07,80.0229038948409,3.00245553365313,90.4692695882072,0.345630680176586,0,0
Disconnected,11,20300935,20,RRA,1,NaN,74.5669318535143,2.79774772314347,97.4898629384737,0.369154553952652,0,0
Disconnected,11,20300935,30,GURA,1,9.71968236385123e-06,90.3316521886574,3.38923927747328,79.6223122020744,0.303902324804657,0,0
Disconnected,11,20300935,30,GRA,1,9.99984970687126e-07,90.3310258624793,3.38921577774497,79.6223373169514,0.303902330418274,0,0
Disconnected,11,20300935,30,RRA,1,NaN,84.7762633650082,3.18080135403726,85.1625697590767,0.322552887755964,0,0
Disconnected,11,20300935,40,GURA,1,9.9133727964329e-06,97.7462883681266,3.66743607293482,73.3331172944278,0.279745823673464,0,0
Disconnected,11,20300935,40,GRA,1,9.99079171225164e-07,97.7456578176034,3.6674124147093,73.3329276491068,0.279744918712729,0,0
Disconnected,11,20300935,40,RRA,1,NaN,92.1382307232984,3.45702201784271,78.0524500205905,0.295664955533979,0,0
Disconnected,11,20300935,50,GURA,1,9.94292185296786e-06,103.54076871386,3.88484469886466,69.0814957385406,0.263431020693463,0,0
Disconnected,11,20300935,50,GRA,1,9.99676967333797e-07,103.540137116812,3.88482100137356,69.0813882616354,0.263430443585883,0,0
Disconnected,11,20300935,50,RRA,1,NaN,97.8999156613425,3.67320016164175,73.2704474555435,0.277576863913834,0,0
Disconnected,11,20300935,60,GURA,1,9.80641280534655e-06,108.297699660941,4.06332452089208,65.9487735931139,0.251417731178781,0,0
Disconnected,11,20300935,60,GRA,1,9.9908154615126e-07,108.297024528015,4.06329918993691,65.948754076777,0.251417508856174,0,0
Disconnected,11,20300935,60,RRA,1,NaN,102.634433205044,3.85083903384446,69.7621065768562,0.264304087997917,0,0
Disconnected,11,20300935,70,GURA,1,9.98821152364826e-06,112.332818576062,4.21472198994136,63.5091567762842,0.242066973261292,0,0
Disconnected,11,20300935,70,GRA,1,9.99237428845709e-07,112.332100203567,4.21469503663966,63.5091882046208,0.242066958343781,0,0
Disconnected,11,20300935,70,RRA,1,NaN,106.653251327249,4.00162489792177,67.0399327161754,0.254004103948366,0,0
Disconnected,11,20300935,80,GURA,1,9.98643842109459e-06,115.836593632826,4.34618346279269,61.5346495238292,0.234501872020802,0,0
Disconnected,11,20300935,80,GRA,1,9.2617450555201e-07,115.836003621011,4.34616132557757,61.5346502386821,0.234501759561419,0,0
Disconnected,11,20300935,80,RRA,1,NaN,110.144630698765,4.13262128525441,64.8435913454981,0.245692784182695,0,0
Disconnected,11,20300935,90,GURA,1,9.93590363052022e-06,118.932815968782,4.46235357701683,59.8905881711507,0.228204838825061,0,0
Disconnected,11,20300935,90,GRA,1,9.97045869006131e-07,118.932139908927,4.46232821128335,59.8906212105413,0.228204847449894,0,0
Disconnected,11,20300935,90,RRA,1,NaN,113.231105339996,4.24842566643783,63.0197359457059,0.238790356889477,0,0
Disconnected,11,20300935,100,GURA,1,9.96252714813295e-06,121.706494693787,4.56642187035709,58.4915683798875,0.22284778313992,0,0
Disconnected,11,20300935,100,GRA,1,9.99342382747012e-07,121.705775431197,4.56639488365906,58.4916411042842,0.222847951375539,0,0
Disconnected,11,20300935,100,RRA,1,NaN,115.996915317292,4.35219872473972,61.4713657820574,0.232930036446723,0,0
Disconnected,12,20300936,10,GURA,1,9.90051727001173e-06,63.5017844712345,2.37527669569171,119.532895497311,0.446935348311379,0,0
Disconnected,12,20300936,10,GRA,1,8.26977211169238e-07,63.5013633398125,2.37526094332096,119.534702557014,0.446942458680013,0,0
Disconnected,12,20300936,10,RRA,1,NaN,58.2766608577211,2.17983156836763,127.945278849227,0.472642517882665,0,0
Disconnected,12,20300936,20,GURA,1,9.88922385047886e-06,80.5855146031469,3.0142915894574,92.2606933471317,0.343845359024503,0,0
Disconnected,12,20300936,20,GRA,1,2.43214637951663e-07,80.585081014092,3.01427537111037,92.2612840425485,0.343847856933888,0,0
Disconnected,12,20300936,20,RRA,1,NaN,75.1284569873613,2.81017099836292,98.2368825994338,0.362840772939729,0,0
Disconnected,12,20300936,30,GURA,1,9.82819942052515e-06,90.9248313479151,3.40103250260997,81.2404070849369,0.302398460312835,0,0
Disconnected,12,20300936,30,GRA,1,2.46299877816923e-07,90.9243799692642,3.40101561884522,81.2408066394743,0.302400166359735,0,0
Disconnected,12,20300936,30,RRA,1,NaN,85.378280028494,3.19356441017476,86.0884591373592,0.317947456373111,0,0
Disconnected,12,20300936,40,GURA,1,9.95959018723624e-06,98.3619570909454,3.67921730650869,74.8490981619475,0.278411564965898,0,0
Disconnected,12,20300936,40,GRA,1,2.55140586212483e-07,98.3614965644595,3.67920008057025,74.8493781238464,0.278412772321275,0,0
Disconnected,12,20300936,40,RRA,1,NaN,92.7678335727348,3.46996978163566,79.0494056885343,0.291937618988651,0,0
Disconnected,12,20300936,50,GURA,1,9.70067186401025e-06,104.174057591133,3.89661823446794,70.5276494179334,0.262213469011023,0,0
Disconnected,12,20300936,50,GRA,1,2.43433905373106e-07,104.17359900221,3.89660108100381,70.5279898287753,0.262214961457478,0,0
Disconnected,12,20300936,50,RRA,1,NaN,98.5503827271824,3.68626534502211,74.3002481533062,0.274390172314207,0,0
Disconnected,12,20300936,60,GURA,1,9.70756832074926e-06,108.945476576567,4.07509259413913,67.3430153821367,0.250287369881563,0,0
Disconnected,12,20300936,60,GRA,1,2.43879010391963e-07,108.945014150105,4.07507529713233,67.3433173777297,0.250288696545703,0,0
Disconnected,12,20300936,60,RRA,1,NaN,103.30165291014,3.86398604113304,70.8077948880731,0.261486639286562,0,0
Disconnected,12,20300936,70,GURA,1,9.87267293695027e-06,112.99289852085,4.22648593059319,64.8623785085977,0.241003610609332,0,0
Disconnected,12,20300936,70,GRA,1,2.45730861175013e-07,112.992433327934,4.22646853010749,64.8626476342358,0.241004793140934,0,0
Disconnected,12,20300936,70,RRA,1,NaN,107.33445389389,4.01483248229729,68.0929429117789,0.251456452503636,0,0
Disconnected,12,20300936,80,GURA,1,9.9737366170416e-06,116.50736609854,4.35794417235066,62.8542703015982,0.233492074477726,0,0
Disconnected,12,20300936,80,GRA,1,2.50899238310222e-07,116.506898925933,4.35792669781488,62.8545179425946,0.233493162653559,0,0
Disconnected,12,20300936,80,RRA,1,NaN,110.837825605917,4.14587568451932,65.8992255407148,0.243351860237101,0,0
Disconnected,12,20300936,90,GURA,1,9.97762353804887e-06,119.613044257547,4.47411169452084,61.1819452047723,0.227239143222632,0,0
Disconnected,12,20300936,90,GRA,1,2.46539523472296e-07,119.612575518145,4.47409416137928,61.1821655261082,0.227240121466693,0,0
Disconnected,12,20300936,90,RRA,1,NaN,113.934794118358,4.26171742339553,64.075275562788,0.236613518168394,0,0
Disconnected,12,20300936,100,GURA,1,9.84759974897997e-06,122.39519935652,4.57817787510801,59.7586634785093,0.221919235556,0,0
Disconnected,12,20300936,100,GRA,1,2.66693383807765e-07,122.394729116564,4.57816028583837,59.7588634671153,0.221920128152149,0,0
Disconnected,12,20300936,100,RRA,1,NaN,116.709929778134,4.36552104269439,62.5251838937125,0.230887026395632,0,0
Disconnected,13,20300937,10,GURA,1,9.9843923173637e-06,63.5663350853477,2.35578761944936,118.444930591763,0.451474573849188,0,0
Disconnected,13,20300937,10,GRA,1,3.26785152832388e-07,63.56589499452,2.35577130955007,118.445159180536,0.451475056357509,0,0
Disconnected,13,20300937,10,RRA,1,NaN,58.5880063851222,2.17128925090579,126.176691399712,0.476916793127088,0,0
Disconnected,13,20300937,20,GURA,1,9.77178435590531e-06,80.8073183752405,2.99474367892533,91.2413731600585,0.347001668993071,0,0
Disconnected,13,20300937,20,GRA,1,2.17541854514021e-07,80.8068720812815,2.99472713913612,91.2421310500376,0.347004599135404,0,0
Disconnected,13,20300937,20,RRA,1,NaN,75.5829841697075,2.80112827189052,96.6928585177132,0.365406051061438,0,0
Disconnected,13,20300937,30,GURA,1,9.96385262652666e-06,91.2420263281887,3.38145711419134,80.2659554892526,0.305002612660856,0,0
Disconnected,13,20300937,30,GRA,1,2.11556226224627e-07,91.2415764202208,3.38144044046586,80.2665981967213,0.305005097611721,0,0
Disconnected,13,20300937,30,RRA,1,NaN,85.9233733809148,3.18434622603784,84.6603124862758,0.319908648186061,0,0
Disconnected,13,20300937,40,GURA,1,9.78420373698441e-06,98.7478800343306,3.65962632452234,73.9057490555649,0.280699062925775,0,0
Disconnected,13,20300937,40,GRA,1,4.27743682871429e-07,98.747419557518,3.65960925911229,73.9064689386741,0.280701938018716,0,0
Disconnected,13,20300937,40,RRA,1,NaN,93.3792303635912,3.46066254266348,77.6964110562825,0.293580326270814,0,0
Disconnected,13,20300937,50,GURA,1,9.95136808157326e-06,104.613749551629,3.87701722440045,69.6077280660101,0.264289410709714,0,0
Disconnected,13,20300937,50,GRA,1,4.27759352693085e-07,104.613282333065,3.87699990913903,69.6083056001097,0.264291724159187,0,0
Disconnected,13,20300937,50,RRA,1,NaN,99.2140887113889,3.67690415921297,73.0016405484941,0.275832463875533,0,0
Disconnected,13,20300937,60,GURA,1,9.95242166723642e-06,109.429346645058,4.05548471033817,66.4415395376082,0.252208096884322,0,0
Disconnected,13,20300937,60,GRA,1,4.91743448223488e-07,109.428874093983,4.05546719745228,66.4420107837237,0.252209987799119,0,0
Disconnected,13,20300937,60,RRA,1,NaN,104.008555909753,3.85458856484368,69.5511929933056,0.262789420614734,0,0
Disconnected,13,20300937,70,GURA,1,9.79167499437494e-06,113.514267174983,4.20687310166058,63.9763109304071,0.242805556398687,0,0
Disconnected,13,20300937,70,GRA,1,8.36847833148291e-07,113.513790731232,4.20685544451095,63.9765457733046,0.242806453999305,0,0
Disconnected,13,20300937,70,RRA,1,NaN,108.078146897573,4.00540883869551,66.8702173995245,0.252655563625592,0,0
Disconnected,13,20300937,80,GURA,1,9.85566308386865e-06,117.061311030757,4.33832762062658,61.981277775369,0.235198930871162,0,0
Disconnected,13,20300937,80,GRA,1,8.60257728862993e-07,117.06083091301,4.33830982731754,61.9813957299796,0.235199330841939,0,0
Disconnected,13,20300937,80,RRA,1,NaN,111.613557342707,4.13643221994181,64.7046763284501,0.244470328983093,0,0
Disconnected,13,20300937,90,GURA,1,9.94925499497867e-06,120.195787237907,4.45449225765259,60.3202796210943,0.228867647324774,0,0
Disconnected,13,20300937,90,GRA,1,4.27733396827767e-07,120.195324178321,4.45447509652416,60.3205273133861,0.228868555400556,0,0
Disconnected,13,20300937,90,RRA,1,NaN,114.738900500452,4.25225838339235,62.9047101614413,0.23766710225004,0,0
Disconnected,13,20300937,100,GURA,1,9.59601805661237e-06,123.003747527625,4.55855611594396,58.9070290303645,0.223481984780017,0,0
Disconnected,13,20300937,100,GRA,1,4.27757156664696e-07,123.003283995005,4.55853893728474,58.9072626543052,0.223482840647451,0,0
Disconnected,13,20300937,100,RRA,1,NaN,117.539498992118,4.35604941121952,61.3754043539692,0.231887032059958,0,0
Disconnected,14,20300938,10,GURA,1,9.64624270949344e-06,62.090925919333,2.37608900401097,116.118627863236,0.447886457946724,0,0
Disconnected,14,20300938,10,GRA,1,3.03362222978346e-07,62.0904941481349,2.3760724810363,116.121139407656,0.447896636051581,0,0
Disconnected,14,20300938,10,RRA,1,NaN,56.7156202137224,2.1703873722316,124.609764951162,0.474401275844817,0,0
Disconnected,14,20300938,20,GURA,1,9.9877897170586e-06,78.7888724440891,3.01508426039645,89.5521845852778,0.34442749456222,0,0
Disconnected,14,20300938,20,GRA,1,4.15794785172167e-07,78.7883618847162,3.01506472236422,89.5536787732018,0.344433803082775,0,0
Disconnected,14,20300938,20,RRA,1,NaN,73.1758680104985,2.80028639876613,95.584938376752,0.364009068751444,0,0
Disconnected,14,20300938,30,GURA,1,9.96145128340231e-06,88.8949292864295,3.40182177769796,78.8385168096671,0.302887651640693,0,0
Disconnected,14,20300938,30,GRA,1,7.70364912642906e-07,88.8943909772986,3.40180117774092,78.8392653894328,0.302890792978923,0,0
Disconnected,14,20300938,30,RRA,1,NaN,83.1905659496037,3.18352780319476,83.7261754803297,0.31889088973089,0,0
Disconnected,14,20300938,40,GURA,1,9.99888241537406e-06,96.1642875180472,3.68000481176648,72.6272747404162,0.278848859189037,0,0
Disconnected,14,20300938,40,GRA,1,5.31034765362929e-07,96.1637498998013,3.67998423824815,72.6280176962482,0.27885199271102,0,0
Disconnected,14,20300938,40,RRA,1,NaN,90.4114353629885,3.45985527228152,76.8583428209587,0.292756315657442,0,0
Disconnected,14,20300938,50,GURA,1,9.95756272814674e-06,101.845285326307,3.89740463668701,68.4280319454558,0.262614660814761,0,0
Disconnected,14,20300938,50,GRA,1,5.30980088216419e-07,101.844739314589,3.89738374196818,68.4286897880467,0.26261743659157,0,0
Disconnected,14,20300938,50,RRA,1,NaN,96.0623188147302,3.67610268418314,72.2262879559424,0.275127373809645,0,0
Disconnected,14,20300938,60,GURA,1,9.90916157661559e-06,106.509082565333,4.07587833751382,65.3334509081055,0.250660111636986,0,0
Disconnected,14,20300938,60,GRA,1,5.31249038368468e-07,106.508530626187,4.07585721596477,65.3340409810475,0.250662602857238,0,0
Disconnected,14,20300938,60,RRA,1,NaN,100.705570768774,3.85379016021126,68.8208293321879,0.262165431509548,0,0
Disconnected,14,20300938,70,GURA,1,9.99667428303042e-06,110.465217452979,4.22727129011903,62.9232198575106,0.241354522652044,0,0
Disconnected,14,20300938,70,GRA,1,5.31144803988799e-07,110.464661577616,4.22725001793929,62.923763357424,0.241356808183345,0,0
Disconnected,14,20300938,70,RRA,1,NaN,104.64678093159,4.0046119750209,66.1741466082177,0.252090805439416,0,0
Disconnected,14,20300938,80,GURA,1,9.95733265796162e-06,113.90042104243,4.3587292987504,60.9722725856933,0.233825533159236,0,0
Disconnected,14,20300938,80,GRA,1,5.30721571971117e-07,113.899861841795,4.35870789931948,60.972777772578,0.23382766392926,0,0
Disconnected,14,20300938,80,RRA,1,NaN,108.070643330109,4.13563598015389,64.0358755269139,0.243950961668494,0,0
Disconnected,14,20300938,90,GURA,1,9.98320188827506e-06,116.936057077736,4.47489669836435,59.3476635857999,0.227558218053388,0,0
Disconnected,14,20300938,90,GRA,1,5.31212882802177e-07,116.935495563297,4.47487521038901,59.3481400783545,0.227560222560195,0,0
Disconnected,14,20300938,90,RRA,1,NaN,111.097363594819,4.25146219199903,62.2582810173807,0.237183781361965,0,0
Disconnected,14,20300938,100,GURA,1,9.84900973932668e-06,119.655466345428,4.57896276538937,57.965073519183,0.222226180806798,0,0
Disconnected,14,20300938,100,GRA,1,5.20533319329835e-07,119.654903098593,4.5789412111189,57.9655249265256,0.222228081077594,0,0
Disconnected,14,20300938,100,RRA,1,NaN,113.809577187617,4.35525289569621,60.7477717421277,0.231433132738264,0,0
Disconnected,15,20300939,10,GURA,1,9.54753858550816e-06,63.9402456355462,2.38167510931072,118.479850486462,0.450616321975953,0,0
Disconnected,15,20300939,10,GRA,1,6.57670044756106e-07,63.9397355287902,2.38165610862419,118.482396515156,0.450626696744375,0,0
Disconnected,15,20300939,10,RRA,1,NaN,58.3780874387557,2.17449333201739,126.236586679423,0.474158334906125,0,0
Disconnected,15,20300939,20,GURA,1,9.87410302144553e-06,81.0952928418483,3.02067404533587,91.1971963862858,0.345808691793864,0,0
Disconnected,15,20300939,20,GRA,1,6.80958846004862e-07,81.0947645633883,3.02065436778151,91.1992737332833,0.345816771281501,0,0
Disconnected,15,20300939,20,RRA,1,NaN,75.2939724931488,2.80458384833552,96.8738451147229,0.36386679516886,0,0
Disconnected,15,20300939,30,GURA,1,9.99079744090636e-06,91.4779720743271,3.40741276443464,80.2262583848766,0.303853458313675,0,0
Disconnected,15,20300939,30,GRA,1,6.82757971999569e-07,91.4774267529393,3.40739245205762,80.2277868692555,0.30385943651477,0,0
Disconnected,15,20300939,30,RRA,1,NaN,85.5846125912534,3.18789425224341,84.8714123106717,0.318784451571571,0,0
Disconnected,15,20300939,40,GURA,1,9.97104650224401e-06,98.946325553227,3.68559736337433,73.8762165589322,0.279616087558188,0,0
Disconnected,15,20300939,40,GRA,1,6.82209481659742e-07,98.9457832371483,3.68557716294043,73.8773720580818,0.279620592418226,0,0
Disconnected,15,20300939,40,RRA,1,NaN,93.0040900867465,3.46425829650794,77.9184105581414,0.292668517102993,0,0
Disconnected,15,20300939,50,GURA,1,9.78158352538117e-06,104.782839022118,3.90299844958923,69.5873209328979,0.263264776680294,0,0
Disconnected,15,20300939,50,GRA,1,6.81997428703651e-07,104.782308380783,3.90297868402144,69.5882845645089,0.263268539276039,0,0
Disconnected,15,20300939,50,RRA,1,NaN,98.8102566551504,3.68052900768569,73.2279968495616,0.275051105311749,0,0
Disconnected,15,20300939,60,GURA,1,9.84880869125959e-06,109.574304801082,4.08147312808699,66.4286903784905,0.251232209269039,0,0
Disconnected,15,20300939,60,GRA,1,6.82013765098764e-07,109.573764037888,4.08145298549565,66.4295665842235,0.251235639142014,0,0
Disconnected,15,20300939,60,RRA,1,NaN,103.581032408057,3.85823301476076,69.7791328804363,0.262097055340744,0,0
Disconnected,15,20300939,70,GURA,1,9.98864950929601e-06,113.638735251836,4.23286686675452,63.96970006355,0.241870485845573,0,0
Disconnected,15,20300939,70,GRA,1,6.81955648617588e-07,113.638187266472,4.23284645514853,63.9705083751623,0.241873657683077,0,0
Disconnected,15,20300939,70,RRA,1,NaN,107.630446308409,4.00906741018578,67.0984131997517,0.252028204347235,0,0
Disconnected,15,20300939,80,GURA,1,9.98230768800568e-06,117.16797318867,4.36432551326806,61.9799762289269,0.234298906842118,0,0
Disconnected,15,20300939,80,GRA,1,6.81974766549473e-07,117.167445631056,4.36430586256409,61.9806890995399,0.234301709192852,0,0
Disconnected,15,20300939,80,RRA,1,NaN,111.148285380034,4.14010146662662,64.9324463139458,0.243892791171886,0,0
Disconnected,15,20300939,90,GURA,1,9.99792558076251e-06,120.286704085999,4.48049340841731,60.3235336954377,0.227998010941967,0,0
Disconnected,15,20300939,90,GRA,1,6.81981843287706e-07,120.286172227078,4.48047359749631,60.324210025856,0.228000676191149,0,0
Disconnected,15,20300939,90,RRA,1,NaN,114.258066527391,4.25593599745219,63.1316921329937,0.237129132089871,0,0
Disconnected,15,20300939,100,GURA,1,9.78847113941583e-06,123.08055221674,4.5845599237402,58.9141687715196,0.222638702451492,0,0
Disconnected,15,20300939,100,GRA,1,6.81983641811337e-07,123.080016619571,4.58453997357525,58.9147975419369,0.222641177267173,0,0
Disconnected,15,20300939,100,RRA,1,NaN,117.04469982151,4.35973377128635,61.6014057941954,0.231381359443115,0,0
Disconnected,16,20300940,10,GURA,1,9.7421745373083e-06,64.737806953173,2.38379667550995,120.772938696252,0.449099851146458,0,0
Disconnected,16,20300940,10,GRA,1,7.40781973506167e-07,64.7373298203517,2.38377910636935,120.775377568918,0.449109596262238,0,0
Disconnected,16,20300940,10,RRA,1,NaN,59.0323222056771,2.17370745232865,128.852928951115,0.473167101416631,0,0
Disconnected,16,20300940,20,GURA,1,9.99176162963522e-06,82.0927410789068,3.02284572921892,93.0730715099047,0.345009631676861,0,0
Disconnected,16,20300940,20,GRA,1,8.12872050597312e-07,82.0922279352074,3.02282683407399,93.0736231431811,0.34501180090717,0,0
Disconnected,16,20300940,20,RRA,1,NaN,76.1393263223076,2.80362714625118,98.8917559072886,0.363127570593081,0,0
Disconnected,16,20300940,30,GURA,1,9.75790008439503e-06,92.5960057749038,3.40960037295328,81.9118331033099,0.303271007103188,0,0
Disconnected,16,20300940,30,GRA,1,8.80416591680003e-07,92.5954583654849,3.40958021606484,81.9122783773759,0.303272765075332,0,0
Disconnected,16,20300940,30,RRA,1,NaN,86.5472623818183,3.18687156779188,86.6460014894449,0.318154835533807,0,0
Disconnected,16,20300940,40,GURA,1,9.70956477530649e-06,100.150998345999,3.68779277739335,75.4462235903778,0.279141125507347,0,0
Disconnected,16,20300940,40,GRA,1,8.69449543500236e-07,100.150433210271,3.68777196778096,75.4466143348643,0.27914264693679,0,0
Disconnected,16,20300940,40,RRA,1,NaN,94.0516875118239,3.46320196139727,79.5524071978606,0.292104450789095,0,0
Disconnected,16,20300940,50,GURA,1,9.93422231587715e-06,106.05518001385,3.90519848348421,71.07711392177,0.262855178960759,0,0
Disconnected,16,20300940,50,GRA,1,8.77719078115483e-07,106.054603524957,3.90517725582188,71.0774538131418,0.262856475471487,0,0
Disconnected,16,20300940,50,RRA,1,NaN,99.9245074064717,3.67945285403033,74.7672730198433,0.274532055744125,0,0
Disconnected,16,20300940,60,GURA,1,9.99359071585104e-06,110.902177791995,4.08367621903841,67.8583296699921,0.250867104104097,0,0
Disconnected,16,20300940,60,GRA,1,8.81999936986239e-07,110.901592500865,4.08365466725723,67.8586433344387,0.250868252442868,0,0
Disconnected,16,20300940,60,RRA,1,NaN,104.750146091487,3.85714409807993,71.2488031655872,0.261611457709756,0,0
Disconnected,16,20300940,70,GURA,1,9.87010432851321e-06,115.013702825903,4.23507213694764,65.3518920757032,0.241537919200425,0,0
Disconnected,16,20300940,70,GRA,1,9.34933337241109e-07,115.013109403044,4.23505028573726,65.352174778878,0.2415389000111,0,0
Disconnected,16,20300940,70,RRA,1,NaN,108.846184292153,4.00796975475644,68.5139925136023,0.251568772745492,0,0
Disconnected,16,20300940,80,GURA,1,9.75788515944487e-06,118.583826559321,4.3665323993108,63.3233877377146,0.233991346153866,0,0
Disconnected,16,20300940,80,GRA,1,8.5278327420971e-07,118.58326167884,4.36651159909721,63.323634058079,0.233992276936525,0,0
Disconnected,16,20300940,80,RRA,1,NaN,112.40456342642,4.13899755365307,66.3043209650189,0.243454579307489,0,0
Disconnected,16,20300940,90,GURA,1,9.99848693794547e-06,121.738683045997,4.48270155545922,61.6344004797472,0.22771037811831,0,0
Disconnected,16,20300940,90,GRA,1,8.6961003566741e-07,121.738114809356,4.482680631664,61.6346674570152,0.227711379261503,0,0
Disconnected,16,20300940,90,RRA,1,NaN,115.550206418003,4.25482744747541,64.4672260105219,0.236708597042953,0,0
Disconnected,16,20300940,100,GURA,1,9.77781128241872e-06,124.564889777492,4.58676906296245,60.1971614291364,0.222367394946556,0,0
Disconnected,16,20300940,100,GRA,1,8.69615011976618e-07,124.564318610009,4.5867480312468,60.1974241814883,0.222368386884687,0,0
Disconnected,16,20300940,100,RRA,1,NaN,118.368991996504,4.35862169085882,62.9060498939167,0.230975858767115,0,0
Disconnected,17,20300941,10,GURA,1,9.99802064782784e-06,63.7806803827367,2.38781533537847,117.923415212305,0.45116641355706,0,0
Disconnected,17,20300941,10,GRA,1,6.09449870075756e-07,63.7798919359733,2.38778581757996,117.927607644586,0.451183567197013,0,0
Disconnected,17,20300941,10,RRA,1,NaN,57.7977133288192,2.16382555670758,125.939203091573,0.474829395012482,0,0
Disconnected,17,20300941,20,GURA,1,9.97877548414294e-06,80.8482697401987,3.02679019988495,90.751840516191,0.346004349798225,0,0
Disconnected,17,20300941,20,GRA,1,7.09376008099004e-07,80.8474088362743,3.02675796944181,90.7548377238613,0.346017242496405,0,0
Disconnected,17,20300941,20,RRA,1,NaN,74.6079899731396,2.79316717116498,96.6192978157331,0.364279388481426,0,0
Disconnected,17,20300941,30,GURA,1,9.99142266522313e-06,91.1781703320012,3.41352008263355,79.8355530250699,0.303977315168773,0,0
Disconnected,17,20300941,30,GRA,1,6.31735887236668e-07,91.17732329512,3.41348837134351,79.8368455323173,0.303982544943973,0,0
Disconnected,17,20300941,30,RRA,1,NaN,84.8390684293312,3.17619735975116,84.6373249912153,0.319104299445373,0,0
Disconnected,17,20300941,40,GURA,1,9.95348798937812e-06,98.6085955921533,3.69169967052921,73.5176238056479,0.279707020519357,0,0
Disconnected,17,20300941,40,GRA,1,6.31739785354843e-07,98.607725763929,3.69166710597893,73.5187297174424,0.279711490333826,0,0
Disconnected,17,20300941,40,RRA,1,NaN,92.2170739962582,3.45241446391966,77.6971368888793,0.292938771827273,0,0
Disconnected,17,20300941,50,GURA,1,9.87600490987006e-06,104.415493221642,3.90909777803545,69.2506961005546,0.263337377120937,0,0
Disconnected,17,20300941,50,GRA,1,6.3174579754651e-07,104.414609413682,3.90906469011307,69.251670807955,0.263341312581071,0,0
Disconnected,17,20300941,50,RRA,1,NaN,97.9914407714024,3.66859468424733,73.015812415892,0.275289788421723,0,0
Disconnected,17,20300941,60,GURA,1,9.94052050984351e-06,109.182657920626,4.08757045826087,66.1083365692344,0.251293084755839,0,0
Disconnected,17,20300941,60,GRA,1,6.31737876026518e-07,109.181765213828,4.08753703718461,66.1092252823467,0.25129667259057,0,0
Disconnected,17,20300941,60,RRA,1,NaN,102.736436058436,3.84623738803613,69.5738786209961,0.262313552880347,0,0
Disconnected,17,20300941,70,GURA,1,9.99032405601952e-06,113.226482528202,4.23896279765906,63.662046694273,0.241923182018595,0,0
Disconnected,17,20300941,70,GRA,1,6.31740823986441e-07,113.225582840624,4.23892911523699,63.6628646790671,0.241926482717101,0,0
Disconnected,17,20300941,70,RRA,1,NaN,106.764175515956,3.99702753304339,66.8986984450424,0.252228086939185,0,0
Disconnected,17,20300941,80,GURA,1,9.90632333142116e-06,116.737832444185,4.37042039778107,61.6826129337586,0.234345556127529,0,0
Disconnected,17,20300941,80,GRA,1,6.31739297898791e-07,116.73692739642,4.37038651468482,61.6833810617341,0.234348654184937,0,0
Disconnected,17,20300941,80,RRA,1,NaN,110.263319418019,4.1280281655218,64.7373094097945,0.244079664986546,0,0
Disconnected,17,20300941,90,GURA,1,9.39931442900388e-06,119.840758858778,4.4865874758501,60.0347400687892,0.228039989491219,0,0
Disconnected,17,20300941,90,GRA,1,6.3173919274132e-07,119.839849873588,4.48655344534486,60.0354524785837,0.228042858901368,0,0
Disconnected,17,20300941,90,RRA,1,NaN,113.356665439191,4.24383657368965,62.9404331499694,0.237305481105939,0,0
Disconnected,17,20300941,100,GURA,1,9.97679335767998e-06,122.62045076379,4.59065332962563,58.6326673876299,0.222676960689587,0,0
Disconnected,17,20300941,100,GRA,1,6.31738820841453e-07,122.619538558799,4.59061917857779,58.6333481206933,0.222679703298436,0,0
Disconnected,17,20300941,100,RRA,1,NaN,116.128636638382,4.34761338037996,61.4134951846989,0.231548976318255,0,0
Disconnected,18,20300942,10,GURA,1,9.93353054568047e-06,64.2442548233648,2.38761601459905,119.086124881975,0.447358307613649,0,0
Disconnected,18,20300942,10,GRA,1,9.69205868780543e-07,64.2437104175395,2.38759578194058,119.088942780693,0.447369953036733,0,0
Disconnected,18,20300942,10,RRA,1,NaN,58.2877150266478,2.16624322648998,128.965317603984,0.478852699939777,0,0
Disconnected,18,20300942,20,GURA,1,9.96080304105362e-06,81.4392334185274,3.02666158182333,91.8724429174495,0.344098904740795,0,0
Disconnected,18,20300942,20,GRA,1,9.99195400605318e-07,81.4386795373184,3.02664099701542,91.8742152856635,0.344106357070796,0,0
Disconnected,18,20300942,20,RRA,1,NaN,75.2270434577325,2.79578764178144,98.7873634634157,0.366679864645567,0,0
Disconnected,18,20300942,30,GURA,1,9.96841078304556e-06,91.8457603397503,3.41341663722529,80.8802922263562,0.302566150332889,0,0
Disconnected,18,20300942,30,GRA,1,9.34656677771182e-07,91.845009285359,3.41338872454271,80.8818535337122,0.302572709413032,0,0
Disconnected,18,20300942,30,RRA,1,NaN,85.5355231704964,3.17889880582304,86.4757039577339,0.32093430864844,0,0
Disconnected,18,20300942,40,GURA,1,9.75111047196719e-06,99.3311745077001,3.69160952454949,74.5087310644816,0.278537572182976,0,0
Disconnected,18,20300942,40,GRA,1,9.41916608202459e-07,99.3303913381377,3.69158041831743,74.5100978982206,0.278543435188243,0,0
Disconnected,18,20300942,40,RRA,1,NaN,92.9689717626645,3.45516041008878,79.351418562455,0.294468788217322,0,0
Disconnected,18,20300942,50,GURA,1,9.87647757000332e-06,105.180981549151,3.90901562588704,70.2018708458074,0.26231435064711,0,0
Disconnected,18,20300942,50,GRA,1,9.03163749032085e-07,105.180213178749,3.90898706966076,70.2030208577355,0.262319273742815,0,0
Disconnected,18,20300942,50,RRA,1,NaN,98.7865569131661,3.67136899574085,74.5490308329714,0.276631288172872,0,0
Disconnected,18,20300942,60,GURA,1,9.95275664905648e-06,109.983340329968,4.08749366667767,67.0283382192909,0.250369916034538,0,0
Disconnected,18,20300942,60,GRA,1,9.27634470669718e-07,109.982557815769,4.08746458480196,67.0293969076221,0.250374504005138,0,0
Disconnected,18,20300942,60,RRA,1,NaN,103.566969659608,3.84903141958217,71.0197698330874,0.263523937645399,0,0
Disconnected,18,20300942,70,GURA,1,9.99686502822783e-06,114.056999139658,4.2388898193573,64.5567992787637,0.241073330007773,0,0
Disconnected,18,20300942,70,GRA,1,9.06971717211483e-07,114.056239454098,4.23886158590026,64.5577302850463,0.241077331603572,0,0
Disconnected,18,20300942,70,RRA,1,NaN,107.624713141067,3.99983608446785,68.2777339388279,0.25334109653478,0,0
Disconnected,18,20300942,80,GURA,1,9.86563244254057e-06,117.594242917044,4.37035028868096,62.5562776362845,0.233552099821367,0,0
Disconnected,18,20300942,80,GRA,1,9.01763534027166e-07,117.593476323794,4.37032179850193,62.5571547430282,0.233555881409458,0,0
Disconnected,18,20300942,80,RRA,1,NaN,111.149883670183,4.13084785560055,66.0629936613227,0.245116961334617,0,0
Disconnected,18,20300942,90,GURA,1,9.72913089114513e-06,120.720043285118,4.48651960277407,60.8904117499909,0.22729153790676,0,0
Disconnected,18,20300942,90,GRA,1,9.07065080631026e-07,120.719271675267,4.48649092615477,60.8912511000671,0.227295168406277,0,0
Disconnected,18,20300942,90,RRA,1,NaN,114.266210173846,4.24666507672517,64.2222225583502,0.238281879329192,0,0
Disconnected,18,20300942,100,GURA,1,9.83642286556119e-06,123.520220704393,4.59058725004249,59.472760017845,0.221965585352623,0,0
Disconnected,18,20300942,100,GRA,1,9.80939824962843e-07,123.519410239763,4.59055712939847,59.4737386701505,0.221969986771527,0,0
Disconnected,18,20300942,100,RRA,1,NaN,117.058754078077,4.35044902698724,62.6583149608927,0.232475102195551,0,0
Disconnected,19,20300943,10,GURA,1,9.83305667290324e-06,63.9554548366356,2.38495078277737,118.865105183988,0.44616711136206,0,0
Disconnected,19,20300943,10,GRA,1,7.74719119930965e-07,63.9549277090995,2.38493112576402,118.86776929991,0.446177378082957,0,0
Disconnected,19,20300943,10,RRA,1,NaN,58.2846335061112,2.17348125596733,129.35951673974,0.4802888624657,0,0
Disconnected,19,20300943,20,GURA,1,9.96807493081064e-06,81.0950782373498,3.02410124070871,91.72605032889,0.343327784394977,0,0
Disconnected,19,20300943,20,GRA,1,8.68099868032876e-07,81.09449737235,3.02407957978175,91.727966018185,0.343335222768145,0,0
Disconnected,19,20300943,20,RRA,1,NaN,75.1677217993299,2.80306531167396,98.9826558464201,0.367406281187458,0,0
Disconnected,19,20300943,30,GURA,1,9.91076270651092e-06,91.4672205810593,3.41088684116915,80.7686937290749,0.301985072432526,0,0
Disconnected,19,20300943,30,GRA,1,7.40659486399406e-07,91.4666080632233,3.41086399988225,80.7701172573322,0.30199064387496,0,0
Disconnected,19,20300943,30,RRA,1,NaN,85.440495138116,3.18614536134625,86.6063071205905,0.321430451011767,0,0
Disconnected,19,20300943,40,GURA,1,9.7652398771686e-06,98.9276737213371,3.6890931896695,74.4157114555716,0.27805797140245,0,0
Disconnected,19,20300943,40,GRA,1,8.28050563786502e-07,98.9270215557447,3.68906886988561,74.4168146506034,0.278062234794905,0,0
Disconnected,19,20300943,40,RRA,1,NaN,92.8479548231251,3.46237554091859,79.4499776938504,0.294851031486068,0,0
Disconnected,19,20300943,50,GURA,1,9.8654653939434e-06,104.757887934754,3.90650660636031,70.1200367538019,0.261896660520295,0,0
Disconnected,19,20300943,50,GRA,1,8.66174103915043e-07,104.757224776346,3.90648187664542,70.1211316327701,0.261900958916118,0,0
Disconnected,19,20300943,50,RRA,1,NaN,98.6451554090628,3.67855785266457,74.6284069779492,0.276945403456163,0,0
Disconnected,19,20300943,60,GURA,1,9.84539601489587e-06,109.544123440693,4.08498921031654,66.954075181539,0.249994480597152,0,0
Disconnected,19,20300943,60,GRA,1,8.58712690223444e-07,109.543452882065,4.0849642046414,66.9550634041556,0.249998362746293,0,0
Disconnected,19,20300943,60,RRA,1,NaN,103.408817968852,3.85619869315076,71.0863378647759,0.263792584238222,0,0
Disconnected,19,20300943,70,GURA,1,9.88473768259723e-06,113.604084199137,4.23638843988388,64.488057729998,0.240728879599562,0,0
Disconnected,19,20300943,70,GRA,1,8.40202269464821e-07,113.603407912423,4.2363632206038,64.488969797704,0.240732467557309,0,0
Disconnected,19,20300943,70,RRA,1,NaN,107.452354907965,4.0069854651745,68.3351193500268,0.25357714922175,0,0
Disconnected,19,20300943,80,GURA,1,9.89016299968171e-06,117.129421270568,4.36785111854891,62.4918256391425,0.233231726951237,0,0
Disconnected,19,20300943,80,GRA,1,8.31117358894757e-07,117.128740749823,4.36782574137835,62.4926783857767,0.233235083796734,0,0
Disconnected,19,20300943,80,RRA,1,NaN,110.965196931075,4.13798219335335,66.1134574010632,0.245328443637013,0,0
Disconnected,19,20300943,90,GURA,1,9.92585697190407e-06,120.244691990328,4.48402209037036,60.8294162929685,0.226990554259601,0,0
Disconnected,19,20300943,90,GRA,1,8.22628623884324e-07,120.244008240627,4.48399659278943,60.8302161002092,0.226993705861929,0,0
Disconnected,19,20300943,90,RRA,1,NaN,114.070637477156,4.25378659002542,64.2672712335867,0.238474135096759,0,0
Disconnected,19,20300943,100,GURA,1,9.79535987966074e-06,123.035431318888,4.58809102339847,59.414589645259,0.22168049233963,0,0
Disconnected,19,20300943,100,GRA,1,8.28025246829448e-07,123.034744677795,4.5880654179952,59.4153538340667,0.221683498642802,0,0
Disconnected,19,20300943,100,RRA,1,NaN,116.853437722092,4.3575594681861,62.6990040074357,0.232651873633033,0,0
Disconnected,20,20300944,10,GURA,1,9.6420269635189e-06,62.1573405812935,2.36453091095307,116.019826988113,0.4481173008069,0,0
Disconnected,20,20300944,10,GRA,1,8.78993500862599e-07,62.1567179013159,2.36450722354881,116.019725100832,0.44811689608446,0,0
Disconnected,20,20300944,10,RRA,1,NaN,57.0298784159702,2.16947683252459,125.285355883794,0.479548603213678,0,0
Disconnected,20,20300944,20,GURA,1,9.99833837767028e-06,78.9517752754891,3.00340895166448,89.6278960245302,0.345442716945495,0,0
Disconnected,20,20300944,20,GRA,1,8.40696819185035e-07,78.950989060564,3.00337904321801,89.6288242496402,0.345446804578464,0,0
Disconnected,20,20300944,20,RRA,1,NaN,73.5798170232465,2.79905398375583,95.9019332670743,0.367035975415211,0,0
Disconnected,20,20300944,30,GURA,1,9.98126570550539e-06,89.1170143437386,3.3901053863787,78.9047580450117,0.303850067196394,0,0
Disconnected,20,20300944,30,GRA,1,9.18787852114656e-07,89.1161542966383,3.39007266927828,78.905426820852,0.303852868345472,0,0
Disconnected,20,20300944,30,RRA,1,NaN,83.650898513188,3.18216856470463,83.9248328422237,0.321180132273788,0,0
Disconnected,20,20300944,40,GURA,1,9.50309017611062e-06,96.4291709140377,3.66826754831335,72.6801418590245,0.279738537243164,0,0
Disconnected,20,20300944,40,GRA,1,9.27118010693912e-07,96.4283271137377,3.66823544925838,72.6805642395587,0.279740200460501,0,0
Disconnected,20,20300944,40,RRA,1,NaN,90.9130901173996,3.45843000653649,76.9974375857317,0.294659635772581,0,0
Disconnected,20,20300944,50,GURA,1,9.85590150293092e-06,102.143719482117,3.88565501381623,68.4699373183071,0.263443241048599,0,0
Disconnected,20,20300944,50,GRA,1,9.26384348859893e-07,102.142859747118,3.88562230858846,68.4703144125314,0.263444725589168,0,0
Disconnected,20,20300944,50,RRA,1,NaN,96.5966295334681,3.6746378511327,72.3292304020151,0.276788968441244,0,0
Disconnected,20,20300944,60,GURA,1,9.94642985574501e-06,106.835111106111,4.06412050810185,65.3670943139317,0.251441211418474,0,0
Disconnected,20,20300944,60,GRA,1,9.27247288101166e-07,106.834243100801,4.0640874882627,65.367225335774,0.251441489391105,0,0
Disconnected,20,20300944,60,RRA,1,NaN,101.266890684659,3.85229951990649,68.8993537311864,0.263659302692704,0,0
Disconnected,20,20300944,70,GURA,1,9.58321687960506e-06,110.814683384015,4.21550764235621,62.9501355447538,0.242096172850595,0,0
Disconnected,20,20300944,70,GRA,1,9.24846294934169e-07,110.813810090419,4.21547442134513,62.9502632238796,0.242096455081078,0,0
Disconnected,20,20300944,70,RRA,1,NaN,105.231134151946,4.00310353000863,66.2349959636198,0.253460348242539,0,0
Disconnected,20,20300944,80,GURA,1,9.94299307421898e-06,114.270257193632,4.34696132122193,60.9937345642296,0.234534521288967,0,0
Disconnected,20,20300944,80,GRA,1,9.29349012381023e-07,114.269379896439,4.34692794790974,60.9938506637798,0.234534764214747,0,0
Disconnected,20,20300944,80,RRA,1,NaN,108.675077066153,4.1341147573238,64.0832944622851,0.245223987139903,0,0
Disconnected,20,20300944,90,GURA,1,9.88564286075189e-06,117.323906006744,4.46312534854793,59.3646090877831,0.228239637976801,0,0
Disconnected,20,20300944,90,GRA,1,9.18218722310266e-07,117.323025663799,4.46309185937217,59.3647082478464,0.228239819772547,0,0
Disconnected,20,20300944,90,RRA,1,NaN,111.719597515122,4.2499315320328,62.2951217563308,0.238379282724399,0,0
Disconnected,20,20300944,100,GURA,1,9.93589119957505e-06,120.059461127116,4.56718875570541,57.9782089698846,0.222883941486891,0,0
Disconnected,20,20300944,100,GRA,1,9.18701071173071e-07,120.058578383413,4.56715517520222,57.9783034578715,0.222884102778555,0,0
Disconnected,20,20300944,100,RRA,1,NaN,114.447796817321,4.35371511609483,60.7760473793598,0.232564715854469,0,0
