Network,AttackType,PC,Trial,LossRRA
Random,SecurityLevel,0.1,1,214.267420985296
Random,SecurityLevel,0.1,2,224.718195993327
Random,SecurityLevel,0.1,3,204.220610933405
Random,SecurityLevel,0.1,4,211.801180159438
Random,SecurityLevel,0.1,5,201.119703759647
Random,SecurityLevel,0.1,6,202.041491417615
Random,SecurityLevel,0.1,7,205.71292802853
Random,SecurityLevel,0.1,8,205.343831163749
Random,SecurityLevel,0.1,9,206.091242979792
Random,SecurityLevel,0.1,10,207.241556804609
Random,SecurityLevel,0.1,11,201.321618399814
Random,SecurityLevel,0.1,12,208.259989430652
Random,SecurityLevel,0.1,13,210.268948193711
Random,SecurityLevel,0.1,14,203.451643504117
Random,SecurityLevel,0.1,15,199.116990329222
Random,SecurityLevel,0.1,16,206.645361339601
Random,SecurityLevel,0.1,17,204.997902228304
Random,SecurityLevel,0.1,18,210.243088006075
Random,SecurityLevel,0.1,19,212.565755147912
Random,SecurityLevel,0.1,20,203.643707334724
Random,SecurityLevel,0.1,21,215.035987523291
Random,SecurityLevel,0.1,22,224.021309750357
Random,SecurityLevel,0.1,23,199.472309941642
Random,SecurityLevel,0.1,24,209.109720939647
Random,SecurityLevel,0.1,25,215.362501819019
Random,SecurityLevel,0.1,26,210.004224512041
Random,SecurityLevel,0.1,27,225.118977329701
Random,SecurityLevel,0.1,28,215.720082963307
Random,SecurityLevel,0.1,29,219.707734615063
Random,SecurityLevel,0.1,30,212.717009181735
Random,SecurityLevel,0.1,31,210.151599284738
Random,SecurityLevel,0.1,32,208.573721163263
Random,SecurityLevel,0.1,33,203.444218419206
Random,SecurityLevel,0.1,34,212.888555206776
Random,SecurityLevel,0.1,35,202.594740076522
Random,SecurityLevel,0.1,36,211.361809572861
Random,SecurityLevel,0.1,37,211.263792998437
Random,SecurityLevel,0.1,38,204.324900049602
Random,SecurityLevel,0.1,39,204.843644770675
Random,SecurityLevel,0.1,40,206.742820735021
Random,SecurityLevel,0.1,41,204.017436547746
Random,SecurityLevel,0.1,42,219.172502936112
Random,SecurityLevel,0.1,43,219.797966623638
Random,SecurityLevel,0.1,44,217.021721154663
Random,SecurityLevel,0.1,45,207.621828684446
Random,SecurityLevel,0.1,46,201.290681043896
Random,SecurityLevel,0.1,47,204.853051370631
Random,SecurityLevel,0.1,48,204.381259149739
Random,SecurityLevel,0.1,49,206.395809162966
Random,SecurityLevel,0.1,50,203.702682246027
Random,SecurityLevel,0.1,51,210.634212948533
Random,SecurityLevel,0.1,52,212.594404098879
Random,SecurityLevel,0.1,53,207.154864012522
Random,SecurityLevel,0.1,54,200.856174351508
Random,SecurityLevel,0.1,55,207.367190840099
Random,SecurityLevel,0.1,56,209.668946415334
Random,SecurityLevel,0.1,57,208.755791697065
Random,SecurityLevel,0.1,58,207.523655056284
Random,SecurityLevel,0.1,59,203.991627995
Random,SecurityLevel,0.1,60,207.589181243872
Random,SecurityLevel,0.1,61,203.503681822045
Random,SecurityLevel,0.1,62,212.558875855226
Random,SecurityLevel,0.1,63,207.327096719471
Random,SecurityLevel,0.1,64,207.767118887025
Random,SecurityLevel,0.1,65,199.695172269377
Random,SecurityLevel,0.1,66,209.075986813117
Random,SecurityLevel,0.1,67,204.020234401672
Random,SecurityLevel,0.1,68,202.267979754387
Random,SecurityLevel,0.1,69,219.9163644875
Random,SecurityLevel,0.1,70,219.757764860213
Random,SecurityLevel,0.1,71,204.510846913393
Random,SecurityLevel,0.1,72,205.168239093733
Random,SecurityLevel,0.1,73,206.781909190846
Random,SecurityLevel,0.1,74,207.249815782733
Random,SecurityLevel,0.1,75,202.19937316142
Random,SecurityLevel,0.1,76,207.023720267923
Random,SecurityLevel,0.1,77,199.118828634526
Random,SecurityLevel,0.1,78,196.395804352029
Random,SecurityLevel,0.1,79,204.461101613895
Random,SecurityLevel,0.1,80,217.253395770369
Random,SecurityLevel,0.1,81,206.8345346969
Random,SecurityLevel,0.1,82,207.010880837427
Random,SecurityLevel,0.1,83,219.581388825812
Random,SecurityLevel,0.1,84,211.040022941246
Random,SecurityLevel,0.1,85,202.460376186874
Random,SecurityLevel,0.1,86,204.825496120212
Random,SecurityLevel,0.1,87,205.345626422758
Random,SecurityLevel,0.1,88,204.345833896413
Random,SecurityLevel,0.1,89,204.168902320572
Random,SecurityLevel,0.1,90,208.366864792978
Random,SecurityLevel,0.1,91,212.23744189081
Random,SecurityLevel,0.1,92,223.350051226885
Random,SecurityLevel,0.1,93,220.607359108859
Random,SecurityLevel,0.1,94,204.69569008666
Random,SecurityLevel,0.1,95,214.18547308406
Random,SecurityLevel,0.1,96,212.674348332122
Random,SecurityLevel,0.1,97,203.335052699105
Random,SecurityLevel,0.1,98,207.223294234365
Random,SecurityLevel,0.1,99,205.808041166017
Random,SecurityLevel,0.1,100,205.751662511834
Random,SecurityLevel,0.3,1,582.60466795091
Random,SecurityLevel,0.3,2,579.602043038522
Random,SecurityLevel,0.3,3,572.860275736939
Random,SecurityLevel,0.3,4,581.042421388961
Random,SecurityLevel,0.3,5,573.165219113652
Random,SecurityLevel,0.3,6,555.869643423978
Random,SecurityLevel,0.3,7,587.770807702665
Random,SecurityLevel,0.3,8,551.50133136435
Random,SecurityLevel,0.3,9,563.595628927522
Random,SecurityLevel,0.3,10,570.508028331673
Random,SecurityLevel,0.3,11,572.320843129148
Random,SecurityLevel,0.3,12,559.405246116457
Random,SecurityLevel,0.3,13,560.600044416025
Random,SecurityLevel,0.3,14,572.137121700622
Random,SecurityLevel,0.3,15,540.711068751622
Random,SecurityLevel,0.3,16,566.431615511854
Random,SecurityLevel,0.3,17,578.306551010394
Random,SecurityLevel,0.3,18,539.14392405339
Random,SecurityLevel,0.3,19,569.572930676301
Random,SecurityLevel,0.3,20,553.6166772522
Random,SecurityLevel,0.3,21,559.46758183036
Random,SecurityLevel,0.3,22,573.260294108471
Random,SecurityLevel,0.3,23,558.448501444702
Random,SecurityLevel,0.3,24,577.436491725257
Random,SecurityLevel,0.3,25,573.594700848863
Random,SecurityLevel,0.3,26,568.526116100819
Random,SecurityLevel,0.3,27,564.623964513609
Random,SecurityLevel,0.3,28,570.971343932194
Random,SecurityLevel,0.3,29,571.807330404738
Random,SecurityLevel,0.3,30,571.764431825913
Random,SecurityLevel,0.3,31,579.545582825039
Random,SecurityLevel,0.3,32,563.735394641692
Random,SecurityLevel,0.3,33,565.070155598688
Random,SecurityLevel,0.3,34,578.74619482688
Random,SecurityLevel,0.3,35,569.117288874261
Random,SecurityLevel,0.3,36,574.196485030862
Random,SecurityLevel,0.3,37,557.002679677191
Random,SecurityLevel,0.3,38,567.540047204075
Random,SecurityLevel,0.3,39,554.58942338236
Random,SecurityLevel,0.3,40,577.019560751953
Random,SecurityLevel,0.3,41,569.960163836311
Random,SecurityLevel,0.3,42,585.590689813262
Random,SecurityLevel,0.3,43,589.915685898984
Random,SecurityLevel,0.3,44,581.120380651709
Random,SecurityLevel,0.3,45,572.792911899352
Random,SecurityLevel,0.3,46,592.101519181494
Random,SecurityLevel,0.3,47,577.826237381368
Random,SecurityLevel,0.3,48,559.93880385552
Random,SecurityLevel,0.3,49,574.477666933954
Random,SecurityLevel,0.3,50,583.959392369983
Random,SecurityLevel,0.3,51,572.697921112714
Random,SecurityLevel,0.3,52,584.460607839348
Random,SecurityLevel,0.3,53,581.834464329588
Random,SecurityLevel,0.3,54,558.119599980815
Random,SecurityLevel,0.3,55,558.722606080647
Random,SecurityLevel,0.3,56,579.47339983872
Random,SecurityLevel,0.3,57,571.233118386961
Random,SecurityLevel,0.3,58,559.415723206497
Random,SecurityLevel,0.3,59,573.996953190628
Random,SecurityLevel,0.3,60,574.24358889255
Random,SecurityLevel,0.3,61,572.024546171397
Random,SecurityLevel,0.3,62,575.3158314899
Random,SecurityLevel,0.3,63,569.239200202475
Random,SecurityLevel,0.3,64,572.883016732843
Random,SecurityLevel,0.3,65,553.655025730063
Random,SecurityLevel,0.3,66,586.203518000713
Random,SecurityLevel,0.3,67,565.656539368535
Random,SecurityLevel,0.3,68,561.200864784379
Random,SecurityLevel,0.3,69,585.65334397862
Random,SecurityLevel,0.3,70,572.937545389179
Random,SecurityLevel,0.3,71,536.147199396681
Random,SecurityLevel,0.3,72,593.397965239809
Random,SecurityLevel,0.3,73,563.943100134229
Random,SecurityLevel,0.3,74,573.28459256085
Random,SecurityLevel,0.3,75,600.47612443563
Random,SecurityLevel,0.3,76,568.262224797452
Random,SecurityLevel,0.3,77,559.078836154708
Random,SecurityLevel,0.3,78,557.490281236656
Random,SecurityLevel,0.3,79,541.829458257564
Random,SecurityLevel,0.3,80,560.843768935771
Random,SecurityLevel,0.3,81,559.937420750744
Random,SecurityLevel,0.3,82,605.101045580093
Random,SecurityLevel,0.3,83,582.822168142491
Random,SecurityLevel,0.3,84,574.932717833144
Random,SecurityLevel,0.3,85,564.178604579669
Random,SecurityLevel,0.3,86,587.554996647041
Random,SecurityLevel,0.3,87,552.042315457896
Random,SecurityLevel,0.3,88,544.63124957784
Random,SecurityLevel,0.3,89,567.583226951007
Random,SecurityLevel,0.3,90,578.348312514629
Random,SecurityLevel,0.3,91,601.291060222151
Random,SecurityLevel,0.3,92,583.24037081854
Random,SecurityLevel,0.3,93,593.477506815774
Random,SecurityLevel,0.3,94,562.783992631154
Random,SecurityLevel,0.3,95,584.038539253481
Random,SecurityLevel,0.3,96,588.409494751607
Random,SecurityLevel,0.3,97,546.514809931186
Random,SecurityLevel,0.3,98,573.280101317169
Random,SecurityLevel,0.3,99,561.70402374774
Random,SecurityLevel,0.3,100,553.345368080146
Random,SecurityLevel,0.5,1,815.124037019488
Random,SecurityLevel,0.5,2,815.149912073365
Random,SecurityLevel,0.5,3,836.590891859609
Random,SecurityLevel,0.5,4,836.281598401679
Random,SecurityLevel,0.5,5,809.152320190779
Random,SecurityLevel,0.5,6,792.49532625578
Random,SecurityLevel,0.5,7,832.591698447107
Random,SecurityLevel,0.5,8,786.074430057557
Random,SecurityLevel,0.5,9,802.909550689951
Random,SecurityLevel,0.5,10,812.92991280071
Random,SecurityLevel,0.5,11,810.981893146482
Random,SecurityLevel,0.5,12,798.978013795766
Random,SecurityLevel,0.5,13,808.070820990389
Random,SecurityLevel,0.5,14,817.725681942917
Random,SecurityLevel,0.5,15,781.40890605605
Random,SecurityLevel,0.5,16,804.567158915207
Random,SecurityLevel,0.5,17,825.930420162398
Random,SecurityLevel,0.5,18,782.499837761279
Random,SecurityLevel,0.5,19,810.397561439945
Random,SecurityLevel,0.5,20,808.3506052686
Random,SecurityLevel,0.5,21,792.78112164294
Random,SecurityLevel,0.5,22,814.620494712715
Random,SecurityLevel,0.5,23,806.299831301214
Random,SecurityLevel,0.5,24,822.84211615569
Random,SecurityLevel,0.5,25,817.791656524357
Random,SecurityLevel,0.5,26,804.967364989849
Random,SecurityLevel,0.5,27,805.35926664351
Random,SecurityLevel,0.5,28,810.863355157702
Random,SecurityLevel,0.5,29,811.029973480775
Random,SecurityLevel,0.5,30,824.430545763362
Random,SecurityLevel,0.5,31,821.035465138565
Random,SecurityLevel,0.5,32,801.92580948691
Random,SecurityLevel,0.5,33,814.286942612632
Random,SecurityLevel,0.5,34,829.787714967872
Random,SecurityLevel,0.5,35,824.00702747121
Random,SecurityLevel,0.5,36,814.605639365347
Random,SecurityLevel,0.5,37,798.280183538709
Random,SecurityLevel,0.5,38,816.69793940496
Random,SecurityLevel,0.5,39,805.088733028294
Random,SecurityLevel,0.5,40,820.403559552936
Random,SecurityLevel,0.5,41,808.419862284458
Random,SecurityLevel,0.5,42,827.944758516919
Random,SecurityLevel,0.5,43,828.038215374249
Random,SecurityLevel,0.5,44,818.445432383121
Random,SecurityLevel,0.5,45,809.118645829567
Random,SecurityLevel,0.5,46,837.658593726459
Random,SecurityLevel,0.5,47,815.504109153345
Random,SecurityLevel,0.5,48,795.338232355074
Random,SecurityLevel,0.5,49,836.800540863813
Random,SecurityLevel,0.5,50,820.297510666357
Random,SecurityLevel,0.5,51,812.766430161556
Random,SecurityLevel,0.5,52,818.744832701798
Random,SecurityLevel,0.5,53,828.795413893952
Random,SecurityLevel,0.5,54,808.369930577601
Random,SecurityLevel,0.5,55,797.795880946492
Random,SecurityLevel,0.5,56,820.698288508901
Random,SecurityLevel,0.5,57,819.727797729336
Random,SecurityLevel,0.5,58,795.114364385296
Random,SecurityLevel,0.5,59,808.546617990516
Random,SecurityLevel,0.5,60,809.309483065069
Random,SecurityLevel,0.5,61,817.436215184762
Random,SecurityLevel,0.5,62,812.007468557918
Random,SecurityLevel,0.5,63,819.930960333236
Random,SecurityLevel,0.5,64,818.436367474111
Random,SecurityLevel,0.5,65,809.391011567127
Random,SecurityLevel,0.5,66,840.2013150016
Random,SecurityLevel,0.5,67,809.857895036881
Random,SecurityLevel,0.5,68,807.473105147908
Random,SecurityLevel,0.5,69,844.160628292051
Random,SecurityLevel,0.5,70,825.185830511694
Random,SecurityLevel,0.5,71,770.035919363341
Random,SecurityLevel,0.5,72,824.907147461302
Random,SecurityLevel,0.5,73,809.011501309647
Random,SecurityLevel,0.5,74,824.657104366356
Random,SecurityLevel,0.5,75,847.181468882902
Random,SecurityLevel,0.5,76,810.779183084102
Random,SecurityLevel,0.5,77,791.111771092091
Random,SecurityLevel,0.5,78,791.993417489032
Random,SecurityLevel,0.5,79,787.546947694498
Random,SecurityLevel,0.5,80,807.382189636077
Random,SecurityLevel,0.5,81,806.586311185409
Random,SecurityLevel,0.5,82,850.28237826829
Random,SecurityLevel,0.5,83,818.224255683683
Random,SecurityLevel,0.5,84,823.035861549451
Random,SecurityLevel,0.5,85,811.736968907245
Random,SecurityLevel,0.5,86,823.788121560032
Random,SecurityLevel,0.5,87,802.509783000616
Random,SecurityLevel,0.5,88,791.243099188928
Random,SecurityLevel,0.5,89,811.373084691263
Random,SecurityLevel,0.5,90,818.364311871558
Random,SecurityLevel,0.5,91,837.251140910019
Random,SecurityLevel,0.5,92,811.259904507438
Random,SecurityLevel,0.5,93,839.945204498716
Random,SecurityLevel,0.5,94,805.206098949239
Random,SecurityLevel,0.5,95,825.34333101995
Random,SecurityLevel,0.5,96,832.088823597474
Random,SecurityLevel,0.5,97,782.322324600588
Random,SecurityLevel,0.5,98,815.864345960592
Random,SecurityLevel,0.5,99,814.653272007958
Random,SecurityLevel,0.5,100,796.197111968236
Random,SecurityLevel,0.7,1,1013.91210412836
Random,SecurityLevel,0.7,2,1005.94277669675
Random,SecurityLevel,0.7,3,1036.99628558253
Random,SecurityLevel,0.7,4,1035.22085001695
Random,SecurityLevel,0.7,5,1014.37954702413
Random,SecurityLevel,0.7,6,997.237996810195
Random,SecurityLevel,0.7,7,1029.72617218411
Random,SecurityLevel,0.7,8,986.869370749798
Random,SecurityLevel,0.7,9,1000.42212987692
Random,SecurityLevel,0.7,10,1005.62822819143
Random,SecurityLevel,0.7,11,1006.01373188517
Random,SecurityLevel,0.7,12,1005.74858546421
Random,SecurityLevel,0.7,13,1012.42078683085
Random,SecurityLevel,0.7,14,1009.09757047618
Random,SecurityLevel,0.7,15,982.086391767135
Random,SecurityLevel,0.7,16,995.606967006446
Random,SecurityLevel,0.7,17,1022.12834438813
Random,SecurityLevel,0.7,18,975.044307810452
Random,SecurityLevel,0.7,19,1003.4904424226
Random,SecurityLevel,0.7,20,1020.28615176503
Random,SecurityLevel,0.7,21,993.219164998972
Random,SecurityLevel,0.7,22,1020.20177481193
Random,SecurityLevel,0.7,23,1003.11906934548
Random,SecurityLevel,0.7,24,1017.00383814932
Random,SecurityLevel,0.7,25,1017.1786144913
Random,SecurityLevel,0.7,26,995.915772798778
Random,SecurityLevel,0.7,27,995.958514995281
Random,SecurityLevel,0.7,28,1013.11759088848
Random,SecurityLevel,0.7,29,1001.8913955663
Random,SecurityLevel,0.7,30,1028.25730258576
Random,SecurityLevel,0.7,31,1012.16265054382
Random,SecurityLevel,0.7,32,1004.0012031517
Random,SecurityLevel,0.7,33,1007.31773037724
Random,SecurityLevel,0.7,34,1027.38943451428
Random,SecurityLevel,0.7,35,1017.37429699106
Random,SecurityLevel,0.7,36,1011.25737293691
Random,SecurityLevel,0.7,37,1001.92089977219
Random,SecurityLevel,0.7,38,1016.55500322907
Random,SecurityLevel,0.7,39,993.375380180331
Random,SecurityLevel,0.7,40,1013.83887103152
Random,SecurityLevel,0.7,41,1007.35914548291
Random,SecurityLevel,0.7,42,1024.84413973485
Random,SecurityLevel,0.7,43,1018.96632539188
Random,SecurityLevel,0.7,44,1010.9462539246
Random,SecurityLevel,0.7,45,1009.86643291259
Random,SecurityLevel,0.7,46,1038.84941577638
Random,SecurityLevel,0.7,47,1013.35298752181
Random,SecurityLevel,0.7,48,985.843431709859
Random,SecurityLevel,0.7,49,1030.69462723201
Random,SecurityLevel,0.7,50,1013.18862230995
Random,SecurityLevel,0.7,51,1015.67694345794
Random,SecurityLevel,0.7,52,1015.87526098073
Random,SecurityLevel,0.7,53,1019.05240464397
Random,SecurityLevel,0.7,54,999.258768377418
Random,SecurityLevel,0.7,55,991.741867899131
Random,SecurityLevel,0.7,56,1020.34691378643
Random,SecurityLevel,0.7,57,1031.91421198612
Random,SecurityLevel,0.7,58,998.026804102519
Random,SecurityLevel,0.7,59,1002.03959832711
Random,SecurityLevel,0.7,60,1006.12130197917
Random,SecurityLevel,0.7,61,1027.97165120227
Random,SecurityLevel,0.7,62,1012.1280024658
Random,SecurityLevel,0.7,63,1020.29203865267
Random,SecurityLevel,0.7,64,1022.30825809821
Random,SecurityLevel,0.7,65,1012.70087187363
Random,SecurityLevel,0.7,66,1048.11514671526
Random,SecurityLevel,0.7,67,1009.55913051822
Random,SecurityLevel,0.7,68,1011.02850357092
Random,SecurityLevel,0.7,69,1039.41277745638
Random,SecurityLevel,0.7,70,1016.14477888985
Random,SecurityLevel,0.7,71,967.997546056749
Random,SecurityLevel,0.7,72,1021.38534271962
Random,SecurityLevel,0.7,73,1013.96619357528
Random,SecurityLevel,0.7,74,1015.42591406451
Random,SecurityLevel,0.7,75,1045.55434398635
Random,SecurityLevel,0.7,76,998.672913182685
Random,SecurityLevel,0.7,77,987.190154844614
Random,SecurityLevel,0.7,78,1000.89383855838
Random,SecurityLevel,0.7,79,990.903158707479
Random,SecurityLevel,0.7,80,1004.45941898845
Random,SecurityLevel,0.7,81,1009.20203609146
Random,SecurityLevel,0.7,82,1043.43028516324
Random,SecurityLevel,0.7,83,1013.27629441244
Random,SecurityLevel,0.7,84,1013.31723087381
Random,SecurityLevel,0.7,85,1003.98435262407
Random,SecurityLevel,0.7,86,1020.03374461111
Random,SecurityLevel,0.7,87,991.989842311894
Random,SecurityLevel,0.7,88,992.392302640606
Random,SecurityLevel,0.7,89,1009.06854968581
Random,SecurityLevel,0.7,90,1022.74378284545
Random,SecurityLevel,0.7,91,1030.0181840495
Random,SecurityLevel,0.7,92,1008.33676024013
Random,SecurityLevel,0.7,93,1037.35719435178
Random,SecurityLevel,0.7,94,1010.99463305388
Random,SecurityLevel,0.7,95,1024.45175895272
Random,SecurityLevel,0.7,96,1017.4012184268
Random,SecurityLevel,0.7,97,995.840050965594
Random,SecurityLevel,0.7,98,1010.08464095016
Random,SecurityLevel,0.7,99,1019.13045405386
Random,SecurityLevel,0.7,100,990.256048314262
Random,Trust,0.1,1,182.411466792061
Random,Trust,0.1,2,173.587640292128
Random,Trust,0.1,3,203.715633834198
Random,Trust,0.1,4,198.684559450529
Random,Trust,0.1,5,176.723623121906
Random,Trust,0.1,6,184.317967481976
Random,Trust,0.1,7,203.295172638503
Random,Trust,0.1,8,166.77531820726
Random,Trust,0.1,9,174.822976884804
Random,Trust,0.1,10,184.833433504603
Random,Trust,0.1,11,174.090261208085
Random,Trust,0.1,12,181.91910953086
Random,Trust,0.1,13,181.564146753487
Random,Trust,0.1,14,192.357015094072
Random,Trust,0.1,15,156.881111783008
Random,Trust,0.1,16,192.055960327055
Random,Trust,0.1,17,183.62589199111
Random,Trust,0.1,18,166.365621617895
Random,Trust,0.1,19,178.052500218354
Random,Trust,0.1,20,178.97135041865
Random,Trust,0.1,21,173.787831957154
Random,Trust,0.1,22,178.24205465425
Random,Trust,0.1,23,179.034407605345
Random,Trust,0.1,24,180.897958032015
Random,Trust,0.1,25,191.573699111633
Random,Trust,0.1,26,174.395759685382
Random,Trust,0.1,27,181.525542837147
Random,Trust,0.1,28,182.286311727724
Random,Trust,0.1,29,164.972674679281
Random,Trust,0.1,30,191.916840041542
Random,Trust,0.1,31,193.714755776787
Random,Trust,0.1,32,180.896703700968
Random,Trust,0.1,33,176.321143283176
Random,Trust,0.1,34,185.382368870585
Random,Trust,0.1,35,210.627532411274
Random,Trust,0.1,36,179.059392734853
Random,Trust,0.1,37,192.555237970289
Random,Trust,0.1,38,180.967645064457
Random,Trust,0.1,39,169.684446489855
Random,Trust,0.1,40,201.426293413603
Random,Trust,0.1,41,170.426732670416
Random,Trust,0.1,42,183.867051720916
Random,Trust,0.1,43,187.014096771011
Random,Trust,0.1,44,185.884171025082
Random,Trust,0.1,45,181.276371480527
Random,Trust,0.1,46,197.974991675104
Random,Trust,0.1,47,187.038189794323
Random,Trust,0.1,48,159.005362201847
Random,Trust,0.1,49,200.152589534903
Random,Trust,0.1,50,196.656612353549
Random,Trust,0.1,51,185.028079256276
Random,Trust,0.1,52,195.040071039767
Random,Trust,0.1,53,191.434621604878
Random,Trust,0.1,54,179.981870647743
Random,Trust,0.1,55,189.763703188644
Random,Trust,0.1,56,187.481526264031
Random,Trust,0.1,57,193.967486185124
Random,Trust,0.1,58,176.154940713377
Random,Trust,0.1,59,190.492004642064
Random,Trust,0.1,60,194.346800827379
Random,Trust,0.1,61,175.512222210426
Random,Trust,0.1,62,175.870905082277
Random,Trust,0.1,63,189.165681046468
Random,Trust,0.1,64,194.239458608907
Random,Trust,0.1,65,182.710389235871
Random,Trust,0.1,66,207.512340463563
Random,Trust,0.1,67,193.849014292066
Random,Trust,0.1,68,179.285963724496
Random,Trust,0.1,69,193.60903868915
Random,Trust,0.1,70,196.32742175466
Random,Trust,0.1,71,156.655946412467
Random,Trust,0.1,72,192.415947917218
Random,Trust,0.1,73,169.067773236145
Random,Trust,0.1,74,183.225069812
Random,Trust,0.1,75,211.618741284047
Random,Trust,0.1,76,182.075287555855
Random,Trust,0.1,77,175.183585962714
Random,Trust,0.1,78,190.270154964386
Random,Trust,0.1,79,178.723013106164
Random,Trust,0.1,80,168.261379629994
Random,Trust,0.1,81,180.679678007121
Random,Trust,0.1,82,197.347276376176
Random,Trust,0.1,83,181.79576967967
Random,Trust,0.1,84,176.854269284745
Random,Trust,0.1,85,166.168608429394
Random,Trust,0.1,86,201.605155949004
Random,Trust,0.1,87,180.947528886253
Random,Trust,0.1,88,169.196304807985
Random,Trust,0.1,89,170.992869602146
Random,Trust,0.1,90,200.431849912615
Random,Trust,0.1,91,173.974598111948
Random,Trust,0.1,92,185.420636720637
Random,Trust,0.1,93,198.488076283685
Random,Trust,0.1,94,178.66560697673
Random,Trust,0.1,95,186.63861235418
Random,Trust,0.1,96,175.495526562245
Random,Trust,0.1,97,175.825626851295
Random,Trust,0.1,98,178.35392302034
Random,Trust,0.1,99,181.74974686028
Random,Trust,0.1,100,171.153857903982
Random,Trust,0.3,1,415.32948523156
Random,Trust,0.3,2,394.724568501407
Random,Trust,0.3,3,437.573319647334
Random,Trust,0.3,4,416.565287013212
Random,Trust,0.3,5,411.009778246603
Random,Trust,0.3,6,412.234859661645
Random,Trust,0.3,7,419.879863702353
Random,Trust,0.3,8,385.958687241846
Random,Trust,0.3,9,407.203350704713
Random,Trust,0.3,10,417.819683895308
Random,Trust,0.3,11,403.677282540813
Random,Trust,0.3,12,409.839931423278
Random,Trust,0.3,13,405.674077257434
Random,Trust,0.3,14,417.522148429367
Random,Trust,0.3,15,392.38991824513
Random,Trust,0.3,16,410.795108922645
Random,Trust,0.3,17,399.779243722499
Random,Trust,0.3,18,378.542570022438
Random,Trust,0.3,19,399.216106511763
Random,Trust,0.3,20,396.77660968625
Random,Trust,0.3,21,395.956814594366
Random,Trust,0.3,22,399.327083449554
Random,Trust,0.3,23,394.080042002095
Random,Trust,0.3,24,413.154380066651
Random,Trust,0.3,25,416.098065360766
Random,Trust,0.3,26,394.790130476584
Random,Trust,0.3,27,401.17499004351
Random,Trust,0.3,28,414.240983026697
Random,Trust,0.3,29,387.457849472782
Random,Trust,0.3,30,409.316752839067
Random,Trust,0.3,31,417.015780866913
Random,Trust,0.3,32,405.460173115543
Random,Trust,0.3,33,397.845121623127
Random,Trust,0.3,34,407.404926893855
Random,Trust,0.3,35,425.405892465673
Random,Trust,0.3,36,409.276691736384
Random,Trust,0.3,37,408.705099322069
Random,Trust,0.3,38,409.066755353534
Random,Trust,0.3,39,388.667509797075
Random,Trust,0.3,40,423.107559195947
Random,Trust,0.3,41,395.589534026391
Random,Trust,0.3,42,408.448919726242
Random,Trust,0.3,43,414.660368724912
Random,Trust,0.3,44,402.939574379832
Random,Trust,0.3,45,408.952467200963
Random,Trust,0.3,46,432.486330520055
Random,Trust,0.3,47,416.736139898729
Random,Trust,0.3,48,395.13408368671
Random,Trust,0.3,49,421.646095287618
Random,Trust,0.3,50,429.668381990266
Random,Trust,0.3,51,415.002613125384
Random,Trust,0.3,52,419.419759317321
Random,Trust,0.3,53,415.761644352672
Random,Trust,0.3,54,398.01418524444
Random,Trust,0.3,55,406.697514828573
Random,Trust,0.3,56,417.095184242964
Random,Trust,0.3,57,412.27199231567
Random,Trust,0.3,58,392.055070166984
Random,Trust,0.3,59,407.940315848793
Random,Trust,0.3,60,410.195189311382
Random,Trust,0.3,61,408.650371587973
Random,Trust,0.3,62,399.131226170902
Random,Trust,0.3,63,410.323845031323
Random,Trust,0.3,64,417.926507596965
Random,Trust,0.3,65,409.803557728342
Random,Trust,0.3,66,429.817397013833
Random,Trust,0.3,67,421.742282263299
Random,Trust,0.3,68,406.566889132036
Random,Trust,0.3,69,416.697168443855
Random,Trust,0.3,70,412.575302511211
Random,Trust,0.3,71,375.255111733604
Random,Trust,0.3,72,417.828438252839
Random,Trust,0.3,73,399.725060018119
Random,Trust,0.3,74,403.700016111067
Random,Trust,0.3,75,438.788167390282
Random,Trust,0.3,76,399.378885778757
Random,Trust,0.3,77,401.157022761327
Random,Trust,0.3,78,409.171451217751
Random,Trust,0.3,79,402.914075413149
Random,Trust,0.3,80,389.605342730732
Random,Trust,0.3,81,410.939733069533
Random,Trust,0.3,82,440.253168241225
Random,Trust,0.3,83,408.351220330639
Random,Trust,0.3,84,398.048989949582
Random,Trust,0.3,85,385.740906493655
Random,Trust,0.3,86,433.125145984042
Random,Trust,0.3,87,395.370167520649
Random,Trust,0.3,88,399.078141954955
Random,Trust,0.3,89,409.793016241502
Random,Trust,0.3,90,433.286664029374
Random,Trust,0.3,91,421.301166705661
Random,Trust,0.3,92,403.313932835477
Random,Trust,0.3,93,418.805038321268
Random,Trust,0.3,94,413.460781387202
Random,Trust,0.3,95,414.970111248565
Random,Trust,0.3,96,401.767508878195
Random,Trust,0.3,97,406.334202750192
Random,Trust,0.3,98,414.09395852161
Random,Trust,0.3,99,409.153144899869
Random,Trust,0.3,100,387.275035747236
Random,Trust,0.5,1,627.757837311012
Random,Trust,0.5,2,616.265858292487
Random,Trust,0.5,3,655.835906422666
Random,Trust,0.5,4,633.840071978116
Random,Trust,0.5,5,626.730536283369
Random,Trust,0.5,6,635.626010934331
Random,Trust,0.5,7,636.435020623205
Random,Trust,0.5,8,611.985796450358
Random,Trust,0.5,9,621.419920414005
Random,Trust,0.5,10,646.913362626696
Random,Trust,0.5,11,623.771317265302
Random,Trust,0.5,12,623.608146145301
Random,Trust,0.5,13,628.604927604651
Random,Trust,0.5,14,632.993904061611
Random,Trust,0.5,15,604.189018542521
Random,Trust,0.5,16,618.571836158258
Random,Trust,0.5,17,624.303531366892
Random,Trust,0.5,18,590.762197074156
Random,Trust,0.5,19,624.336777903976
Random,Trust,0.5,20,614.787481298996
Random,Trust,0.5,21,611.559879813043
Random,Trust,0.5,22,636.555656385791
Random,Trust,0.5,23,612.296981474927
Random,Trust,0.5,24,641.32904537821
Random,Trust,0.5,25,630.111349386104
Random,Trust,0.5,26,611.335867576691
Random,Trust,0.5,27,625.856182415817
Random,Trust,0.5,28,632.365279085724
Random,Trust,0.5,29,619.25831222067
Random,Trust,0.5,30,643.80114086964
Random,Trust,0.5,31,631.359997055208
Random,Trust,0.5,32,622.938775258264
Random,Trust,0.5,33,616.765594048593
Random,Trust,0.5,34,633.793715639604
Random,Trust,0.5,35,642.693202244555
Random,Trust,0.5,36,636.673103836997
Random,Trust,0.5,37,618.804850206898
Random,Trust,0.5,38,634.56000795448
Random,Trust,0.5,39,606.833213504045
Random,Trust,0.5,40,632.212146673183
Random,Trust,0.5,41,619.836664524652
Random,Trust,0.5,42,628.298978106291
Random,Trust,0.5,43,641.332941340413
Random,Trust,0.5,44,626.29851634325
Random,Trust,0.5,45,634.686418813324
Random,Trust,0.5,46,649.294131645415
Random,Trust,0.5,47,636.899277045072
Random,Trust,0.5,48,610.576648141939
Random,Trust,0.5,49,649.654836244684
Random,Trust,0.5,50,655.314369363434
Random,Trust,0.5,51,638.39843421963
Random,Trust,0.5,52,632.488282799201
Random,Trust,0.5,53,634.010019215077
Random,Trust,0.5,54,620.831467410408
Random,Trust,0.5,55,624.037517195316
Random,Trust,0.5,56,635.518499574001
Random,Trust,0.5,57,633.323957083604
Random,Trust,0.5,58,613.476163039421
Random,Trust,0.5,59,627.455974346713
Random,Trust,0.5,60,625.998246138801
Random,Trust,0.5,61,637.754126463385
Random,Trust,0.5,62,620.303166593907
Random,Trust,0.5,63,621.690689512907
Random,Trust,0.5,64,638.443561606598
Random,Trust,0.5,65,639.541374386124
Random,Trust,0.5,66,643.994867484822
Random,Trust,0.5,67,635.738851468368
Random,Trust,0.5,68,636.129410159937
Random,Trust,0.5,69,646.566724915676
Random,Trust,0.5,70,630.413019779372
Random,Trust,0.5,71,588.010572697157
Random,Trust,0.5,72,629.395337600028
Random,Trust,0.5,73,618.343364366184
Random,Trust,0.5,74,628.001337411943
Random,Trust,0.5,75,661.251996952283
Random,Trust,0.5,76,615.526815278158
Random,Trust,0.5,77,620.259523392648
Random,Trust,0.5,78,626.602191056323
Random,Trust,0.5,79,624.077608315773
Random,Trust,0.5,80,611.680815226689
Random,Trust,0.5,81,633.558316293747
Random,Trust,0.5,82,663.42891036473
Random,Trust,0.5,83,645.722236179681
Random,Trust,0.5,84,621.640628348991
Random,Trust,0.5,85,618.049816652865
Random,Trust,0.5,86,650.412928094905
Random,Trust,0.5,87,625.445414034493
Random,Trust,0.5,88,624.591754366304
Random,Trust,0.5,89,627.382313223324
Random,Trust,0.5,90,647.924565958705
Random,Trust,0.5,91,650.96996469934
Random,Trust,0.5,92,621.581375846289
Random,Trust,0.5,93,646.729162648004
Random,Trust,0.5,94,623.725136022783
Random,Trust,0.5,95,633.130410565425
Random,Trust,0.5,96,628.144642870573
Random,Trust,0.5,97,630.915084970846
Random,Trust,0.5,98,632.427569634568
Random,Trust,0.5,99,624.235615227043
Random,Trust,0.5,100,610.1565619601
Random,Trust,0.7,1,828.59518796091
Random,Trust,0.7,2,818.1601323064
Random,Trust,0.7,3,863.278842758332
Random,Trust,0.7,4,832.651342234451
Random,Trust,0.7,5,830.852275380571
Random,Trust,0.7,6,831.961836943367
Random,Trust,0.7,7,846.020372736906
Random,Trust,0.7,8,812.372730990148
Random,Trust,0.7,9,820.761104158802
Random,Trust,0.7,10,849.027566572595
Random,Trust,0.7,11,839.201395245751
Random,Trust,0.7,12,820.598672460128
Random,Trust,0.7,13,827.602389542718
Random,Trust,0.7,14,829.874678361314
Random,Trust,0.7,15,808.653034829963
Random,Trust,0.7,16,822.23525864463
Random,Trust,0.7,17,833.331194418611
Random,Trust,0.7,18,799.048813117715
Random,Trust,0.7,19,829.934123698088
Random,Trust,0.7,20,825.685455833681
Random,Trust,0.7,21,812.597502458173
Random,Trust,0.7,22,833.077628884292
Random,Trust,0.7,23,809.391227467102
Random,Trust,0.7,24,840.454885625945
Random,Trust,0.7,25,839.35924150777
Random,Trust,0.7,26,813.913926157193
Random,Trust,0.7,27,827.2607664294
Random,Trust,0.7,28,833.576445129306
Random,Trust,0.7,29,818.444848598706
Random,Trust,0.7,30,846.168705456446
Random,Trust,0.7,31,834.349095177782
Random,Trust,0.7,32,825.866561023416
Random,Trust,0.7,33,821.134553970911
Random,Trust,0.7,34,834.04461476573
Random,Trust,0.7,35,843.154974482362
Random,Trust,0.7,36,839.711490604174
Random,Trust,0.7,37,819.426044082843
Random,Trust,0.7,38,837.750083122168
Random,Trust,0.7,39,806.630627199614
Random,Trust,0.7,40,836.805500970741
Random,Trust,0.7,41,824.387944291738
Random,Trust,0.7,42,834.961104146631
Random,Trust,0.7,43,842.029413797748
Random,Trust,0.7,44,832.800315399261
Random,Trust,0.7,45,839.503635884921
Random,Trust,0.7,46,852.556136487671
Random,Trust,0.7,47,835.080255804736
Random,Trust,0.7,48,806.84473790695
Random,Trust,0.7,49,853.816138309573
Random,Trust,0.7,50,850.533975789411
Random,Trust,0.7,51,830.831259756659
Random,Trust,0.7,52,831.648340445062
Random,Trust,0.7,53,836.895598467954
Random,Trust,0.7,54,829.625601699321
Random,Trust,0.7,55,822.294125529372
Random,Trust,0.7,56,842.448954991557
Random,Trust,0.7,57,842.202917060453
Random,Trust,0.7,58,814.023216528631
Random,Trust,0.7,59,831.824569937944
Random,Trust,0.7,60,821.151998408811
Random,Trust,0.7,61,838.935169227266
Random,Trust,0.7,62,833.166041164539
Random,Trust,0.7,63,830.634700492471
Random,Trust,0.7,64,841.178749941932
Random,Trust,0.7,65,844.149641557624
Random,Trust,0.7,66,861.036644221561
Random,Trust,0.7,67,838.394925111988
Random,Trust,0.7,68,833.444239156158
Random,Trust,0.7,69,853.862005661116
Random,Trust,0.7,70,823.281481106844
Random,Trust,0.7,71,784.840613839842
Random,Trust,0.7,72,835.831346483199
Random,Trust,0.7,73,822.109386811126
Random,Trust,0.7,74,829.309695058561
Random,Trust,0.7,75,859.794272398789
Random,Trust,0.7,76,822.220507922998
Random,Trust,0.7,77,818.122396704475
Random,Trust,0.7,78,828.991818205297
Random,Trust,0.7,79,827.007963356302
Random,Trust,0.7,80,812.907187861542
Random,Trust,0.7,81,840.578001119774
Random,Trust,0.7,82,861.960087209239
Random,Trust,0.7,83,840.116349512946
Random,Trust,0.7,84,832.721622305051
Random,Trust,0.7,85,817.33386519977
Random,Trust,0.7,86,843.698795821248
Random,Trust,0.7,87,827.9942818794
Random,Trust,0.7,88,820.062792874093
Random,Trust,0.7,89,831.733939226056
Random,Trust,0.7,90,842.260339695659
Random,Trust,0.7,91,852.90830493787
Random,Trust,0.7,92,819.011922149845
Random,Trust,0.7,93,847.230895357634
Random,Trust,0.7,94,819.597133373409
Random,Trust,0.7,95,835.499179008792
Random,Trust,0.7,96,832.672149236447
Random,Trust,0.7,97,829.676563980507
Random,Trust,0.7,98,831.181248711292
Random,Trust,0.7,99,832.044002923509
Random,Trust,0.7,100,823.269658205191
Random,Degree,0.1,1,112.196432317861
Random,Degree,0.1,2,111.811971092449
Random,Degree,0.1,3,111.443520945756
Random,Degree,0.1,4,114.327086992971
Random,Degree,0.1,5,113.479936431478
Random,Degree,0.1,6,109.614609052754
Random,Degree,0.1,7,113.891735333358
Random,Degree,0.1,8,112.83031111724
Random,Degree,0.1,9,111.042912647416
Random,Degree,0.1,10,107.574287306454
Random,Degree,0.1,11,109.636746371396
Random,Degree,0.1,12,110.657154011614
Random,Degree,0.1,13,115.124630199678
Random,Degree,0.1,14,113.823057001073
Random,Degree,0.1,15,112.631156291806
Random,Degree,0.1,16,112.427085740231
Random,Degree,0.1,17,109.90266685142
Random,Degree,0.1,18,109.79886622092
Random,Degree,0.1,19,106.987745717479
Random,Degree,0.1,20,113.183696402786
Random,Degree,0.1,21,111.990576769955
Random,Degree,0.1,22,108.25461925755
Random,Degree,0.1,23,110.106311046937
Random,Degree,0.1,24,112.133898691504
Random,Degree,0.1,25,107.967659419629
Random,Degree,0.1,26,110.762136459349
Random,Degree,0.1,27,117.372612226098
Random,Degree,0.1,28,113.831523039875
Random,Degree,0.1,29,116.199057184967
Random,Degree,0.1,30,113.55931345761
Random,Degree,0.1,31,116.118389874578
Random,Degree,0.1,32,110.982735118138
Random,Degree,0.1,33,110.539812357773
Random,Degree,0.1,34,110.267943565984
Random,Degree,0.1,35,108.876057208098
Random,Degree,0.1,36,113.816545247782
Random,Degree,0.1,37,114.059121009965
Random,Degree,0.1,38,109.067706570936
Random,Degree,0.1,39,117.054888857094
Random,Degree,0.1,40,113.019712405692
Random,Degree,0.1,41,114.264543668762
Random,Degree,0.1,42,110.124524863075
Random,Degree,0.1,43,109.96243491691
Random,Degree,0.1,44,118.139614647684
Random,Degree,0.1,45,109.329228883377
Random,Degree,0.1,46,109.325856348631
Random,Degree,0.1,47,108.342039234262
Random,Degree,0.1,48,105.382841199165
Random,Degree,0.1,49,111.855225975822
Random,Degree,0.1,50,111.256351757078
Random,Degree,0.1,51,115.165938081437
Random,Degree,0.1,52,111.131748360549
Random,Degree,0.1,53,112.788417280426
Random,Degree,0.1,54,111.605171140728
Random,Degree,0.1,55,108.217195666654
Random,Degree,0.1,56,106.771568848397
Random,Degree,0.1,57,112.576824490233
Random,Degree,0.1,58,109.075687732128
Random,Degree,0.1,59,106.989103481915
Random,Degree,0.1,60,111.566670711291
Random,Degree,0.1,61,115.593152773861
Random,Degree,0.1,62,107.870757996344
Random,Degree,0.1,63,110.492021940616
Random,Degree,0.1,64,109.014169672214
Random,Degree,0.1,65,109.745164178607
Random,Degree,0.1,66,109.104353661405
Random,Degree,0.1,67,110.979446441143
Random,Degree,0.1,68,110.142446643792
Random,Degree,0.1,69,112.24698494299
Random,Degree,0.1,70,113.489529619848
Random,Degree,0.1,71,110.477655715245
Random,Degree,0.1,72,108.456871850544
Random,Degree,0.1,73,116.835530982732
Random,Degree,0.1,74,113.888783582439
Random,Degree,0.1,75,106.321076124571
Random,Degree,0.1,76,109.937331493984
Random,Degree,0.1,77,111.019162467849
Random,Degree,0.1,78,108.96118739692
Random,Degree,0.1,79,114.005593384906
Random,Degree,0.1,80,120.021290719448
Random,Degree,0.1,81,106.371711264279
Random,Degree,0.1,82,110.245847971023
Random,Degree,0.1,83,113.803183640503
Random,Degree,0.1,84,115.782850496731
Random,Degree,0.1,85,110.812707801123
Random,Degree,0.1,86,111.218866938571
Random,Degree,0.1,87,110.192057310228
Random,Degree,0.1,88,107.340805784773
Random,Degree,0.1,89,111.140042730042
Random,Degree,0.1,90,109.99871899466
Random,Degree,0.1,91,112.526840984964
Random,Degree,0.1,92,114.799468530034
Random,Degree,0.1,93,116.115148933504
Random,Degree,0.1,94,110.713280997687
Random,Degree,0.1,95,114.380649980204
Random,Degree,0.1,96,112.189484603468
Random,Degree,0.1,97,110.00644468815
Random,Degree,0.1,98,112.714208930106
Random,Degree,0.1,99,111.831414839621
Random,Degree,0.1,100,105.420461751343
Random,Degree,0.3,1,342.142737654907
Random,Degree,0.3,2,330.879455757855
Random,Degree,0.3,3,338.527284415838
Random,Degree,0.3,4,342.10878510417
Random,Degree,0.3,5,332.117776645739
Random,Degree,0.3,6,325.684480120911
Random,Degree,0.3,7,338.399847234836
Random,Degree,0.3,8,336.061808952253
Random,Degree,0.3,9,328.16157338807
Random,Degree,0.3,10,322.373072753708
Random,Degree,0.3,11,336.57691160541
Random,Degree,0.3,12,330.791697692741
Random,Degree,0.3,13,337.06969119537
Random,Degree,0.3,14,340.008116017293
Random,Degree,0.3,15,333.715792759316
Random,Degree,0.3,16,327.431353262053
Random,Degree,0.3,17,341.644059790779
Random,Degree,0.3,18,336.745874465225
Random,Degree,0.3,19,329.862903826403
Random,Degree,0.3,20,338.461039599838
Random,Degree,0.3,21,329.894851977926
Random,Degree,0.3,22,332.497853567686
Random,Degree,0.3,23,335.731943924421
Random,Degree,0.3,24,335.458273295002
Random,Degree,0.3,25,338.153397020978
Random,Degree,0.3,26,331.240546166022
Random,Degree,0.3,27,343.096339215023
Random,Degree,0.3,28,344.029834568785
Random,Degree,0.3,29,349.001091082191
Random,Degree,0.3,30,332.804326781344
Random,Degree,0.3,31,339.443485961893
Random,Degree,0.3,32,338.171435421606
Random,Degree,0.3,33,342.096444335808
Random,Degree,0.3,34,334.597034089425
Random,Degree,0.3,35,327.362962345945
Random,Degree,0.3,36,329.210566070285
Random,Degree,0.3,37,335.537586942828
Random,Degree,0.3,38,336.516368382303
Random,Degree,0.3,39,344.432399240083
Random,Degree,0.3,40,337.437224296944
Random,Degree,0.3,41,338.111205768023
Random,Degree,0.3,42,332.593873468081
Random,Degree,0.3,43,327.338741371841
Random,Degree,0.3,44,335.623324778925
Random,Degree,0.3,45,329.75148141255
Random,Degree,0.3,46,335.160239736672
Random,Degree,0.3,47,328.973855543128
Random,Degree,0.3,48,333.697058444043
Random,Degree,0.3,49,334.473048900745
Random,Degree,0.3,50,323.909488139958
Random,Degree,0.3,51,337.378529233948
Random,Degree,0.3,52,334.104996434329
Random,Degree,0.3,53,342.464210116988
Random,Degree,0.3,54,334.656509746528
Random,Degree,0.3,55,336.779406929975
Random,Degree,0.3,56,339.066515386456
Random,Degree,0.3,57,327.433358013641
Random,Degree,0.3,58,334.015035147483
Random,Degree,0.3,59,323.881291985292
Random,Degree,0.3,60,330.50495312788
Random,Degree,0.3,61,350.915410507737
Random,Degree,0.3,62,335.369369242907
Random,Degree,0.3,63,339.443120437023
Random,Degree,0.3,64,327.400313738453
Random,Degree,0.3,65,327.198872480962
Random,Degree,0.3,66,332.967272632064
Random,Degree,0.3,67,339.377403195995
Random,Degree,0.3,68,329.000664451352
Random,Degree,0.3,69,348.940656786067
Random,Degree,0.3,70,334.085832835802
Random,Degree,0.3,71,339.007385812971
Random,Degree,0.3,72,328.940169628051
Random,Degree,0.3,73,334.984121511137
Random,Degree,0.3,74,337.786778367347
Random,Degree,0.3,75,331.771019781897
Random,Degree,0.3,76,336.698896735023
Random,Degree,0.3,77,332.372445146429
Random,Degree,0.3,78,326.094651758918
Random,Degree,0.3,79,327.596956785501
Random,Degree,0.3,80,339.190172272188
Random,Degree,0.3,81,332.467485613736
Random,Degree,0.3,82,339.825439564878
Random,Degree,0.3,83,331.849038694563
Random,Degree,0.3,84,342.114607799581
Random,Degree,0.3,85,339.514685110364
Random,Degree,0.3,86,332.389163509025
Random,Degree,0.3,87,331.022103634849
Random,Degree,0.3,88,330.205717434928
Random,Degree,0.3,89,332.670866368577
Random,Degree,0.3,90,329.608767978548
Random,Degree,0.3,91,346.66684241905
Random,Degree,0.3,92,336.345833811632
Random,Degree,0.3,93,343.694902731766
Random,Degree,0.3,94,335.489727951548
Random,Degree,0.3,95,345.286261928117
Random,Degree,0.3,96,345.539582087776
Random,Degree,0.3,97,336.270705630431
Random,Degree,0.3,98,336.881724982651
Random,Degree,0.3,99,344.100741002984
Random,Degree,0.3,100,326.120816989144
Random,Degree,0.5,1,567.518010450743
Random,Degree,0.5,2,570.056216465935
Random,Degree,0.5,3,557.281085829718
Random,Degree,0.5,4,572.816481856949
Random,Degree,0.5,5,560.204656094636
Random,Degree,0.5,6,547.550251454564
Random,Degree,0.5,7,557.833288127554
Random,Degree,0.5,8,563.535698340165
Random,Degree,0.5,9,554.736224911173
Random,Degree,0.5,10,560.024712825167
Random,Degree,0.5,11,564.612061481582
Random,Degree,0.5,12,556.112763051933
Random,Degree,0.5,13,564.279029325385
Random,Degree,0.5,14,565.162924680751
Random,Degree,0.5,15,562.940730721437
Random,Degree,0.5,16,559.758050550078
Random,Degree,0.5,17,580.265910657819
Random,Degree,0.5,18,564.928007923012
Random,Degree,0.5,19,565.522736281087
Random,Degree,0.5,20,567.653568681106
Random,Degree,0.5,21,556.766081448892
Random,Degree,0.5,22,578.432263261059
Random,Degree,0.5,23,559.488551122697
Random,Degree,0.5,24,564.98144087019
Random,Degree,0.5,25,576.285661175844
Random,Degree,0.5,26,555.014564358501
Random,Degree,0.5,27,576.438726288091
Random,Degree,0.5,28,571.923950509019
Random,Degree,0.5,29,576.865860657213
Random,Degree,0.5,30,558.304231780854
Random,Degree,0.5,31,563.914610323818
Random,Degree,0.5,32,564.391000098699
Random,Degree,0.5,33,565.794045525049
Random,Degree,0.5,34,564.72971813539
Random,Degree,0.5,35,552.77133201115
Random,Degree,0.5,36,563.66843463638
Random,Degree,0.5,37,558.989674234668
Random,Degree,0.5,38,568.83331805024
Random,Degree,0.5,39,564.250098959381
Random,Degree,0.5,40,552.198115816269
Random,Degree,0.5,41,573.685254986348
Random,Degree,0.5,42,572.488425286513
Random,Degree,0.5,43,570.606377482586
Random,Degree,0.5,44,570.389275705202
Random,Degree,0.5,45,563.849698224976
Random,Degree,0.5,46,559.831766498396
Random,Degree,0.5,47,555.756094810143
Random,Degree,0.5,48,554.035769598058
Random,Degree,0.5,49,563.487844352604
Random,Degree,0.5,50,561.86493744033
Random,Degree,0.5,51,559.413413531647
Random,Degree,0.5,52,554.524935615261
Random,Degree,0.5,53,565.044486847633
Random,Degree,0.5,54,557.934210531776
Random,Degree,0.5,55,556.967542773674
Random,Degree,0.5,56,566.616254774465
Random,Degree,0.5,57,559.421485015967
Random,Degree,0.5,58,570.545242085051
Random,Degree,0.5,59,558.385275377458
Random,Degree,0.5,60,559.49449370663
Random,Degree,0.5,61,581.670559119367
Random,Degree,0.5,62,567.925326061162
Random,Degree,0.5,63,565.873386021234
Random,Degree,0.5,64,561.967553794065
Random,Degree,0.5,65,554.311600197874
Random,Degree,0.5,66,560.609969171251
Random,Degree,0.5,67,556.949210313159
Random,Degree,0.5,68,569.737755684641
Random,Degree,0.5,69,580.198149400295
Random,Degree,0.5,70,568.739494878931
Random,Degree,0.5,71,559.637341921589
Random,Degree,0.5,72,554.564926000255
Random,Degree,0.5,73,562.915336551069
Random,Degree,0.5,74,570.913569202753
Random,Degree,0.5,75,564.594240195125
Random,Degree,0.5,76,558.989986125246
Random,Degree,0.5,77,556.535329038065
Random,Degree,0.5,78,552.381859528295
Random,Degree,0.5,79,556.942421836713
Random,Degree,0.5,80,575.922367903041
Random,Degree,0.5,81,559.148970741179
Random,Degree,0.5,82,567.92691790734
Random,Degree,0.5,83,572.997090795112
Random,Degree,0.5,84,569.815155861166
Random,Degree,0.5,85,575.043486702245
Random,Degree,0.5,86,562.40457672687
Random,Degree,0.5,87,559.151802604653
Random,Degree,0.5,88,562.606653706339
Random,Degree,0.5,89,561.75110716561
Random,Degree,0.5,90,559.200782194711
Random,Degree,0.5,91,586.619240663581
Random,Degree,0.5,92,573.12189493183
Random,Degree,0.5,93,578.265984526169
Random,Degree,0.5,94,560.913214235495
Random,Degree,0.5,95,577.439003923778
Random,Degree,0.5,96,573.226858720909
Random,Degree,0.5,97,572.530895091628
Random,Degree,0.5,98,558.638709143341
Random,Degree,0.5,99,565.169193059425
Random,Degree,0.5,100,564.525839639194
Random,Degree,0.7,1,764.88429692865
Random,Degree,0.7,2,771.082701977733
Random,Degree,0.7,3,766.145027269717
Random,Degree,0.7,4,780.051675064785
Random,Degree,0.7,5,758.805704358254
Random,Degree,0.7,6,752.32551661907
Random,Degree,0.7,7,764.641926023212
Random,Degree,0.7,8,765.820708474109
Random,Degree,0.7,9,764.743173841001
Random,Degree,0.7,10,762.007413355118
Random,Degree,0.7,11,773.947672385591
Random,Degree,0.7,12,760.795663655237
Random,Degree,0.7,13,764.181555334373
Random,Degree,0.7,14,764.372332974543
Random,Degree,0.7,15,754.187689896644
Random,Degree,0.7,16,756.223930032717
Random,Degree,0.7,17,780.239534503739
Random,Degree,0.7,18,762.833829612539
Random,Degree,0.7,19,773.78081715606
Random,Degree,0.7,20,783.708706676369
Random,Degree,0.7,21,766.693905426467
Random,Degree,0.7,22,794.357129708948
Random,Degree,0.7,23,766.37093394583
Random,Degree,0.7,24,769.374178024729
Random,Degree,0.7,25,777.182577626146
Random,Degree,0.7,26,766.682995250441
Random,Degree,0.7,27,775.113159644983
Random,Degree,0.7,28,780.81186134081
Random,Degree,0.7,29,782.335827180324
Random,Degree,0.7,30,760.386085033674
Random,Degree,0.7,31,760.402940664477
Random,Degree,0.7,32,766.381729377784
Random,Degree,0.7,33,763.886085213178
Random,Degree,0.7,34,777.309257949751
Random,Degree,0.7,35,755.484855926074
Random,Degree,0.7,36,765.140938881616
Random,Degree,0.7,37,766.954029243587
Random,Degree,0.7,38,775.040930851934
Random,Degree,0.7,39,762.473346652552
Random,Degree,0.7,40,762.727952658042
Random,Degree,0.7,41,781.911272854101
Random,Degree,0.7,42,780.13422260108
Random,Degree,0.7,43,774.616783868399
Random,Degree,0.7,44,766.045366570396
Random,Degree,0.7,45,773.003404420891
Random,Degree,0.7,46,762.253742168882
Random,Degree,0.7,47,759.238683761214
Random,Degree,0.7,48,767.020587588602
Random,Degree,0.7,49,768.284432426383
Random,Degree,0.7,50,764.704974992236
Random,Degree,0.7,51,767.552132787655
Random,Degree,0.7,52,760.906738660926
Random,Degree,0.7,53,766.082711794934
Random,Degree,0.7,54,767.255916146908
Random,Degree,0.7,55,754.543731869917
Random,Degree,0.7,56,764.732976278209
Random,Degree,0.7,57,778.641041832009
Random,Degree,0.7,58,765.036124786904
Random,Degree,0.7,59,762.178119810967
Random,Degree,0.7,60,765.569412066103
Random,Degree,0.7,61,782.715526390102
Random,Degree,0.7,62,772.931517781718
Random,Degree,0.7,63,772.929809008462
Random,Degree,0.7,64,761.864866283047
Random,Degree,0.7,65,762.817160286671
Random,Degree,0.7,66,773.57473913621
Random,Degree,0.7,67,758.410993431272
Random,Degree,0.7,68,771.057355474648
Random,Degree,0.7,69,779.897068827783
Random,Degree,0.7,70,767.42998155283
Random,Degree,0.7,71,766.675762881131
Random,Degree,0.7,72,764.891150998277
Random,Degree,0.7,73,769.302179898184
Random,Degree,0.7,74,768.797725926117
Random,Degree,0.7,75,771.538377121922
Random,Degree,0.7,76,761.428224214644
Random,Degree,0.7,77,765.040458493616
Random,Degree,0.7,78,764.122196969508
Random,Degree,0.7,79,755.757499818297
Random,Degree,0.7,80,773.670986675908
Random,Degree,0.7,81,772.833798280121
Random,Degree,0.7,82,769.945712845442
Random,Degree,0.7,83,777.252489268222
Random,Degree,0.7,84,775.379912327264
Random,Degree,0.7,85,782.801936223313
Random,Degree,0.7,86,766.670854634217
Random,Degree,0.7,87,754.765001951763
Random,Degree,0.7,88,767.002472357074
Random,Degree,0.7,89,768.508073585378
Random,Degree,0.7,90,766.536478866893
Random,Degree,0.7,91,779.485410041705
Random,Degree,0.7,92,771.464672469276
Random,Degree,0.7,93,775.699140867153
Random,Degree,0.7,94,765.662422110231
Random,Degree,0.7,95,776.247427406283
Random,Degree,0.7,96,783.661836460463
Random,Degree,0.7,97,767.229578840756
Random,Degree,0.7,98,761.23229683935
Random,Degree,0.7,99,767.822949994028
Random,Degree,0.7,100,762.648184361909
Regular,SecurityLevel,0.1,1,243.182834868997
Regular,SecurityLevel,0.1,2,262.804223618727
Regular,SecurityLevel,0.1,3,259.913706116178
Regular,SecurityLevel,0.1,4,249.625966439354
Regular,SecurityLevel,0.1,5,246.218471380021
Regular,SecurityLevel,0.1,6,238.904483203416
Regular,SecurityLevel,0.1,7,234.200309452837
Regular,SecurityLevel,0.1,8,241.685961268151
Regular,SecurityLevel,0.1,9,237.421382032611
Regular,SecurityLevel,0.1,10,245.318366158656
Regular,SecurityLevel,0.1,11,247.500394973613
Regular,SecurityLevel,0.1,12,239.911042747841
Regular,SecurityLevel,0.1,13,256.796620438468
Regular,SecurityLevel,0.1,14,243.609939249145
Regular,SecurityLevel,0.1,15,238.402539482959
Regular,SecurityLevel,0.1,16,237.560587169255
Regular,SecurityLevel,0.1,17,245.419901902611
Regular,SecurityLevel,0.1,18,238.345854503686
Regular,SecurityLevel,0.1,19,251.468093043917
Regular,SecurityLevel,0.1,20,258.50706280317
Regular,SecurityLevel,0.1,21,239.689376757032
Regular,SecurityLevel,0.1,22,244.366493577228
Regular,SecurityLevel,0.1,23,236.093299538842
Regular,SecurityLevel,0.1,24,246.273339743502
Regular,SecurityLevel,0.1,25,242.181910395657
Regular,SecurityLevel,0.1,26,239.999399137229
Regular,SecurityLevel,0.1,27,245.285077559067
Regular,SecurityLevel,0.1,28,250.689342185581
Regular,SecurityLevel,0.1,29,233.797716068912
Regular,SecurityLevel,0.1,30,239.443586254907
Regular,SecurityLevel,0.1,31,233.971058743545
Regular,SecurityLevel,0.1,32,244.648615205942
Regular,SecurityLevel,0.1,33,246.884181472743
Regular,SecurityLevel,0.1,34,246.485215722804
Regular,SecurityLevel,0.1,35,252.708245227887
Regular,SecurityLevel,0.1,36,249.854298390088
Regular,SecurityLevel,0.1,37,250.369877455906
Regular,SecurityLevel,0.1,38,244.138198258141
Regular,SecurityLevel,0.1,39,237.545950859663
Regular,SecurityLevel,0.1,40,231.408144124061
Regular,SecurityLevel,0.1,41,250.697242619409
Regular,SecurityLevel,0.1,42,242.754441594258
Regular,SecurityLevel,0.1,43,231.472252363105
Regular,SecurityLevel,0.1,44,247.071923672001
Regular,SecurityLevel,0.1,45,236.950417658956
Regular,SecurityLevel,0.1,46,254.677551743839
Regular,SecurityLevel,0.1,47,240.146492216818
Regular,SecurityLevel,0.1,48,243.010828787005
Regular,SecurityLevel,0.1,49,237.129830719478
Regular,SecurityLevel,0.1,50,230.640349311219
Regular,SecurityLevel,0.1,51,240.89531484604
Regular,SecurityLevel,0.1,52,237.361751895908
Regular,SecurityLevel,0.1,53,233.837429538462
Regular,SecurityLevel,0.1,54,234.682589222286
Regular,SecurityLevel,0.1,55,238.494424783225
Regular,SecurityLevel,0.1,56,249.009140607819
Regular,SecurityLevel,0.1,57,245.550602308054
Regular,SecurityLevel,0.1,58,244.018616777576
Regular,SecurityLevel,0.1,59,254.178781445848
Regular,SecurityLevel,0.1,60,235.933166778384
Regular,SecurityLevel,0.1,61,240.151700942205
Regular,SecurityLevel,0.1,62,226.457288105686
Regular,SecurityLevel,0.1,63,237.911060026439
Regular,SecurityLevel,0.1,64,242.995859656209
Regular,SecurityLevel,0.1,65,250.598818676857
Regular,SecurityLevel,0.1,66,245.89901416893
Regular,SecurityLevel,0.1,67,269.058515632246
Regular,SecurityLevel,0.1,68,232.672643409938
Regular,SecurityLevel,0.1,69,249.562063126443
Regular,SecurityLevel,0.1,70,248.753357917908
Regular,SecurityLevel,0.1,71,258.240011662523
Regular,SecurityLevel,0.1,72,254.874784085343
Regular,SecurityLevel,0.1,73,237.003539437286
Regular,SecurityLevel,0.1,74,239.595378050794
Regular,SecurityLevel,0.1,75,250.386700706478
Regular,SecurityLevel,0.1,76,251.873263960517
Regular,SecurityLevel,0.1,77,250.35966638551
Regular,SecurityLevel,0.1,78,261.789939133007
Regular,SecurityLevel,0.1,79,245.372512983362
Regular,SecurityLevel,0.1,80,234.696927091919
Regular,SecurityLevel,0.1,81,240.651383863563
Regular,SecurityLevel,0.1,82,249.398430524804
Regular,SecurityLevel,0.1,83,239.701327848011
Regular,SecurityLevel,0.1,84,243.306257079303
Regular,SecurityLevel,0.1,85,251.562279051293
Regular,SecurityLevel,0.1,86,249.899838530581
Regular,SecurityLevel,0.1,87,234.543553063764
Regular,SecurityLevel,0.1,88,238.526114697317
Regular,SecurityLevel,0.1,89,249.263111334163
Regular,SecurityLevel,0.1,90,259.027323071683
Regular,SecurityLevel,0.1,91,237.569244052301
Regular,SecurityLevel,0.1,92,245.628735574261
Regular,SecurityLevel,0.1,93,247.854742236456
Regular,SecurityLevel,0.1,94,232.271343776149
Regular,SecurityLevel,0.1,95,262.878869066269
Regular,SecurityLevel,0.1,96,246.107121235021
Regular,SecurityLevel,0.1,97,252.39148587502
Regular,SecurityLevel,0.1,98,245.971096387298
Regular,SecurityLevel,0.1,99,238.466170145734
Regular,SecurityLevel,0.1,100,238.454589756396
Regular,SecurityLevel,0.3,1,563.080868056003
Regular,SecurityLevel,0.3,2,587.484961355524
Regular,SecurityLevel,0.3,3,582.638777868163
Regular,SecurityLevel,0.3,4,570.119753415255
Regular,SecurityLevel,0.3,5,563.914295898271
Regular,SecurityLevel,0.3,6,564.753719661301
Regular,SecurityLevel,0.3,7,546.245225938964
Regular,SecurityLevel,0.3,8,550.399618816567
Regular,SecurityLevel,0.3,9,573.091019596616
Regular,SecurityLevel,0.3,10,551.890877525993
Regular,SecurityLevel,0.3,11,579.780668255689
Regular,SecurityLevel,0.3,12,569.977865263959
Regular,SecurityLevel,0.3,13,575.687352627404
Regular,SecurityLevel,0.3,14,571.193636523191
Regular,SecurityLevel,0.3,15,558.631604453273
Regular,SecurityLevel,0.3,16,559.663959388914
Regular,SecurityLevel,0.3,17,554.191407173983
Regular,SecurityLevel,0.3,18,555.568029772104
Regular,SecurityLevel,0.3,19,565.172972940398
Regular,SecurityLevel,0.3,20,568.471090568205
Regular,SecurityLevel,0.3,21,561.302352383656
Regular,SecurityLevel,0.3,22,560.889995035981
Regular,SecurityLevel,0.3,23,558.762060086812
Regular,SecurityLevel,0.3,24,563.645533290637
Regular,SecurityLevel,0.3,25,558.028237668282
Regular,SecurityLevel,0.3,26,557.447619349064
Regular,SecurityLevel,0.3,27,562.835379023431
Regular,SecurityLevel,0.3,28,574.645204453163
Regular,SecurityLevel,0.3,29,541.246013526236
Regular,SecurityLevel,0.3,30,567.320350274077
Regular,SecurityLevel,0.3,31,544.155378722634
Regular,SecurityLevel,0.3,32,566.587221328321
Regular,SecurityLevel,0.3,33,569.055314855772
Regular,SecurityLevel,0.3,34,564.788497736543
Regular,SecurityLevel,0.3,35,568.783616334065
Regular,SecurityLevel,0.3,36,577.23594376351
Regular,SecurityLevel,0.3,37,570.730005361325
Regular,SecurityLevel,0.3,38,559.44523578451
Regular,SecurityLevel,0.3,39,561.368864868536
Regular,SecurityLevel,0.3,40,550.167987822629
Regular,SecurityLevel,0.3,41,559.86992010033
Regular,SecurityLevel,0.3,42,577.055078845934
Regular,SecurityLevel,0.3,43,561.464932226118
Regular,SecurityLevel,0.3,44,571.046852057339
Regular,SecurityLevel,0.3,45,553.60760767483
Regular,SecurityLevel,0.3,46,572.999867327123
Regular,SecurityLevel,0.3,47,539.470543808823
Regular,SecurityLevel,0.3,48,554.861828364272
Regular,SecurityLevel,0.3,49,559.45815765139
Regular,SecurityLevel,0.3,50,557.023744795096
Regular,SecurityLevel,0.3,51,562.659046903985
Regular,SecurityLevel,0.3,52,551.295063871295
Regular,SecurityLevel,0.3,53,552.003240248843
Regular,SecurityLevel,0.3,54,556.74330670829
Regular,SecurityLevel,0.3,55,562.60051858758
Regular,SecurityLevel,0.3,56,560.915275252172
Regular,SecurityLevel,0.3,57,566.904653272244
Regular,SecurityLevel,0.3,58,552.097988606546
Regular,SecurityLevel,0.3,59,576.363997110907
Regular,SecurityLevel,0.3,60,551.182632617376
Regular,SecurityLevel,0.3,61,560.683315116763
Regular,SecurityLevel,0.3,62,543.508623058719
Regular,SecurityLevel,0.3,63,557.384564065812
Regular,SecurityLevel,0.3,64,562.22197703835
Regular,SecurityLevel,0.3,65,567.155669132021
Regular,SecurityLevel,0.3,66,559.532001724927
Regular,SecurityLevel,0.3,67,599.851110314807
Regular,SecurityLevel,0.3,68,535.03253938465
Regular,SecurityLevel,0.3,69,572.327125821192
Regular,SecurityLevel,0.3,70,559.061851815229
Regular,SecurityLevel,0.3,71,583.047111428739
Regular,SecurityLevel,0.3,72,564.539710283205
Regular,SecurityLevel,0.3,73,547.732753892141
Regular,SecurityLevel,0.3,74,564.093925142487
Regular,SecurityLevel,0.3,75,575.953600315981
Regular,SecurityLevel,0.3,76,571.788885212959
Regular,SecurityLevel,0.3,77,574.447306572079
Regular,SecurityLevel,0.3,78,584.604864457698
Regular,SecurityLevel,0.3,79,566.27502009497
Regular,SecurityLevel,0.3,80,560.868869533579
Regular,SecurityLevel,0.3,81,559.46471293835
Regular,SecurityLevel,0.3,82,554.85909820608
Regular,SecurityLevel,0.3,83,568.036100072828
Regular,SecurityLevel,0.3,84,561.067535722525
Regular,SecurityLevel,0.3,85,574.431417691235
Regular,SecurityLevel,0.3,86,558.413712456211
Regular,SecurityLevel,0.3,87,542.981809700074
Regular,SecurityLevel,0.3,88,565.240754140683
Regular,SecurityLevel,0.3,89,559.873376421303
Regular,SecurityLevel,0.3,90,564.728930869934
Regular,SecurityLevel,0.3,91,552.628518590183
Regular,SecurityLevel,0.3,92,557.940903919832
Regular,SecurityLevel,0.3,93,564.521030807508
Regular,SecurityLevel,0.3,94,543.056635465217
Regular,SecurityLevel,0.3,95,585.998483287903
Regular,SecurityLevel,0.3,96,562.39194581723
Regular,SecurityLevel,0.3,97,560.697423917578
Regular,SecurityLevel,0.3,98,555.366863345814
Regular,SecurityLevel,0.3,99,550.118264811125
Regular,SecurityLevel,0.3,100,564.745571298557
Regular,SecurityLevel,0.5,1,790.843229267674
Regular,SecurityLevel,0.5,2,803.287920197396
Regular,SecurityLevel,0.5,3,806.47371714272
Regular,SecurityLevel,0.5,4,790.631936911981
Regular,SecurityLevel,0.5,5,787.890563406638
Regular,SecurityLevel,0.5,6,785.952220499187
Regular,SecurityLevel,0.5,7,767.146940518188
Regular,SecurityLevel,0.5,8,774.031536978164
Regular,SecurityLevel,0.5,9,806.090104547467
Regular,SecurityLevel,0.5,10,772.468918515787
Regular,SecurityLevel,0.5,11,798.437281061986
Regular,SecurityLevel,0.5,12,797.453531580744
Regular,SecurityLevel,0.5,13,793.917569179697
Regular,SecurityLevel,0.5,14,788.838383694861
Regular,SecurityLevel,0.5,15,783.174596834543
Regular,SecurityLevel,0.5,16,778.671517565483
Regular,SecurityLevel,0.5,17,779.316031216081
Regular,SecurityLevel,0.5,18,788.759683040907
Regular,SecurityLevel,0.5,19,785.964724582244
Regular,SecurityLevel,0.5,20,782.872727520042
Regular,SecurityLevel,0.5,21,780.622296647924
Regular,SecurityLevel,0.5,22,790.087110599963
Regular,SecurityLevel,0.5,23,776.76939729357
Regular,SecurityLevel,0.5,24,785.657445263618
Regular,SecurityLevel,0.5,25,770.292089335668
Regular,SecurityLevel,0.5,26,767.677370306184
Regular,SecurityLevel,0.5,27,781.857461481364
Regular,SecurityLevel,0.5,28,803.277644955479
Regular,SecurityLevel,0.5,29,776.650780109738
Regular,SecurityLevel,0.5,30,786.646153248902
Regular,SecurityLevel,0.5,31,764.707300535848
Regular,SecurityLevel,0.5,32,781.455609485286
Regular,SecurityLevel,0.5,33,787.804726193095
Regular,SecurityLevel,0.5,34,793.17078732543
Regular,SecurityLevel,0.5,35,789.915302544548
Regular,SecurityLevel,0.5,36,790.747688826645
Regular,SecurityLevel,0.5,37,788.810792837751
Regular,SecurityLevel,0.5,38,779.037900870689
Regular,SecurityLevel,0.5,39,780.345305594375
Regular,SecurityLevel,0.5,40,772.989678162507
Regular,SecurityLevel,0.5,41,788.483406710847
Regular,SecurityLevel,0.5,42,801.783417278788
Regular,SecurityLevel,0.5,43,783.820268312271
Regular,SecurityLevel,0.5,44,797.198371527045
Regular,SecurityLevel,0.5,45,766.725349876701
Regular,SecurityLevel,0.5,46,796.841139863457
Regular,SecurityLevel,0.5,47,788.081203089219
Regular,SecurityLevel,0.5,48,776.431116752854
Regular,SecurityLevel,0.5,49,786.267758635742
Regular,SecurityLevel,0.5,50,776.062830917924
Regular,SecurityLevel,0.5,51,787.628039931191
Regular,SecurityLevel,0.5,52,772.739379955213
Regular,SecurityLevel,0.5,53,776.157817165956
Regular,SecurityLevel,0.5,54,777.954099631222
Regular,SecurityLevel,0.5,55,788.604901018432
Regular,SecurityLevel,0.5,56,784.065568093732
Regular,SecurityLevel,0.5,57,805.952223563384
Regular,SecurityLevel,0.5,58,772.564159379102
Regular,SecurityLevel,0.5,59,800.013494522597
Regular,SecurityLevel,0.5,60,770.414736313256
Regular,SecurityLevel,0.5,61,781.917702437931
Regular,SecurityLevel,0.5,62,772.739434337978
Regular,SecurityLevel,0.5,63,776.735334407862
Regular,SecurityLevel,0.5,64,785.052563585166
Regular,SecurityLevel,0.5,65,787.847023185793
Regular,SecurityLevel,0.5,66,774.61270866066
Regular,SecurityLevel,0.5,67,814.375622012576
Regular,SecurityLevel,0.5,68,760.809379499604
Regular,SecurityLevel,0.5,69,786.813858807339
Regular,SecurityLevel,0.5,70,794.588461056703
Regular,SecurityLevel,0.5,71,804.855045784716
Regular,SecurityLevel,0.5,72,782.374964630994
Regular,SecurityLevel,0.5,73,770.947424972911
Regular,SecurityLevel,0.5,74,781.012319338383
Regular,SecurityLevel,0.5,75,795.892162706434
Regular,SecurityLevel,0.5,76,785.394798027965
Regular,SecurityLevel,0.5,77,794.119890811883
Regular,SecurityLevel,0.5,78,815.759113965071
Regular,SecurityLevel,0.5,79,783.542460272263
Regular,SecurityLevel,0.5,80,777.527912056171
Regular,SecurityLevel,0.5,81,777.371324001877
Regular,SecurityLevel,0.5,82,778.819585584915
Regular,SecurityLevel,0.5,83,802.912568370501
Regular,SecurityLevel,0.5,84,785.801593088189
Regular,SecurityLevel,0.5,85,804.597095185291
Regular,SecurityLevel,0.5,86,783.287794754499
Regular,SecurityLevel,0.5,87,767.975136872554
Regular,SecurityLevel,0.5,88,782.270303578965
Regular,SecurityLevel,0.5,89,790.085075764433
Regular,SecurityLevel,0.5,90,783.687325775828
Regular,SecurityLevel,0.5,91,777.485388075765
Regular,SecurityLevel,0.5,92,777.713816331777
Regular,SecurityLevel,0.5,93,788.656478317948
Regular,SecurityLevel,0.5,94,768.697813890968
Regular,SecurityLevel,0.5,95,806.498603610693
Regular,SecurityLevel,0.5,96,786.37321597665
Regular,SecurityLevel,0.5,97,788.505227900984
Regular,SecurityLevel,0.5,98,775.389440039104
Regular,SecurityLevel,0.5,99,768.954703237976
Regular,SecurityLevel,0.5,100,784.082677389862
Regular,SecurityLevel,0.7,1,960.866635015292
Regular,SecurityLevel,0.7,2,981.0081151312
Regular,SecurityLevel,0.7,3,982.334263414745
Regular,SecurityLevel,0.7,4,971.075837388559
Regular,SecurityLevel,0.7,5,961.242286014957
Regular,SecurityLevel,0.7,6,959.812583132695
Regular,SecurityLevel,0.7,7,942.298897917526
Regular,SecurityLevel,0.7,8,948.52362709462
Regular,SecurityLevel,0.7,9,974.656226788328
Regular,SecurityLevel,0.7,10,949.082869758034
Regular,SecurityLevel,0.7,11,972.552718126491
Regular,SecurityLevel,0.7,12,967.351273799363
Regular,SecurityLevel,0.7,13,965.437213508583
Regular,SecurityLevel,0.7,14,959.18361482267
Regular,SecurityLevel,0.7,15,957.869683352522
Regular,SecurityLevel,0.7,16,958.631759483479
Regular,SecurityLevel,0.7,17,951.294876954936
Regular,SecurityLevel,0.7,18,969.290483173437
Regular,SecurityLevel,0.7,19,968.177978702828
Regular,SecurityLevel,0.7,20,962.420269744827
Regular,SecurityLevel,0.7,21,953.462197167662
Regular,SecurityLevel,0.7,22,969.824100108618
Regular,SecurityLevel,0.7,23,945.610286892662
Regular,SecurityLevel,0.7,24,957.8274732379
Regular,SecurityLevel,0.7,25,945.137380168718
Regular,SecurityLevel,0.7,26,954.830372145281
Regular,SecurityLevel,0.7,27,954.058258012508
Regular,SecurityLevel,0.7,28,975.686794089552
Regular,SecurityLevel,0.7,29,947.560217657344
Regular,SecurityLevel,0.7,30,955.048885279503
Regular,SecurityLevel,0.7,31,942.63705135342
Regular,SecurityLevel,0.7,32,959.664053767536
Regular,SecurityLevel,0.7,33,962.26943550387
Regular,SecurityLevel,0.7,34,972.947745106898
Regular,SecurityLevel,0.7,35,964.58543964643
Regular,SecurityLevel,0.7,36,972.163998586871
Regular,SecurityLevel,0.7,37,970.593538301516
Regular,SecurityLevel,0.7,38,949.470045755413
Regular,SecurityLevel,0.7,39,955.698461452007
Regular,SecurityLevel,0.7,40,947.846560583165
Regular,SecurityLevel,0.7,41,963.709259275148
Regular,SecurityLevel,0.7,42,977.710357128536
Regular,SecurityLevel,0.7,43,958.855610053905
Regular,SecurityLevel,0.7,44,970.416139091906
Regular,SecurityLevel,0.7,45,947.749941173904
Regular,SecurityLevel,0.7,46,964.83587105212
Regular,SecurityLevel,0.7,47,963.106392461624
Regular,SecurityLevel,0.7,48,957.384715544136
Regular,SecurityLevel,0.7,49,957.77017309269
Regular,SecurityLevel,0.7,50,957.642393975065
Regular,SecurityLevel,0.7,51,960.207161518299
Regular,SecurityLevel,0.7,52,947.633258729423
Regular,SecurityLevel,0.7,53,956.88846229545
Regular,SecurityLevel,0.7,54,953.460159430586
Regular,SecurityLevel,0.7,55,962.513061829235
Regular,SecurityLevel,0.7,56,954.979242820591
Regular,SecurityLevel,0.7,57,977.541908295856
Regular,SecurityLevel,0.7,58,940.431695304489
Regular,SecurityLevel,0.7,59,969.667677511859
Regular,SecurityLevel,0.7,60,942.638391906692
Regular,SecurityLevel,0.7,61,959.073752298135
Regular,SecurityLevel,0.7,62,945.963291961345
Regular,SecurityLevel,0.7,63,958.741290915256
Regular,SecurityLevel,0.7,64,955.077950126354
Regular,SecurityLevel,0.7,65,961.663843691482
Regular,SecurityLevel,0.7,66,953.819738837679
Regular,SecurityLevel,0.7,67,982.192957836161
Regular,SecurityLevel,0.7,68,938.490050783624
Regular,SecurityLevel,0.7,69,960.045531126344
Regular,SecurityLevel,0.7,70,972.241434948821
Regular,SecurityLevel,0.7,71,987.399482905855
Regular,SecurityLevel,0.7,72,949.935540780814
Regular,SecurityLevel,0.7,73,952.290610131983
Regular,SecurityLevel,0.7,74,959.088577593346
Regular,SecurityLevel,0.7,75,963.866969369274
Regular,SecurityLevel,0.7,76,957.004331365407
Regular,SecurityLevel,0.7,77,964.086882810981
Regular,SecurityLevel,0.7,78,992.239153890419
Regular,SecurityLevel,0.7,79,961.454247046276
Regular,SecurityLevel,0.7,80,956.928763833935
Regular,SecurityLevel,0.7,81,947.704881622239
Regular,SecurityLevel,0.7,82,953.907195723437
Regular,SecurityLevel,0.7,83,971.107404445973
Regular,SecurityLevel,0.7,84,959.369503949056
Regular,SecurityLevel,0.7,85,973.601303007625
Regular,SecurityLevel,0.7,86,963.067569947593
Regular,SecurityLevel,0.7,87,946.850141281177
Regular,SecurityLevel,0.7,88,956.206669167401
Regular,SecurityLevel,0.7,89,964.940107255854
Regular,SecurityLevel,0.7,90,962.658573078487
Regular,SecurityLevel,0.7,91,959.578504230552
Regular,SecurityLevel,0.7,92,951.35764669957
Regular,SecurityLevel,0.7,93,966.830699732273
Regular,SecurityLevel,0.7,94,945.638468728761
Regular,SecurityLevel,0.7,95,977.72399009034
Regular,SecurityLevel,0.7,96,957.324352990433
Regular,SecurityLevel,0.7,97,966.816358145148
Regular,SecurityLevel,0.7,98,948.806183419774
Regular,SecurityLevel,0.7,99,942.343720037409
Regular,SecurityLevel,0.7,100,957.394657123837
Regular,Trust,0.1,1,126.892438828999
Regular,Trust,0.1,2,112.546173807117
Regular,Trust,0.1,3,137.015850279598
Regular,Trust,0.1,4,125.690950093056
Regular,Trust,0.1,5,120.561840626342
Regular,Trust,0.1,6,116.833937697716
Regular,Trust,0.1,7,112.868979526245
Regular,Trust,0.1,8,121.017408768173
Regular,Trust,0.1,9,125.517724691254
Regular,Trust,0.1,10,119.851820603154
Regular,Trust,0.1,11,121.904617538388
Regular,Trust,0.1,12,119.808497004483
Regular,Trust,0.1,13,120.739651779293
Regular,Trust,0.1,14,116.981000055436
Regular,Trust,0.1,15,127.956482210354
Regular,Trust,0.1,16,123.545508608203
Regular,Trust,0.1,17,118.048170262635
Regular,Trust,0.1,18,133.73483599218
Regular,Trust,0.1,19,134.513156689329
Regular,Trust,0.1,20,123.659758694129
Regular,Trust,0.1,21,115.916202602371
Regular,Trust,0.1,22,125.581823828429
Regular,Trust,0.1,23,118.212891389263
Regular,Trust,0.1,24,116.859609641941
Regular,Trust,0.1,25,120.036371914996
Regular,Trust,0.1,26,118.475210689139
Regular,Trust,0.1,27,119.25839252129
Regular,Trust,0.1,28,135.900582860637
Regular,Trust,0.1,29,114.555613937797
Regular,Trust,0.1,30,125.496421073354
Regular,Trust,0.1,31,114.795347142598
Regular,Trust,0.1,32,117.372348542703
Regular,Trust,0.1,33,121.435672730017
Regular,Trust,0.1,34,114.848146853716
Regular,Trust,0.1,35,123.086728241301
Regular,Trust,0.1,36,120.534630046474
Regular,Trust,0.1,37,134.236950550625
Regular,Trust,0.1,38,116.03672736432
Regular,Trust,0.1,39,125.407301144657
Regular,Trust,0.1,40,117.835680505291
Regular,Trust,0.1,41,125.816425419949
Regular,Trust,0.1,42,122.219159955621
Regular,Trust,0.1,43,111.135198072639
Regular,Trust,0.1,44,128.879590319273
Regular,Trust,0.1,45,119.152800897778
Regular,Trust,0.1,46,129.493168174438
Regular,Trust,0.1,47,123.447746005343
Regular,Trust,0.1,48,119.521375866859
Regular,Trust,0.1,49,121.580488914828
Regular,Trust,0.1,50,116.031823310132
Regular,Trust,0.1,51,126.066275676099
Regular,Trust,0.1,52,116.876034364032
Regular,Trust,0.1,53,119.093736798315
Regular,Trust,0.1,54,120.036835684148
Regular,Trust,0.1,55,124.627232740945
Regular,Trust,0.1,56,122.009822192125
Regular,Trust,0.1,57,136.444713558743
Regular,Trust,0.1,58,116.847326823569
Regular,Trust,0.1,59,128.874420279175
Regular,Trust,0.1,60,112.47283677204
Regular,Trust,0.1,61,119.343400382701
Regular,Trust,0.1,62,117.526400855323
Regular,Trust,0.1,63,118.32436791098
Regular,Trust,0.1,64,119.393099961233
Regular,Trust,0.1,65,118.492361267054
Regular,Trust,0.1,66,114.31503079805
Regular,Trust,0.1,67,126.311347744922
Regular,Trust,0.1,68,114.576299130396
Regular,Trust,0.1,69,119.455336477642
Regular,Trust,0.1,70,123.565628591343
Regular,Trust,0.1,71,132.727490350154
Regular,Trust,0.1,72,116.037434521852
Regular,Trust,0.1,73,134.699798913895
Regular,Trust,0.1,74,115.48387678064
Regular,Trust,0.1,75,114.735929428207
Regular,Trust,0.1,76,119.325160386197
Regular,Trust,0.1,77,131.42338521397
Regular,Trust,0.1,78,136.713038411699
Regular,Trust,0.1,79,128.914288417999
Regular,Trust,0.1,80,113.349714689205
Regular,Trust,0.1,81,123.727557366451
Regular,Trust,0.1,82,128.334496622742
Regular,Trust,0.1,83,118.995561660153
Regular,Trust,0.1,84,125.706417391096
Regular,Trust,0.1,85,119.307882544082
Regular,Trust,0.1,86,123.188790964613
Regular,Trust,0.1,87,130.589259292782
Regular,Trust,0.1,88,122.399603641091
Regular,Trust,0.1,89,120.361606018413
Regular,Trust,0.1,90,115.974695340573
Regular,Trust,0.1,91,124.326950524231
Regular,Trust,0.1,92,119.786481062564
Regular,Trust,0.1,93,127.761323573443
Regular,Trust,0.1,94,118.171775041481
Regular,Trust,0.1,95,141.751777679926
Regular,Trust,0.1,96,119.355364349976
Regular,Trust,0.1,97,128.9598482482
Regular,Trust,0.1,98,124.697967552075
Regular,Trust,0.1,99,112.627517207584
Regular,Trust,0.1,100,118.61524275131
Regular,Trust,0.3,1,379.848934599865
Regular,Trust,0.3,2,376.534905351526
Regular,Trust,0.3,3,399.223306214976
Regular,Trust,0.3,4,389.295269283221
Regular,Trust,0.3,5,374.941969240436
Regular,Trust,0.3,6,370.205349136077
Regular,Trust,0.3,7,368.004640960669
Regular,Trust,0.3,8,368.766698169779
Regular,Trust,0.3,9,384.16814016978
Regular,Trust,0.3,10,371.339188021305
Regular,Trust,0.3,11,369.626520783705
Regular,Trust,0.3,12,368.995832754384
Regular,Trust,0.3,13,372.598671311061
Regular,Trust,0.3,14,378.291454867758
Regular,Trust,0.3,15,381.541959396365
Regular,Trust,0.3,16,382.347541212001
Regular,Trust,0.3,17,378.901670015172
Regular,Trust,0.3,18,386.933943651062
Regular,Trust,0.3,19,388.386323111267
Regular,Trust,0.3,20,381.395254713746
Regular,Trust,0.3,21,383.140139726339
Regular,Trust,0.3,22,384.150454023048
Regular,Trust,0.3,23,370.873302356142
Regular,Trust,0.3,24,365.030167733751
Regular,Trust,0.3,25,379.730273407446
Regular,Trust,0.3,26,381.213912820894
Regular,Trust,0.3,27,387.883447905168
Regular,Trust,0.3,28,385.119958113805
Regular,Trust,0.3,29,366.961716434648
Regular,Trust,0.3,30,375.673102730333
Regular,Trust,0.3,31,364.209347782584
Regular,Trust,0.3,32,376.473283938303
Regular,Trust,0.3,33,387.558685715515
Regular,Trust,0.3,34,376.109496029193
Regular,Trust,0.3,35,378.258561999032
Regular,Trust,0.3,36,386.441268254619
Regular,Trust,0.3,37,388.342248790629
Regular,Trust,0.3,38,365.516574140898
Regular,Trust,0.3,39,378.210213453308
Regular,Trust,0.3,40,373.340772038612
Regular,Trust,0.3,41,382.490124759709
Regular,Trust,0.3,42,384.436076898558
Regular,Trust,0.3,43,353.214207717804
Regular,Trust,0.3,44,385.943762114035
Regular,Trust,0.3,45,364.235364648132
Regular,Trust,0.3,46,386.360008660011
Regular,Trust,0.3,47,384.843534716767
Regular,Trust,0.3,48,371.040032453226
Regular,Trust,0.3,49,371.503637083704
Regular,Trust,0.3,50,369.889054888231
Regular,Trust,0.3,51,381.323614617454
Regular,Trust,0.3,52,369.61805535463
Regular,Trust,0.3,53,377.46173207415
Regular,Trust,0.3,54,370.93317995994
Regular,Trust,0.3,55,385.837572439306
Regular,Trust,0.3,56,375.868316162951
Regular,Trust,0.3,57,386.826782276914
Regular,Trust,0.3,58,365.031727478091
Regular,Trust,0.3,59,389.470892105227
Regular,Trust,0.3,60,367.14899282391
Regular,Trust,0.3,61,375.110007297481
Regular,Trust,0.3,62,362.138084607508
Regular,Trust,0.3,63,375.044647940106
Regular,Trust,0.3,64,372.358898664577
Regular,Trust,0.3,65,371.757205361926
Regular,Trust,0.3,66,370.639154804658
Regular,Trust,0.3,67,382.330075844403
Regular,Trust,0.3,68,369.330190364009
Regular,Trust,0.3,69,372.979558277799
Regular,Trust,0.3,70,388.65850033461
Regular,Trust,0.3,71,387.644502435158
Regular,Trust,0.3,72,369.790405857677
Regular,Trust,0.3,73,387.435038992559
Regular,Trust,0.3,74,370.059309682048
Regular,Trust,0.3,75,377.661681329426
Regular,Trust,0.3,76,376.523253551475
Regular,Trust,0.3,77,382.618847867063
Regular,Trust,0.3,78,404.909894581166
Regular,Trust,0.3,79,376.450285007493
Regular,Trust,0.3,80,377.069165987544
Regular,Trust,0.3,81,375.077180347236
Regular,Trust,0.3,82,383.216981386795
Regular,Trust,0.3,83,388.777252312493
Regular,Trust,0.3,84,380.953248582074
Regular,Trust,0.3,85,374.227026767581
Regular,Trust,0.3,86,386.808049529702
Regular,Trust,0.3,87,381.706612344511
Regular,Trust,0.3,88,364.834287886025
Regular,Trust,0.3,89,373.923513152531
Regular,Trust,0.3,90,385.180073789548
Regular,Trust,0.3,91,377.735692301677
Regular,Trust,0.3,92,374.41790428769
Regular,Trust,0.3,93,383.945405583381
Regular,Trust,0.3,94,366.27532912483
Regular,Trust,0.3,95,398.991122619899
Regular,Trust,0.3,96,378.8700160214
Regular,Trust,0.3,97,394.521574466113
Regular,Trust,0.3,98,378.494594572982
Regular,Trust,0.3,99,364.047699440434
Regular,Trust,0.3,100,370.613254530591
Regular,Trust,0.5,1,586.046193378855
Regular,Trust,0.5,2,584.763556533312
Regular,Trust,0.5,3,608.888723254564
Regular,Trust,0.5,4,600.604361666116
Regular,Trust,0.5,5,588.207624517383
Regular,Trust,0.5,6,573.808613232181
Regular,Trust,0.5,7,575.567286438857
Regular,Trust,0.5,8,576.23743697302
Regular,Trust,0.5,9,594.775662220879
Regular,Trust,0.5,10,569.746010227982
Regular,Trust,0.5,11,582.931985063583
Regular,Trust,0.5,12,585.110051527022
Regular,Trust,0.5,13,573.674540638348
Regular,Trust,0.5,14,582.089939520327
Regular,Trust,0.5,15,589.137646492918
Regular,Trust,0.5,16,595.615329729279
Regular,Trust,0.5,17,586.974584468822
Regular,Trust,0.5,18,584.52610398517
Regular,Trust,0.5,19,597.029434153619
Regular,Trust,0.5,20,586.781814213125
Regular,Trust,0.5,21,583.744190884453
Regular,Trust,0.5,22,587.960380222165
Regular,Trust,0.5,23,582.558240034828
Regular,Trust,0.5,24,574.44100726847
Regular,Trust,0.5,25,579.487782986467
Regular,Trust,0.5,26,583.73015458102
Regular,Trust,0.5,27,585.601921752182
Regular,Trust,0.5,28,599.069607641114
Regular,Trust,0.5,29,569.480706637321
Regular,Trust,0.5,30,585.697213081022
Regular,Trust,0.5,31,577.045628366935
Regular,Trust,0.5,32,579.462794958499
Regular,Trust,0.5,33,595.152650294951
Regular,Trust,0.5,34,591.541002840796
Regular,Trust,0.5,35,587.248337708103
Regular,Trust,0.5,36,596.130215205777
Regular,Trust,0.5,37,591.071218807293
Regular,Trust,0.5,38,570.288534460884
Regular,Trust,0.5,39,582.934279924392
Regular,Trust,0.5,40,576.140653538523
Regular,Trust,0.5,41,585.484433793421
Regular,Trust,0.5,42,592.753641479824
Regular,Trust,0.5,43,560.952223574686
Regular,Trust,0.5,44,594.913785392358
Regular,Trust,0.5,45,569.46687491856
Regular,Trust,0.5,46,594.993431151081
Regular,Trust,0.5,47,593.900847506271
Regular,Trust,0.5,48,580.109765295163
Regular,Trust,0.5,49,589.647138924843
Regular,Trust,0.5,50,572.295622712154
Regular,Trust,0.5,51,585.582917594518
Regular,Trust,0.5,52,576.069993911577
Regular,Trust,0.5,53,582.905317386703
Regular,Trust,0.5,54,575.279928134603
Regular,Trust,0.5,55,590.961698662724
Regular,Trust,0.5,56,580.36781824106
Regular,Trust,0.5,57,607.209753492298
Regular,Trust,0.5,58,581.173231095051
Regular,Trust,0.5,59,596.279154291255
Regular,Trust,0.5,60,575.04919129142
Regular,Trust,0.5,61,580.703950909768
Regular,Trust,0.5,62,575.927182335278
Regular,Trust,0.5,63,593.633811201703
Regular,Trust,0.5,64,581.836328010116
Regular,Trust,0.5,65,583.495840552681
Regular,Trust,0.5,66,573.073694378244
Regular,Trust,0.5,67,583.264630728679
Regular,Trust,0.5,68,570.930587092163
Regular,Trust,0.5,69,582.380469274351
Regular,Trust,0.5,70,595.191962733247
Regular,Trust,0.5,71,588.082222777291
Regular,Trust,0.5,72,575.970912688908
Regular,Trust,0.5,73,594.427793586777
Regular,Trust,0.5,74,576.514401431664
Regular,Trust,0.5,75,581.448502930136
Regular,Trust,0.5,76,579.410781785465
Regular,Trust,0.5,77,587.005983136334
Regular,Trust,0.5,78,613.35485780462
Regular,Trust,0.5,79,579.782406000584
Regular,Trust,0.5,80,574.855897551021
Regular,Trust,0.5,81,583.917777281152
Regular,Trust,0.5,82,594.498986292661
Regular,Trust,0.5,83,593.165716104661
Regular,Trust,0.5,84,581.865679698564
Regular,Trust,0.5,85,574.945247794135
Regular,Trust,0.5,86,592.159573229137
Regular,Trust,0.5,87,590.127417630603
Regular,Trust,0.5,88,574.53019553517
Regular,Trust,0.5,89,582.21358987917
Regular,Trust,0.5,90,590.231085417324
Regular,Trust,0.5,91,587.610369303621
Regular,Trust,0.5,92,580.330431045894
Regular,Trust,0.5,93,594.582440735703
Regular,Trust,0.5,94,577.664276419258
Regular,Trust,0.5,95,600.79045209101
Regular,Trust,0.5,96,587.471181838145
Regular,Trust,0.5,97,590.989156618001
Regular,Trust,0.5,98,583.254491148098
Regular,Trust,0.5,99,570.968952539365
Regular,Trust,0.5,100,576.677727737501
Regular,Trust,0.7,1,796.492916121847
Regular,Trust,0.7,2,797.788783213758
Regular,Trust,0.7,3,817.078878945983
Regular,Trust,0.7,4,805.361988228298
Regular,Trust,0.7,5,794.047498653862
Regular,Trust,0.7,6,792.742788225797
Regular,Trust,0.7,7,785.663970848375
Regular,Trust,0.7,8,794.772228962248
Regular,Trust,0.7,9,801.659890688615
Regular,Trust,0.7,10,774.656401307315
Regular,Trust,0.7,11,800.632450840448
Regular,Trust,0.7,12,807.245594517903
Regular,Trust,0.7,13,798.735679006051
Regular,Trust,0.7,14,799.038901402104
Regular,Trust,0.7,15,799.341325559865
Regular,Trust,0.7,16,800.566328516363
Regular,Trust,0.7,17,803.274430030978
Regular,Trust,0.7,18,797.06941457219
Regular,Trust,0.7,19,806.639948541165
Regular,Trust,0.7,20,794.049677059372
Regular,Trust,0.7,21,793.935874681805
Regular,Trust,0.7,22,806.368319756136
Regular,Trust,0.7,23,791.127011304993
Regular,Trust,0.7,24,792.482155919175
Regular,Trust,0.7,25,788.386796100232
Regular,Trust,0.7,26,789.940594844599
Regular,Trust,0.7,27,786.578909246269
Regular,Trust,0.7,28,811.914602841334
Regular,Trust,0.7,29,783.910054331475
Regular,Trust,0.7,30,801.423600859215
Regular,Trust,0.7,31,784.156866618613
Regular,Trust,0.7,32,794.992225681851
Regular,Trust,0.7,33,806.567826191734
Regular,Trust,0.7,34,808.14541494635
Regular,Trust,0.7,35,803.051077022855
Regular,Trust,0.7,36,810.202813885437
Regular,Trust,0.7,37,804.75559313149
Regular,Trust,0.7,38,785.313378178461
Regular,Trust,0.7,39,790.202512841209
Regular,Trust,0.7,40,784.239754108441
Regular,Trust,0.7,41,791.008190529415
Regular,Trust,0.7,42,806.968590537932
Regular,Trust,0.7,43,775.498785146033
Regular,Trust,0.7,44,804.876490475568
Regular,Trust,0.7,45,779.859497891824
Regular,Trust,0.7,46,802.588825422918
Regular,Trust,0.7,47,805.978990202839
Regular,Trust,0.7,48,792.138399948258
Regular,Trust,0.7,49,795.830375630112
Regular,Trust,0.7,50,791.913123243942
Regular,Trust,0.7,51,792.940215442591
Regular,Trust,0.7,52,800.379810304414
Regular,Trust,0.7,53,794.015153961452
Regular,Trust,0.7,54,788.031200927762
Regular,Trust,0.7,55,799.955607591916
Regular,Trust,0.7,56,788.167567197882
Regular,Trust,0.7,57,814.01509707359
Regular,Trust,0.7,58,793.356064149906
Regular,Trust,0.7,59,811.157280753372
Regular,Trust,0.7,60,780.208644268501
Regular,Trust,0.7,61,797.582169684594
Regular,Trust,0.7,62,793.187075384189
Regular,Trust,0.7,63,806.412014247277
Regular,Trust,0.7,64,797.888182140514
Regular,Trust,0.7,65,793.409819556401
Regular,Trust,0.7,66,794.740102863358
Regular,Trust,0.7,67,819.217882754282
Regular,Trust,0.7,68,774.823780503
Regular,Trust,0.7,69,793.687952183505
Regular,Trust,0.7,70,808.363883918328
Regular,Trust,0.7,71,811.080351715255
Regular,Trust,0.7,72,787.331911305137
Regular,Trust,0.7,73,804.863043216674
Regular,Trust,0.7,74,786.99929288955
Regular,Trust,0.7,75,790.244630768639
Regular,Trust,0.7,76,786.795430063038
Regular,Trust,0.7,77,793.786102199231
Regular,Trust,0.7,78,829.035238575288
Regular,Trust,0.7,79,792.033935149247
Regular,Trust,0.7,80,784.713230503376
Regular,Trust,0.7,81,786.979205667928
Regular,Trust,0.7,82,803.988299643101
Regular,Trust,0.7,83,802.161572356788
Regular,Trust,0.7,84,798.021856854768
Regular,Trust,0.7,85,801.984382492172
Regular,Trust,0.7,86,806.963627019013
Regular,Trust,0.7,87,793.274663938445
Regular,Trust,0.7,88,790.792631459799
Regular,Trust,0.7,89,797.705707584632
Regular,Trust,0.7,90,794.481837470239
Regular,Trust,0.7,91,807.874475047662
Regular,Trust,0.7,92,789.170182897082
Regular,Trust,0.7,93,799.119347179421
Regular,Trust,0.7,94,785.211836032219
Regular,Trust,0.7,95,821.914549260896
Regular,Trust,0.7,96,795.285467534787
Regular,Trust,0.7,97,806.439714069303
Regular,Trust,0.7,98,789.896226302111
Regular,Trust,0.7,99,773.404600396224
Regular,Trust,0.7,100,792.633577568422
Regular,Degree,0.1,1,94.8061112239388
Regular,Degree,0.1,2,94.395970969299
Regular,Degree,0.1,3,90.1543527173714
Regular,Degree,0.1,4,92.7895303954956
Regular,Degree,0.1,5,89.5471636946709
Regular,Degree,0.1,6,93.2229248068253
Regular,Degree,0.1,7,90.1065213303075
Regular,Degree,0.1,8,89.9203330185829
Regular,Degree,0.1,9,87.9580073751378
Regular,Degree,0.1,10,94.6469956499499
Regular,Degree,0.1,11,89.9235334821303
Regular,Degree,0.1,12,88.469213913284
Regular,Degree,0.1,13,93.7521873490292
Regular,Degree,0.1,14,91.6789129838689
Regular,Degree,0.1,15,89.350351723345
Regular,Degree,0.1,16,94.1882776226557
Regular,Degree,0.1,17,92.5320227282728
Regular,Degree,0.1,18,92.5338926777078
Regular,Degree,0.1,19,89.6621460704094
Regular,Degree,0.1,20,89.1973331746082
Regular,Degree,0.1,21,91.5967369383425
Regular,Degree,0.1,22,91.2414207678945
Regular,Degree,0.1,23,89.4281731427243
Regular,Degree,0.1,24,90.6518578867697
Regular,Degree,0.1,25,95.1670341435071
Regular,Degree,0.1,26,89.1569374490932
Regular,Degree,0.1,27,91.9341665590395
Regular,Degree,0.1,28,93.7221998471217
Regular,Degree,0.1,29,95.3329992204729
Regular,Degree,0.1,30,87.4595312556114
Regular,Degree,0.1,31,93.6733236706409
Regular,Degree,0.1,32,93.756239537359
Regular,Degree,0.1,33,89.0828910643199
Regular,Degree,0.1,34,103.085651487687
Regular,Degree,0.1,35,91.3322028203884
Regular,Degree,0.1,36,93.4307234038493
Regular,Degree,0.1,37,89.626155820149
Regular,Degree,0.1,38,90.2630899279562
Regular,Degree,0.1,39,92.7328000857972
Regular,Degree,0.1,40,88.8283644803201
Regular,Degree,0.1,41,93.0407413179791
Regular,Degree,0.1,42,92.0325258544756
Regular,Degree,0.1,43,96.8703981125565
Regular,Degree,0.1,44,88.0472571398983
Regular,Degree,0.1,45,93.364230334788
Regular,Degree,0.1,46,90.9946886107378
Regular,Degree,0.1,47,93.479884955635
Regular,Degree,0.1,48,95.7313002895084
Regular,Degree,0.1,49,95.5945384107914
Regular,Degree,0.1,50,91.2656027382444
Regular,Degree,0.1,51,90.5440385223348
Regular,Degree,0.1,52,91.5178343763932
Regular,Degree,0.1,53,99.3764595792358
Regular,Degree,0.1,54,89.7113509964675
Regular,Degree,0.1,55,99.7750881982266
Regular,Degree,0.1,56,89.2674368598497
Regular,Degree,0.1,57,91.2583891885885
Regular,Degree,0.1,58,90.3077115807363
Regular,Degree,0.1,59,90.1330115337043
Regular,Degree,0.1,60,94.2524966909486
Regular,Degree,0.1,61,91.134690759741
Regular,Degree,0.1,62,96.9009590537611
Regular,Degree,0.1,63,91.3608761342126
Regular,Degree,0.1,64,88.3321030782382
Regular,Degree,0.1,65,89.3357033817233
Regular,Degree,0.1,66,88.7716611286338
Regular,Degree,0.1,67,85.8711553793983
Regular,Degree,0.1,68,93.521321565696
Regular,Degree,0.1,69,90.3077580831346
Regular,Degree,0.1,70,88.6708182639296
Regular,Degree,0.1,71,90.9958019172624
Regular,Degree,0.1,72,90.4531628874953
Regular,Degree,0.1,73,86.445248269805
Regular,Degree,0.1,74,92.380846823773
Regular,Degree,0.1,75,93.078016729872
Regular,Degree,0.1,76,92.1842930358885
Regular,Degree,0.1,77,92.7257051918031
Regular,Degree,0.1,78,92.8973449804741
Regular,Degree,0.1,79,87.5152200738359
Regular,Degree,0.1,80,96.8811204163319
Regular,Degree,0.1,81,88.3529961250962
Regular,Degree,0.1,82,87.4963398135023
Regular,Degree,0.1,83,96.4563628836964
Regular,Degree,0.1,84,87.4232186101683
Regular,Degree,0.1,85,89.4885943777161
Regular,Degree,0.1,86,93.1685467567099
Regular,Degree,0.1,87,90.8163960400426
Regular,Degree,0.1,88,91.2225760793452
Regular,Degree,0.1,89,92.003474416278
Regular,Degree,0.1,90,94.798581217205
Regular,Degree,0.1,91,92.2686774767695
Regular,Degree,0.1,92,90.0015244355841
Regular,Degree,0.1,93,90.679432552369
Regular,Degree,0.1,94,100.509576582098
Regular,Degree,0.1,95,90.0183977171397
Regular,Degree,0.1,96,89.8846122389141
Regular,Degree,0.1,97,86.2974535138839
Regular,Degree,0.1,98,92.3224128477698
Regular,Degree,0.1,99,92.6788501902344
Regular,Degree,0.1,100,93.9400290067942
Regular,Degree,0.3,1,323.528678426918
Regular,Degree,0.3,2,335.870413905568
Regular,Degree,0.3,3,318.052019641947
Regular,Degree,0.3,4,320.020759468234
Regular,Degree,0.3,5,326.142390972844
Regular,Degree,0.3,6,325.612664965972
Regular,Degree,0.3,7,315.022971329212
Regular,Degree,0.3,8,316.935656932205
Regular,Degree,0.3,9,316.448165025318
Regular,Degree,0.3,10,313.305159352041
Regular,Degree,0.3,11,320.36994632698
Regular,Degree,0.3,12,316.553301683698
Regular,Degree,0.3,13,327.267297517808
Regular,Degree,0.3,14,320.167098557728
Regular,Degree,0.3,15,317.992808570025
Regular,Degree,0.3,16,321.185108103512
Regular,Degree,0.3,17,327.148283390081
Regular,Degree,0.3,18,316.71353277881
Regular,Degree,0.3,19,325.634790712741
Regular,Degree,0.3,20,321.374958655786
Regular,Degree,0.3,21,326.042695429705
Regular,Degree,0.3,22,321.052071390007
Regular,Degree,0.3,23,318.150797561041
Regular,Degree,0.3,24,322.048411877362
Regular,Degree,0.3,25,323.003468536801
Regular,Degree,0.3,26,325.24927789991
Regular,Degree,0.3,27,321.360658763816
Regular,Degree,0.3,28,324.508657145429
Regular,Degree,0.3,29,318.174442216573
Regular,Degree,0.3,30,321.045590586143
Regular,Degree,0.3,31,317.73276561172
Regular,Degree,0.3,32,324.77617317856
Regular,Degree,0.3,33,316.673221413264
Regular,Degree,0.3,34,331.506636117593
Regular,Degree,0.3,35,320.358900314212
Regular,Degree,0.3,36,323.211654817565
Regular,Degree,0.3,37,317.552662927595
Regular,Degree,0.3,38,317.805078731733
Regular,Degree,0.3,39,327.56194210849
Regular,Degree,0.3,40,311.451579814989
Regular,Degree,0.3,41,318.993553507693
Regular,Degree,0.3,42,322.038095263197
Regular,Degree,0.3,43,327.501789133175
Regular,Degree,0.3,44,320.189056526701
Regular,Degree,0.3,45,319.173072841028
Regular,Degree,0.3,46,331.022872629365
Regular,Degree,0.3,47,320.928230665133
Regular,Degree,0.3,48,320.641711759673
Regular,Degree,0.3,49,326.197981539963
Regular,Degree,0.3,50,324.343353227337
Regular,Degree,0.3,51,320.920377259885
Regular,Degree,0.3,52,317.237868464261
Regular,Degree,0.3,53,326.901641780132
Regular,Degree,0.3,54,314.196139612379
Regular,Degree,0.3,55,327.994440014472
Regular,Degree,0.3,56,322.838011699872
Regular,Degree,0.3,57,323.066970075611
Regular,Degree,0.3,58,322.983897007438
Regular,Degree,0.3,59,325.234945776152
Regular,Degree,0.3,60,325.757518804294
Regular,Degree,0.3,61,321.556103675658
Regular,Degree,0.3,62,321.085017916477
Regular,Degree,0.3,63,324.783096175141
Regular,Degree,0.3,64,317.683564431455
Regular,Degree,0.3,65,316.948821510108
Regular,Degree,0.3,66,313.137442155299
Regular,Degree,0.3,67,320.68583820991
Regular,Degree,0.3,68,319.18352290256
Regular,Degree,0.3,69,322.677184381235
Regular,Degree,0.3,70,315.352702850359
Regular,Degree,0.3,71,320.569867796222
Regular,Degree,0.3,72,320.808897278882
Regular,Degree,0.3,73,310.040366267376
Regular,Degree,0.3,74,322.487299972758
Regular,Degree,0.3,75,321.665318451084
Regular,Degree,0.3,76,325.618350372807
Regular,Degree,0.3,77,316.600232118086
Regular,Degree,0.3,78,323.608135541642
Regular,Degree,0.3,79,313.978988931329
Regular,Degree,0.3,80,326.355658865368
Regular,Degree,0.3,81,318.84786541315
Regular,Degree,0.3,82,314.967356865619
Regular,Degree,0.3,83,328.374465299487
Regular,Degree,0.3,84,315.324927865126
Regular,Degree,0.3,85,314.363268987256
Regular,Degree,0.3,86,325.626656921339
Regular,Degree,0.3,87,315.543257333598
Regular,Degree,0.3,88,319.698965748947
Regular,Degree,0.3,89,317.667058075734
Regular,Degree,0.3,90,325.959519935073
Regular,Degree,0.3,91,322.469922859941
Regular,Degree,0.3,92,316.383291843441
Regular,Degree,0.3,93,323.289916702264
Regular,Degree,0.3,94,328.145239568572
Regular,Degree,0.3,95,323.372507500062
Regular,Degree,0.3,96,323.509595827184
Regular,Degree,0.3,97,311.231826855537
Regular,Degree,0.3,98,324.298240432392
Regular,Degree,0.3,99,319.728756811471
Regular,Degree,0.3,100,324.074952054855
Regular,Degree,0.5,1,554.348015579804
Regular,Degree,0.5,2,564.014619254709
Regular,Degree,0.5,3,549.016045093765
Regular,Degree,0.5,4,545.142123410753
Regular,Degree,0.5,5,555.169233104256
Regular,Degree,0.5,6,555.390080419844
Regular,Degree,0.5,7,543.71618367341
Regular,Degree,0.5,8,535.238436467384
Regular,Degree,0.5,9,543.868216974003
Regular,Degree,0.5,10,542.435109860704
Regular,Degree,0.5,11,550.007483563639
Regular,Degree,0.5,12,542.78429314871
Regular,Degree,0.5,13,550.101257404613
Regular,Degree,0.5,14,545.884896636257
Regular,Degree,0.5,15,543.250082833964
Regular,Degree,0.5,16,555.13049520181
Regular,Degree,0.5,17,553.70791522752
Regular,Degree,0.5,18,546.357499071893
Regular,Degree,0.5,19,548.11526270416
Regular,Degree,0.5,20,551.267834907975
Regular,Degree,0.5,21,551.321561429216
Regular,Degree,0.5,22,546.87874043711
Regular,Degree,0.5,23,545.37865975856
Regular,Degree,0.5,24,550.873015862917
Regular,Degree,0.5,25,548.723873856421
Regular,Degree,0.5,26,547.705076567054
Regular,Degree,0.5,27,554.514391437923
Regular,Degree,0.5,28,552.643964028414
Regular,Degree,0.5,29,550.059118200179
Regular,Degree,0.5,30,548.912027168266
Regular,Degree,0.5,31,546.773477216897
Regular,Degree,0.5,32,550.751861910354
Regular,Degree,0.5,33,546.958462625337
Regular,Degree,0.5,34,553.849731046694
Regular,Degree,0.5,35,550.490354048067
Regular,Degree,0.5,36,548.753831626775
Regular,Degree,0.5,37,542.61632059478
Regular,Degree,0.5,38,545.612045398075
Regular,Degree,0.5,39,551.016592326055
Regular,Degree,0.5,40,541.546605375638
Regular,Degree,0.5,41,550.446057633397
Regular,Degree,0.5,42,544.672684048296
Regular,Degree,0.5,43,549.200032044171
Regular,Degree,0.5,44,550.153905086405
Regular,Degree,0.5,45,549.299342587405
Regular,Degree,0.5,46,557.790051064633
Regular,Degree,0.5,47,555.24221974486
Regular,Degree,0.5,48,545.941131516723
Regular,Degree,0.5,49,558.677142164773
Regular,Degree,0.5,50,545.247365479671
Regular,Degree,0.5,51,545.838335981599
Regular,Degree,0.5,52,539.201331987975
Regular,Degree,0.5,53,556.17505663718
Regular,Degree,0.5,54,543.56849843519
Regular,Degree,0.5,55,556.567920463371
Regular,Degree,0.5,56,545.328124549714
Regular,Degree,0.5,57,546.696229379913
Regular,Degree,0.5,58,550.219213639537
Regular,Degree,0.5,59,552.843973218607
Regular,Degree,0.5,60,550.768306132158
Regular,Degree,0.5,61,550.368149255965
Regular,Degree,0.5,62,550.096761250103
Regular,Degree,0.5,63,549.188888849578
Regular,Degree,0.5,64,549.365230159992
Regular,Degree,0.5,65,543.65019305752
Regular,Degree,0.5,66,544.661836138966
Regular,Degree,0.5,67,550.548305649501
Regular,Degree,0.5,68,542.201447659157
Regular,Degree,0.5,69,551.184521960265
Regular,Degree,0.5,70,547.930183369744
Regular,Degree,0.5,71,546.295722051279
Regular,Degree,0.5,72,549.71364811337
Regular,Degree,0.5,73,531.518007180281
Regular,Degree,0.5,74,547.553684244789
Regular,Degree,0.5,75,550.543654530483
Regular,Degree,0.5,76,554.603227552361
Regular,Degree,0.5,77,544.021786397072
Regular,Degree,0.5,78,554.625263543944
Regular,Degree,0.5,79,539.723844810153
Regular,Degree,0.5,80,549.00310694541
Regular,Degree,0.5,81,544.575223416982
Regular,Degree,0.5,82,544.640759409098
Regular,Degree,0.5,83,558.422826852145
Regular,Degree,0.5,84,540.402692547395
Regular,Degree,0.5,85,545.871476654101
Regular,Degree,0.5,86,552.547513356952
Regular,Degree,0.5,87,539.295826220855
Regular,Degree,0.5,88,544.181482558826
Regular,Degree,0.5,89,551.466424303326
Regular,Degree,0.5,90,557.98972031562
Regular,Degree,0.5,91,552.578460850873
Regular,Degree,0.5,92,548.701356115349
Regular,Degree,0.5,93,546.329933710143
Regular,Degree,0.5,94,547.826962842275
Regular,Degree,0.5,95,548.451827336479
Regular,Degree,0.5,96,550.673711160357
Regular,Degree,0.5,97,540.541323137556
Regular,Degree,0.5,98,550.805624745154
Regular,Degree,0.5,99,548.179536354773
Regular,Degree,0.5,100,551.400014092965
Regular,Degree,0.7,1,773.768132359139
Regular,Degree,0.7,2,793.839223130856
Regular,Degree,0.7,3,785.23258522895
Regular,Degree,0.7,4,768.888124252719
Regular,Degree,0.7,5,772.794327356733
Regular,Degree,0.7,6,779.351203214504
Regular,Degree,0.7,7,757.337759958634
Regular,Degree,0.7,8,763.982720649645
Regular,Degree,0.7,9,772.507300918672
Regular,Degree,0.7,10,762.34348833391
Regular,Degree,0.7,11,781.032801796169
Regular,Degree,0.7,12,772.289360565781
Regular,Degree,0.7,13,789.818241431944
Regular,Degree,0.7,14,774.226795091016
Regular,Degree,0.7,15,770.590572157737
Regular,Degree,0.7,16,773.625582823151
Regular,Degree,0.7,17,766.673289912107
Regular,Degree,0.7,18,775.278215044916
Regular,Degree,0.7,19,779.096229562
Regular,Degree,0.7,20,775.791435526805
Regular,Degree,0.7,21,764.83765262229
Regular,Degree,0.7,22,763.768427437622
Regular,Degree,0.7,23,760.280250572672
Regular,Degree,0.7,24,770.95401370211
Regular,Degree,0.7,25,763.586921719807
Regular,Degree,0.7,26,763.21099190482
Regular,Degree,0.7,27,770.636760148559
Regular,Degree,0.7,28,781.94775681466
Regular,Degree,0.7,29,756.358363005613
Regular,Degree,0.7,30,777.076565006171
Regular,Degree,0.7,31,762.285449660262
Regular,Degree,0.7,32,767.299201639167
Regular,Degree,0.7,33,764.217429954858
Regular,Degree,0.7,34,768.810748236339
Regular,Degree,0.7,35,786.16135878656
Regular,Degree,0.7,36,775.954623680858
Regular,Degree,0.7,37,781.911734600516
Regular,Degree,0.7,38,767.604905735494
Regular,Degree,0.7,39,775.222609270004
Regular,Degree,0.7,40,760.378275636001
Regular,Degree,0.7,41,770.81974805163
Regular,Degree,0.7,42,779.715369583695
Regular,Degree,0.7,43,778.473452363717
Regular,Degree,0.7,44,775.23270294107
Regular,Degree,0.7,45,773.952047557557
Regular,Degree,0.7,46,772.101402699134
Regular,Degree,0.7,47,771.931885996001
Regular,Degree,0.7,48,759.624586354015
Regular,Degree,0.7,49,772.484646552709
Regular,Degree,0.7,50,765.541572974074
Regular,Degree,0.7,51,768.191850015814
Regular,Degree,0.7,52,767.517510554636
Regular,Degree,0.7,53,770.889262194179
Regular,Degree,0.7,54,767.755020239317
Regular,Degree,0.7,55,772.005636167504
Regular,Degree,0.7,56,764.555463810193
Regular,Degree,0.7,57,770.709982538075
Regular,Degree,0.7,58,770.346007177136
Regular,Degree,0.7,59,786.703439869628
Regular,Degree,0.7,60,769.951674594545
Regular,Degree,0.7,61,762.866406224761
Regular,Degree,0.7,62,758.103257191768
Regular,Degree,0.7,63,767.648320690188
Regular,Degree,0.7,64,773.306094657584
Regular,Degree,0.7,65,767.607806123062
Regular,Degree,0.7,66,766.728261780632
Regular,Degree,0.7,67,805.5345761999
Regular,Degree,0.7,68,756.043103090527
Regular,Degree,0.7,69,771.485537527117
Regular,Degree,0.7,70,764.471938860986
Regular,Degree,0.7,71,787.06509092775
Regular,Degree,0.7,72,775.798854566279
Regular,Degree,0.7,73,760.39383967154
Regular,Degree,0.7,74,769.670067344319
Regular,Degree,0.7,75,772.647923472632
Regular,Degree,0.7,76,771.456049887172
Regular,Degree,0.7,77,772.05343058608
Regular,Degree,0.7,78,794.851716062632
Regular,Degree,0.7,79,773.935255720361
Regular,Degree,0.7,80,767.197007577784
Regular,Degree,0.7,81,765.677174409822
Regular,Degree,0.7,82,770.870044488421
Regular,Degree,0.7,83,770.298556789266
Regular,Degree,0.7,84,768.066813014919
Regular,Degree,0.7,85,774.094352274901
Regular,Degree,0.7,86,775.610017150505
Regular,Degree,0.7,87,758.150856164834
Regular,Degree,0.7,88,777.382154027352
Regular,Degree,0.7,89,776.721111843661
Regular,Degree,0.7,90,774.050983047898
Regular,Degree,0.7,91,769.4593651819
Regular,Degree,0.7,92,763.998154076878
Regular,Degree,0.7,93,768.181678611336
Regular,Degree,0.7,94,761.08188800849
Regular,Degree,0.7,95,796.504060968439
Regular,Degree,0.7,96,774.594223948004
Regular,Degree,0.7,97,775.930067521185
Regular,Degree,0.7,98,769.343149605606
Regular,Degree,0.7,99,768.290773734965
Regular,Degree,0.7,100,767.72661946287
Clustered,SecurityLevel,0.1,1,234.577844775282
Clustered,SecurityLevel,0.1,2,239.715498439909
Clustered,SecurityLevel,0.1,3,226.912678358679
Clustered,SecurityLevel,0.1,4,234.011755088753
Clustered,SecurityLevel,0.1,5,230.923988425319
Clustered,SecurityLevel,0.1,6,218.813078571925
Clustered,SecurityLevel,0.1,7,222.270617078022
Clustered,SecurityLevel,0.1,8,231.028168828457
Clustered,SecurityLevel,0.1,9,235.586192161818
Clustered,SecurityLevel,0.1,10,228.246310617682
Clustered,SecurityLevel,0.1,11,229.58445592397
Clustered,SecurityLevel,0.1,12,235.205984721822
Clustered,SecurityLevel,0.1,13,234.764212704589
Clustered,SecurityLevel,0.1,14,240.977464959002
Clustered,SecurityLevel,0.1,15,228.769071830755
Clustered,SecurityLevel,0.1,16,239.613425117651
Clustered,SecurityLevel,0.1,17,226.866626363562
Clustered,SecurityLevel,0.1,18,226.541343024653
Clustered,SecurityLevel,0.1,19,233.234369249994
Clustered,SecurityLevel,0.1,20,228.297222205356
Clustered,SecurityLevel,0.1,21,235.320676150682
Clustered,SecurityLevel,0.1,22,235.937196456329
Clustered,SecurityLevel,0.1,23,254.553883808996
Clustered,SecurityLevel,0.1,24,234.13858953473
Clustered,SecurityLevel,0.1,25,233.378918286082
Clustered,SecurityLevel,0.1,26,230.403122197545
Clustered,SecurityLevel,0.1,27,233.265105920938
Clustered,SecurityLevel,0.1,28,226.759099906489
Clustered,SecurityLevel,0.1,29,248.913421691331
Clustered,SecurityLevel,0.1,30,238.496368839282
Clustered,SecurityLevel,0.1,31,233.298455779775
Clustered,SecurityLevel,0.1,32,233.067947060021
Clustered,SecurityLevel,0.1,33,235.462795694852
Clustered,SecurityLevel,0.1,34,225.093033073561
Clustered,SecurityLevel,0.1,35,244.862277960233
Clustered,SecurityLevel,0.1,36,246.446233639763
Clustered,SecurityLevel,0.1,37,241.506677252609
Clustered,SecurityLevel,0.1,38,236.380217160234
Clustered,SecurityLevel,0.1,39,241.103340303216
Clustered,SecurityLevel,0.1,40,233.534871530814
Clustered,SecurityLevel,0.1,41,235.197975799685
Clustered,SecurityLevel,0.1,42,236.304703821317
Clustered,SecurityLevel,0.1,43,254.551203334082
Clustered,SecurityLevel,0.1,44,248.363767765021
Clustered,SecurityLevel,0.1,45,234.093222031443
Clustered,SecurityLevel,0.1,46,238.038252218862
Clustered,SecurityLevel,0.1,47,241.041505789865
Clustered,SecurityLevel,0.1,48,238.155726674429
Clustered,SecurityLevel,0.1,49,233.98947448797
Clustered,SecurityLevel,0.1,50,233.962338448515
Clustered,SecurityLevel,0.1,51,241.635666844779
Clustered,SecurityLevel,0.1,52,240.758413381128
Clustered,SecurityLevel,0.1,53,249.52489346124
Clustered,SecurityLevel,0.1,54,234.548840864844
Clustered,SecurityLevel,0.1,55,236.868874895672
Clustered,SecurityLevel,0.1,56,238.373440999702
Clustered,SecurityLevel,0.1,57,227.328290412226
Clustered,SecurityLevel,0.1,58,239.390338245859
Clustered,SecurityLevel,0.1,59,240.900342437404
Clustered,SecurityLevel,0.1,60,246.336005655163
Clustered,SecurityLevel,0.1,61,236.39323391544
Clustered,SecurityLevel,0.1,62,234.254070618796
Clustered,SecurityLevel,0.1,63,225.583774504086
Clustered,SecurityLevel,0.1,64,230.795446932438
Clustered,SecurityLevel,0.1,65,238.561768922007
Clustered,SecurityLevel,0.1,66,234.395592707438
Clustered,SecurityLevel,0.1,67,238.470219168064
Clustered,SecurityLevel,0.1,68,233.031277617659
Clustered,SecurityLevel,0.1,69,222.588056868869
Clustered,SecurityLevel,0.1,70,227.068392585558
Clustered,SecurityLevel,0.1,71,244.562745755456
Clustered,SecurityLevel,0.1,72,234.727735410772
Clustered,SecurityLevel,0.1,73,242.5289304912
Clustered,SecurityLevel,0.1,74,239.893519659177
Clustered,SecurityLevel,0.1,75,230.540470064644
Clustered,SecurityLevel,0.1,76,227.600494656788
Clustered,SecurityLevel,0.1,77,231.016168039831
Clustered,SecurityLevel,0.1,78,237.170168706149
Clustered,SecurityLevel,0.1,79,248.971698562277
Clustered,SecurityLevel,0.1,80,238.233288838097
Clustered,SecurityLevel,0.1,81,239.424119819961
Clustered,SecurityLevel,0.1,82,236.764090443373
Clustered,SecurityLevel,0.1,83,238.377335443706
Clustered,SecurityLevel,0.1,84,222.807884381337
Clustered,SecurityLevel,0.1,85,237.663901045123
Clustered,SecurityLevel,0.1,86,247.030821795906
Clustered,SecurityLevel,0.1,87,236.812891029007
Clustered,SecurityLevel,0.1,88,231.213672717408
Clustered,SecurityLevel,0.1,89,227.01244426181
Clustered,SecurityLevel,0.1,90,224.252454388471
Clustered,SecurityLevel,0.1,91,241.051074801087
Clustered,SecurityLevel,0.1,92,235.054377516675
Clustered,SecurityLevel,0.1,93,231.87247721868
Clustered,SecurityLevel,0.1,94,230.198044099941
Clustered,SecurityLevel,0.1,95,228.875701048816
Clustered,SecurityLevel,0.1,96,244.932734298898
Clustered,SecurityLevel,0.1,97,238.045083578231
Clustered,SecurityLevel,0.1,98,248.60666191398
Clustered,SecurityLevel,0.1,99,240.63883966733
Clustered,SecurityLevel,0.1,100,231.199689249829
Clustered,SecurityLevel,0.3,1,585.702267906117
Clustered,SecurityLevel,0.3,2,591.358481170903
Clustered,SecurityLevel,0.3,3,586.011704529131
Clustered,SecurityLevel,0.3,4,580.510301550942
Clustered,SecurityLevel,0.3,5,602.358956231303
Clustered,SecurityLevel,0.3,6,581.639187659846
Clustered,SecurityLevel,0.3,7,584.127561647643
Clustered,SecurityLevel,0.3,8,587.18258991804
Clustered,SecurityLevel,0.3,9,580.07032900024
Clustered,SecurityLevel,0.3,10,600.989658853722
Clustered,SecurityLevel,0.3,11,583.437660682167
Clustered,SecurityLevel,0.3,12,585.610576940512
Clustered,SecurityLevel,0.3,13,589.50302066325
Clustered,SecurityLevel,0.3,14,589.712021698406
Clustered,SecurityLevel,0.3,15,598.554988914953
Clustered,SecurityLevel,0.3,16,609.861525461125
Clustered,SecurityLevel,0.3,17,607.167979718584
Clustered,SecurityLevel,0.3,18,574.988330253011
Clustered,SecurityLevel,0.3,19,579.804629849319
Clustered,SecurityLevel,0.3,20,588.998164093805
Clustered,SecurityLevel,0.3,21,603.323067744019
Clustered,SecurityLevel,0.3,22,582.924384668422
Clustered,SecurityLevel,0.3,23,598.315246261778
Clustered,SecurityLevel,0.3,24,611.806937809821
Clustered,SecurityLevel,0.3,25,582.041301401113
Clustered,SecurityLevel,0.3,26,589.495998518649
Clustered,SecurityLevel,0.3,27,584.500301858347
Clustered,SecurityLevel,0.3,28,578.205758278273
Clustered,SecurityLevel,0.3,29,612.949240196099
Clustered,SecurityLevel,0.3,30,591.203829014668
Clustered,SecurityLevel,0.3,31,595.185828024908
Clustered,SecurityLevel,0.3,32,581.188643065473
Clustered,SecurityLevel,0.3,33,595.137407541542
Clustered,SecurityLevel,0.3,34,575.357544733706
Clustered,SecurityLevel,0.3,35,610.766421009313
Clustered,SecurityLevel,0.3,36,611.689798211479
Clustered,SecurityLevel,0.3,37,615.41034623164
Clustered,SecurityLevel,0.3,38,613.463356647088
Clustered,SecurityLevel,0.3,39,596.382696977345
Clustered,SecurityLevel,0.3,40,598.852778522654
Clustered,SecurityLevel,0.3,41,593.01054479789
Clustered,SecurityLevel,0.3,42,588.167133073358
Clustered,SecurityLevel,0.3,43,619.550773633066
Clustered,SecurityLevel,0.3,44,603.434785543646
Clustered,SecurityLevel,0.3,45,596.579710660076
Clustered,SecurityLevel,0.3,46,609.065371232306
Clustered,SecurityLevel,0.3,47,626.549408717791
Clustered,SecurityLevel,0.3,48,589.314245606233
Clustered,SecurityLevel,0.3,49,598.225875763548
Clustered,SecurityLevel,0.3,50,586.807205727051
Clustered,SecurityLevel,0.3,51,605.567735309123
Clustered,SecurityLevel,0.3,52,591.636736449055
Clustered,SecurityLevel,0.3,53,615.212818882686
Clustered,SecurityLevel,0.3,54,598.480218138313
Clustered,SecurityLevel,0.3,55,586.735390225067
Clustered,SecurityLevel,0.3,56,586.8811539537
Clustered,SecurityLevel,0.3,57,591.333152453686
Clustered,SecurityLevel,0.3,58,575.327580129779
Clustered,SecurityLevel,0.3,59,601.994246128335
Clustered,SecurityLevel,0.3,60,617.209420345519
Clustered,SecurityLevel,0.3,61,589.453297040258
Clustered,SecurityLevel,0.3,62,593.600453053572
Clustered,SecurityLevel,0.3,63,585.442730852557
Clustered,SecurityLevel,0.3,64,585.833367276067
Clustered,SecurityLevel,0.3,65,595.630230830552
Clustered,SecurityLevel,0.3,66,608.443230386545
Clustered,SecurityLevel,0.3,67,603.092855979725
Clustered,SecurityLevel,0.3,68,601.349774955988
Clustered,SecurityLevel,0.3,69,586.726981103193
Clustered,SecurityLevel,0.3,70,590.470657491342
Clustered,SecurityLevel,0.3,71,601.358988720437
Clustered,SecurityLevel,0.3,72,582.817842299161
Clustered,SecurityLevel,0.3,73,588.603678830123
Clustered,SecurityLevel,0.3,74,601.943270330766
Clustered,SecurityLevel,0.3,75,607.702673209533
Clustered,SecurityLevel,0.3,76,596.91718272152
Clustered,SecurityLevel,0.3,77,594.019953498287
Clustered,SecurityLevel,0.3,78,597.409640645483
Clustered,SecurityLevel,0.3,79,618.577347173807
Clustered,SecurityLevel,0.3,80,602.283249291682
Clustered,SecurityLevel,0.3,81,602.307927171822
Clustered,SecurityLevel,0.3,82,593.883698871279
Clustered,SecurityLevel,0.3,83,594.071122222889
Clustered,SecurityLevel,0.3,84,579.031033662136
Clustered,SecurityLevel,0.3,85,600.640290151952
Clustered,SecurityLevel,0.3,86,601.635576652962
Clustered,SecurityLevel,0.3,87,574.338319816023
Clustered,SecurityLevel,0.3,88,608.686068874075
Clustered,SecurityLevel,0.3,89,578.725325698162
Clustered,SecurityLevel,0.3,90,582.023823060409
Clustered,SecurityLevel,0.3,91,588.969408013887
Clustered,SecurityLevel,0.3,92,596.93500074619
Clustered,SecurityLevel,0.3,93,591.048697305088
Clustered,SecurityLevel,0.3,94,600.53585933425
Clustered,SecurityLevel,0.3,95,595.746256053708
Clustered,SecurityLevel,0.3,96,610.28837508846
Clustered,SecurityLevel,0.3,97,591.113494095828
Clustered,SecurityLevel,0.3,98,606.41481966951
Clustered,SecurityLevel,0.3,99,586.770953574464
Clustered,SecurityLevel,0.3,100,585.24022641858
Clustered,SecurityLevel,0.5,1,841.151693616171
Clustered,SecurityLevel,0.5,2,836.891554938315
Clustered,SecurityLevel,0.5,3,829.864712735197
Clustered,SecurityLevel,0.5,4,824.260759248562
Clustered,SecurityLevel,0.5,5,850.680533701115
Clustered,SecurityLevel,0.5,6,824.554380971971
Clustered,SecurityLevel,0.5,7,844.007803006258
Clustered,SecurityLevel,0.5,8,831.631115003986
Clustered,SecurityLevel,0.5,9,835.677689696661
Clustered,SecurityLevel,0.5,10,848.487403190735
Clustered,SecurityLevel,0.5,11,830.374723511047
Clustered,SecurityLevel,0.5,12,825.25388086954
Clustered,SecurityLevel,0.5,13,833.909776489083
Clustered,SecurityLevel,0.5,14,831.892899128075
Clustered,SecurityLevel,0.5,15,846.415415828899
Clustered,SecurityLevel,0.5,16,861.731288691581
Clustered,SecurityLevel,0.5,17,844.866507306185
Clustered,SecurityLevel,0.5,18,831.656332536784
Clustered,SecurityLevel,0.5,19,840.3343940674
Clustered,SecurityLevel,0.5,20,850.953254477634
Clustered,SecurityLevel,0.5,21,850.432777363701
Clustered,SecurityLevel,0.5,22,834.845960552078
Clustered,SecurityLevel,0.5,23,841.69500394937
Clustered,SecurityLevel,0.5,24,852.712785717989
Clustered,SecurityLevel,0.5,25,843.685010994107
Clustered,SecurityLevel,0.5,26,830.373445242812
Clustered,SecurityLevel,0.5,27,838.200780949702
Clustered,SecurityLevel,0.5,28,829.36978950605
Clustered,SecurityLevel,0.5,29,864.01674453979
Clustered,SecurityLevel,0.5,30,856.471510992286
Clustered,SecurityLevel,0.5,31,842.086136463951
Clustered,SecurityLevel,0.5,32,854.867877529492
Clustered,SecurityLevel,0.5,33,844.914425752367
Clustered,SecurityLevel,0.5,34,825.965333660014
Clustered,SecurityLevel,0.5,35,855.108633426814
Clustered,SecurityLevel,0.5,36,856.774996634077
Clustered,SecurityLevel,0.5,37,869.588851572395
Clustered,SecurityLevel,0.5,38,861.175838113724
Clustered,SecurityLevel,0.5,39,838.873866279686
Clustered,SecurityLevel,0.5,40,841.735740733885
Clustered,SecurityLevel,0.5,41,837.655765362107
Clustered,SecurityLevel,0.5,42,831.321610022131
Clustered,SecurityLevel,0.5,43,873.515462038034
Clustered,SecurityLevel,0.5,44,851.355488302231
Clustered,SecurityLevel,0.5,45,850.376995162109
Clustered,SecurityLevel,0.5,46,853.987475148356
Clustered,SecurityLevel,0.5,47,875.794983390543
Clustered,SecurityLevel,0.5,48,842.111411271398
Clustered,SecurityLevel,0.5,49,851.408632966994
Clustered,SecurityLevel,0.5,50,848.105705698923
Clustered,SecurityLevel,0.5,51,852.754615175215
Clustered,SecurityLevel,0.5,52,840.064063728751
Clustered,SecurityLevel,0.5,53,862.332769066096
Clustered,SecurityLevel,0.5,54,850.113936775938
Clustered,SecurityLevel,0.5,55,841.910195339151
Clustered,SecurityLevel,0.5,56,857.899059585202
Clustered,SecurityLevel,0.5,57,843.582616023758
Clustered,SecurityLevel,0.5,58,843.52476969919
Clustered,SecurityLevel,0.5,59,850.842938449313
Clustered,SecurityLevel,0.5,60,866.445910665511
Clustered,SecurityLevel,0.5,61,836.923816403086
Clustered,SecurityLevel,0.5,62,849.452620781378
Clustered,SecurityLevel,0.5,63,839.707304735029
Clustered,SecurityLevel,0.5,64,841.566144848165
Clustered,SecurityLevel,0.5,65,855.728168230074
Clustered,SecurityLevel,0.5,66,855.994320830552
Clustered,SecurityLevel,0.5,67,848.698693842122
Clustered,SecurityLevel,0.5,68,841.097689320278
Clustered,SecurityLevel,0.5,69,849.257119529598
Clustered,SecurityLevel,0.5,70,842.476085789364
Clustered,SecurityLevel,0.5,71,854.786173156301
Clustered,SecurityLevel,0.5,72,827.288923779102
Clustered,SecurityLevel,0.5,73,833.992659148021
Clustered,SecurityLevel,0.5,74,846.975153496393
Clustered,SecurityLevel,0.5,75,870.234988617149
Clustered,SecurityLevel,0.5,76,856.119434911535
Clustered,SecurityLevel,0.5,77,837.954250247115
Clustered,SecurityLevel,0.5,78,850.245019781236
Clustered,SecurityLevel,0.5,79,865.012189053995
Clustered,SecurityLevel,0.5,80,845.824671128814
Clustered,SecurityLevel,0.5,81,850.34724490048
Clustered,SecurityLevel,0.5,82,841.997434793498
Clustered,SecurityLevel,0.5,83,836.263842150575
Clustered,SecurityLevel,0.5,84,826.656821795104
Clustered,SecurityLevel,0.5,85,851.942381044037
Clustered,SecurityLevel,0.5,86,845.24047172333
Clustered,SecurityLevel,0.5,87,826.47026866726
Clustered,SecurityLevel,0.5,88,846.421922197941
Clustered,SecurityLevel,0.5,89,826.887299146591
Clustered,SecurityLevel,0.5,90,836.543707727947
Clustered,SecurityLevel,0.5,91,833.073081076464
Clustered,SecurityLevel,0.5,92,855.96851843933
Clustered,SecurityLevel,0.5,93,849.904956504597
Clustered,SecurityLevel,0.5,94,866.209592419405
Clustered,SecurityLevel,0.5,95,843.384498715045
Clustered,SecurityLevel,0.5,96,853.804962302815
Clustered,SecurityLevel,0.5,97,839.147569311355
Clustered,SecurityLevel,0.5,98,859.156582881482
Clustered,SecurityLevel,0.5,99,845.143279627136
Clustered,SecurityLevel,0.5,100,831.198311032086
Clustered,SecurityLevel,0.7,1,1016.00447176964
Clustered,SecurityLevel,0.7,2,1014.50166533273
Clustered,SecurityLevel,0.7,3,1012.46839947676
Clustered,SecurityLevel,0.7,4,1003.24961487027
Clustered,SecurityLevel,0.7,5,1030.37473943555
Clustered,SecurityLevel,0.7,6,1010.30691804802
Clustered,SecurityLevel,0.7,7,1021.69793701256
Clustered,SecurityLevel,0.7,8,1014.56154353497
Clustered,SecurityLevel,0.7,9,1010.57324033299
Clustered,SecurityLevel,0.7,10,1023.35687037877
Clustered,SecurityLevel,0.7,11,1006.14824323309
Clustered,SecurityLevel,0.7,12,1010.52253185928
Clustered,SecurityLevel,0.7,13,1014.54545398673
Clustered,SecurityLevel,0.7,14,1015.51183399402
Clustered,SecurityLevel,0.7,15,1028.67005712018
Clustered,SecurityLevel,0.7,16,1033.33508049976
Clustered,SecurityLevel,0.7,17,1021.09329417736
Clustered,SecurityLevel,0.7,18,1007.40054514479
Clustered,SecurityLevel,0.7,19,1018.08734388044
Clustered,SecurityLevel,0.7,20,1029.73635965018
Clustered,SecurityLevel,0.7,21,1026.4762670397
Clustered,SecurityLevel,0.7,22,1012.24266590706
Clustered,SecurityLevel,0.7,23,1023.75081008874
Clustered,SecurityLevel,0.7,24,1031.87230277604
Clustered,SecurityLevel,0.7,25,1020.30251652896
Clustered,SecurityLevel,0.7,26,1014.68627775214
Clustered,SecurityLevel,0.7,27,1007.81888380468
Clustered,SecurityLevel,0.7,28,1009.14609302909
Clustered,SecurityLevel,0.7,29,1038.44485729282
Clustered,SecurityLevel,0.7,30,1031.01037039439
Clustered,SecurityLevel,0.7,31,1016.59523533872
Clustered,SecurityLevel,0.7,32,1037.11592385313
Clustered,SecurityLevel,0.7,33,1020.42903242993
Clustered,SecurityLevel,0.7,34,1010.70812069318
Clustered,SecurityLevel,0.7,35,1032.38714892855
Clustered,SecurityLevel,0.7,36,1038.34831853
Clustered,SecurityLevel,0.7,37,1046.67932868867
Clustered,SecurityLevel,0.7,38,1036.81174781393
Clustered,SecurityLevel,0.7,39,1020.11220009751
Clustered,SecurityLevel,0.7,40,1019.60418111278
Clustered,SecurityLevel,0.7,41,1018.81866145395
Clustered,SecurityLevel,0.7,42,1014.61809568131
Clustered,SecurityLevel,0.7,43,1053.20687951383
Clustered,SecurityLevel,0.7,44,1028.30920675139
Clustered,SecurityLevel,0.7,45,1023.66785251977
Clustered,SecurityLevel,0.7,46,1025.75774255808
Clustered,SecurityLevel,0.7,47,1052.67743019675
Clustered,SecurityLevel,0.7,48,1020.41697873585
Clustered,SecurityLevel,0.7,49,1036.65465351957
Clustered,SecurityLevel,0.7,50,1027.60102068685
Clustered,SecurityLevel,0.7,51,1029.36383309948
Clustered,SecurityLevel,0.7,52,1024.61887992706
Clustered,SecurityLevel,0.7,53,1033.72784628856
Clustered,SecurityLevel,0.7,54,1027.88420406978
Clustered,SecurityLevel,0.7,55,1033.79553595248
Clustered,SecurityLevel,0.7,56,1034.43799569622
Clustered,SecurityLevel,0.7,57,1017.61703930881
Clustered,SecurityLevel,0.7,58,1022.09510611814
Clustered,SecurityLevel,0.7,59,1031.03976335044
Clustered,SecurityLevel,0.7,60,1040.20050813172
Clustered,SecurityLevel,0.7,61,1015.08830294086
Clustered,SecurityLevel,0.7,62,1023.38258689177
Clustered,SecurityLevel,0.7,63,1018.64038780934
Clustered,SecurityLevel,0.7,64,1019.53429153529
Clustered,SecurityLevel,0.7,65,1030.51915256106
Clustered,SecurityLevel,0.7,66,1033.4225735237
Clustered,SecurityLevel,0.7,67,1026.22780162231
Clustered,SecurityLevel,0.7,68,1022.63511680609
Clustered,SecurityLevel,0.7,69,1026.22094939517
Clustered,SecurityLevel,0.7,70,1019.81033737872
Clustered,SecurityLevel,0.7,71,1040.74379909583
Clustered,SecurityLevel,0.7,72,1006.9776998579
Clustered,SecurityLevel,0.7,73,1014.17264868208
Clustered,SecurityLevel,0.7,74,1022.67885080505
Clustered,SecurityLevel,0.7,75,1046.99830247423
Clustered,SecurityLevel,0.7,76,1041.59781506529
Clustered,SecurityLevel,0.7,77,1017.68992199006
Clustered,SecurityLevel,0.7,78,1027.92189003923
Clustered,SecurityLevel,0.7,79,1044.63388618192
Clustered,SecurityLevel,0.7,80,1022.7184025132
Clustered,SecurityLevel,0.7,81,1032.62499880316
Clustered,SecurityLevel,0.7,82,1022.35299634262
Clustered,SecurityLevel,0.7,83,1018.77125124085
Clustered,SecurityLevel,0.7,84,1013.74574051749
Clustered,SecurityLevel,0.7,85,1027.0012666806
Clustered,SecurityLevel,0.7,86,1031.36651327136
Clustered,SecurityLevel,0.7,87,1013.51927258303
Clustered,SecurityLevel,0.7,88,1023.46171516699
Clustered,SecurityLevel,0.7,89,1006.0112570655
Clustered,SecurityLevel,0.7,90,1023.36681327579
Clustered,SecurityLevel,0.7,91,1011.93819276138
Clustered,SecurityLevel,0.7,92,1036.83402047928
Clustered,SecurityLevel,0.7,93,1033.83571509864
Clustered,SecurityLevel,0.7,94,1049.41868657127
Clustered,SecurityLevel,0.7,95,1026.98048867819
Clustered,SecurityLevel,0.7,96,1036.14985156285
Clustered,SecurityLevel,0.7,97,1019.28578123015
Clustered,SecurityLevel,0.7,98,1024.18699729175
Clustered,SecurityLevel,0.7,99,1023.38765529388
Clustered,SecurityLevel,0.7,100,1011.27263581234
Clustered,Trust,0.1,1,158.111602690955
Clustered,Trust,0.1,2,147.28431590519
Clustered,Trust,0.1,3,158.556266930007
Clustered,Trust,0.1,4,143.88608306427
Clustered,Trust,0.1,5,162.077076190716
Clustered,Trust,0.1,6,154.566396519678
Clustered,Trust,0.1,7,169.805472990339
Clustered,Trust,0.1,8,155.420728544918
Clustered,Trust,0.1,9,154.822213264732
Clustered,Trust,0.1,10,167.939728837264
Clustered,Trust,0.1,11,154.182783571089
Clustered,Trust,0.1,12,150.70446248933
Clustered,Trust,0.1,13,148.006899895505
Clustered,Trust,0.1,14,151.074575646594
Clustered,Trust,0.1,15,167.81028084657
Clustered,Trust,0.1,16,178.947300014308
Clustered,Trust,0.1,17,162.461420676455
Clustered,Trust,0.1,18,152.571300809495
Clustered,Trust,0.1,19,167.382458918483
Clustered,Trust,0.1,20,167.664743798956
Clustered,Trust,0.1,21,152.980161578949
Clustered,Trust,0.1,22,145.799149549825
Clustered,Trust,0.1,23,144.403357608894
Clustered,Trust,0.1,24,159.831841822441
Clustered,Trust,0.1,25,149.250619462449
Clustered,Trust,0.1,26,158.507935632643
Clustered,Trust,0.1,27,145.695525148587
Clustered,Trust,0.1,28,156.928763336338
Clustered,Trust,0.1,29,163.1564618856
Clustered,Trust,0.1,30,155.274880592899
Clustered,Trust,0.1,31,150.049825283911
Clustered,Trust,0.1,32,159.55184803582
Clustered,Trust,0.1,33,161.449931465756
Clustered,Trust,0.1,34,156.010311827653
Clustered,Trust,0.1,35,164.600321361426
Clustered,Trust,0.1,36,172.399918126175
Clustered,Trust,0.1,37,170.511519208453
Clustered,Trust,0.1,38,157.984842531538
Clustered,Trust,0.1,39,156.841296163977
Clustered,Trust,0.1,40,160.123775223394
Clustered,Trust,0.1,41,154.315044035241
Clustered,Trust,0.1,42,151.682740274041
Clustered,Trust,0.1,43,175.798338120662
Clustered,Trust,0.1,44,158.259318484096
Clustered,Trust,0.1,45,161.484699137409
Clustered,Trust,0.1,46,170.246613330518
Clustered,Trust,0.1,47,169.487918308156
Clustered,Trust,0.1,48,155.185620859169
Clustered,Trust,0.1,49,164.081337373189
Clustered,Trust,0.1,50,152.916910323135
Clustered,Trust,0.1,51,158.246589968769
Clustered,Trust,0.1,52,154.522999612343
Clustered,Trust,0.1,53,164.110499998493
Clustered,Trust,0.1,54,154.210857131814
Clustered,Trust,0.1,55,163.50627951568
Clustered,Trust,0.1,56,149.190441559232
Clustered,Trust,0.1,57,159.525803808724
Clustered,Trust,0.1,58,158.127422558321
Clustered,Trust,0.1,59,163.165188854898
Clustered,Trust,0.1,60,160.796801430781
Clustered,Trust,0.1,61,147.288094751762
Clustered,Trust,0.1,62,150.881929258336
Clustered,Trust,0.1,63,151.840460855125
Clustered,Trust,0.1,64,156.918743344627
Clustered,Trust,0.1,65,149.662978502818
Clustered,Trust,0.1,66,167.759053480328
Clustered,Trust,0.1,67,152.413004739268
Clustered,Trust,0.1,68,165.532459143734
Clustered,Trust,0.1,69,156.782839233003
Clustered,Trust,0.1,70,162.541335482558
Clustered,Trust,0.1,71,156.497495511544
Clustered,Trust,0.1,72,145.033843117296
Clustered,Trust,0.1,73,140.414663267257
Clustered,Trust,0.1,74,153.15783434118
Clustered,Trust,0.1,75,168.789343821873
Clustered,Trust,0.1,76,162.464005933518
Clustered,Trust,0.1,77,146.995084431716
Clustered,Trust,0.1,78,152.42707286102
Clustered,Trust,0.1,79,167.146406175619
Clustered,Trust,0.1,80,156.5197898456
Clustered,Trust,0.1,81,155.798731435915
Clustered,Trust,0.1,82,152.126537833874
Clustered,Trust,0.1,83,154.279240297869
Clustered,Trust,0.1,84,155.496046380164
Clustered,Trust,0.1,85,159.273639937866
Clustered,Trust,0.1,86,150.583374421481
Clustered,Trust,0.1,87,157.942053047283
Clustered,Trust,0.1,88,170.378632476397
Clustered,Trust,0.1,89,145.562754044068
Clustered,Trust,0.1,90,157.751695149113
Clustered,Trust,0.1,91,141.702686237977
Clustered,Trust,0.1,92,153.850415970491
Clustered,Trust,0.1,93,157.013943270963
Clustered,Trust,0.1,94,169.702160282507
Clustered,Trust,0.1,95,160.739733431673
Clustered,Trust,0.1,96,146.623509927216
Clustered,Trust,0.1,97,153.848760476687
Clustered,Trust,0.1,98,144.074711038724
Clustered,Trust,0.1,99,143.822264184681
Clustered,Trust,0.1,100,154.507990974189
Clustered,Trust,0.3,1,426.181573781268
Clustered,Trust,0.3,2,418.290958430388
Clustered,Trust,0.3,3,420.982254829143
Clustered,Trust,0.3,4,409.465049301525
Clustered,Trust,0.3,5,427.418257181201
Clustered,Trust,0.3,6,420.535219624015
Clustered,Trust,0.3,7,435.498392147835
Clustered,Trust,0.3,8,421.924458505302
Clustered,Trust,0.3,9,415.542772033552
Clustered,Trust,0.3,10,425.410729555399
Clustered,Trust,0.3,11,410.014716036822
Clustered,Trust,0.3,12,409.50594724798
Clustered,Trust,0.3,13,420.514109279482
Clustered,Trust,0.3,14,421.329420638119
Clustered,Trust,0.3,15,433.169388993529
Clustered,Trust,0.3,16,445.158312863752
Clustered,Trust,0.3,17,420.806962896301
Clustered,Trust,0.3,18,414.07553275535
Clustered,Trust,0.3,19,424.169796198695
Clustered,Trust,0.3,20,425.749812756123
Clustered,Trust,0.3,21,422.113582587042
Clustered,Trust,0.3,22,414.40820496543
Clustered,Trust,0.3,23,405.198261013302
Clustered,Trust,0.3,24,444.268490436469
Clustered,Trust,0.3,25,419.1121435933
Clustered,Trust,0.3,26,431.881732032747
Clustered,Trust,0.3,27,415.045864568471
Clustered,Trust,0.3,28,422.392116008146
Clustered,Trust,0.3,29,454.267690755665
Clustered,Trust,0.3,30,424.467026764035
Clustered,Trust,0.3,31,419.542909562571
Clustered,Trust,0.3,32,441.40202301428
Clustered,Trust,0.3,33,431.242673443065
Clustered,Trust,0.3,34,417.866514330461
Clustered,Trust,0.3,35,438.511021311006
Clustered,Trust,0.3,36,451.721157471348
Clustered,Trust,0.3,37,439.029298979965
Clustered,Trust,0.3,38,442.990785723298
Clustered,Trust,0.3,39,427.691177107116
Clustered,Trust,0.3,40,420.69256076848
Clustered,Trust,0.3,41,418.300634462867
Clustered,Trust,0.3,42,417.809808606687
Clustered,Trust,0.3,43,451.702837522095
Clustered,Trust,0.3,44,430.943941685025
Clustered,Trust,0.3,45,432.638982539144
Clustered,Trust,0.3,46,441.679626673712
Clustered,Trust,0.3,47,462.267850424287
Clustered,Trust,0.3,48,413.927481005916
Clustered,Trust,0.3,49,435.227128419859
Clustered,Trust,0.3,50,422.561942784897
Clustered,Trust,0.3,51,434.542503658603
Clustered,Trust,0.3,52,427.446423514909
Clustered,Trust,0.3,53,431.880395363213
Clustered,Trust,0.3,54,427.540402640107
Clustered,Trust,0.3,55,419.668819540248
Clustered,Trust,0.3,56,433.184998021177
Clustered,Trust,0.3,57,421.565271573949
Clustered,Trust,0.3,58,424.349248565349
Clustered,Trust,0.3,59,446.665659546892
Clustered,Trust,0.3,60,436.643811532964
Clustered,Trust,0.3,61,415.99943243772
Clustered,Trust,0.3,62,423.163034895277
Clustered,Trust,0.3,63,422.046610902697
Clustered,Trust,0.3,64,423.937938960749
Clustered,Trust,0.3,65,419.308707493539
Clustered,Trust,0.3,66,434.038591047851
Clustered,Trust,0.3,67,430.028887379344
Clustered,Trust,0.3,68,422.721675698912
Clustered,Trust,0.3,69,430.461141954713
Clustered,Trust,0.3,70,430.014523778887
Clustered,Trust,0.3,71,446.988763346434
Clustered,Trust,0.3,72,415.704841797568
Clustered,Trust,0.3,73,417.694548459805
Clustered,Trust,0.3,74,427.835664680789
Clustered,Trust,0.3,75,436.923144735627
Clustered,Trust,0.3,76,444.023611885473
Clustered,Trust,0.3,77,409.419031487961
Clustered,Trust,0.3,78,434.023997506851
Clustered,Trust,0.3,79,432.716273316288
Clustered,Trust,0.3,80,426.460826394403
Clustered,Trust,0.3,81,426.921318454622
Clustered,Trust,0.3,82,424.474086116023
Clustered,Trust,0.3,83,427.088716700596
Clustered,Trust,0.3,84,415.14471339321
Clustered,Trust,0.3,85,434.880204511747
Clustered,Trust,0.3,86,433.079860459754
Clustered,Trust,0.3,87,432.018003349589
Clustered,Trust,0.3,88,432.668963367712
Clustered,Trust,0.3,89,411.929954503636
Clustered,Trust,0.3,90,426.032189084434
Clustered,Trust,0.3,91,403.686192024485
Clustered,Trust,0.3,92,437.576841534078
Clustered,Trust,0.3,93,430.097471032434
Clustered,Trust,0.3,94,440.66347356316
Clustered,Trust,0.3,95,438.433857990069
Clustered,Trust,0.3,96,421.264389014525
Clustered,Trust,0.3,97,422.030718775227
Clustered,Trust,0.3,98,428.4863093546
Clustered,Trust,0.3,99,415.813675247879
Clustered,Trust,0.3,100,422.412626265598
Clustered,Trust,0.5,1,651.357737083731
Clustered,Trust,0.5,2,648.422584022971
Clustered,Trust,0.5,3,646.580394565875
Clustered,Trust,0.5,4,638.864652986296
Clustered,Trust,0.5,5,661.699227913782
Clustered,Trust,0.5,6,633.072143968621
Clustered,Trust,0.5,7,668.127281989474
Clustered,Trust,0.5,8,653.188231809753
Clustered,Trust,0.5,9,651.812587326003
Clustered,Trust,0.5,10,652.685146842348
Clustered,Trust,0.5,11,636.606699075424
Clustered,Trust,0.5,12,640.848917893132
Clustered,Trust,0.5,13,642.841550037024
Clustered,Trust,0.5,14,652.246285042593
Clustered,Trust,0.5,15,661.770230085812
Clustered,Trust,0.5,16,674.364703332282
Clustered,Trust,0.5,17,645.445988284332
Clustered,Trust,0.5,18,640.454100889923
Clustered,Trust,0.5,19,659.517468656114
Clustered,Trust,0.5,20,657.323745060989
Clustered,Trust,0.5,21,659.112723290262
Clustered,Trust,0.5,22,646.515173318851
Clustered,Trust,0.5,23,640.291046802822
Clustered,Trust,0.5,24,665.943163739711
Clustered,Trust,0.5,25,662.833118378266
Clustered,Trust,0.5,26,660.057217716398
Clustered,Trust,0.5,27,640.347499855212
Clustered,Trust,0.5,28,646.629387893175
Clustered,Trust,0.5,29,677.285298351417
Clustered,Trust,0.5,30,658.294596656554
Clustered,Trust,0.5,31,643.176147538513
Clustered,Trust,0.5,32,679.700886313573
Clustered,Trust,0.5,33,656.861254137172
Clustered,Trust,0.5,34,644.239020827874
Clustered,Trust,0.5,35,670.878694736766
Clustered,Trust,0.5,36,675.056631815356
Clustered,Trust,0.5,37,670.088826907788
Clustered,Trust,0.5,38,668.950727813988
Clustered,Trust,0.5,39,659.033167224981
Clustered,Trust,0.5,40,649.968279088777
Clustered,Trust,0.5,41,647.29923513841
Clustered,Trust,0.5,42,651.794433477107
Clustered,Trust,0.5,43,678.871954443276
Clustered,Trust,0.5,44,669.043387549725
Clustered,Trust,0.5,45,653.94342346644
Clustered,Trust,0.5,46,668.448211870782
Clustered,Trust,0.5,47,693.000523820086
Clustered,Trust,0.5,48,642.252323645374
Clustered,Trust,0.5,49,664.223606476967
Clustered,Trust,0.5,50,659.897561852054
Clustered,Trust,0.5,51,670.561451630422
Clustered,Trust,0.5,52,662.32694201332
Clustered,Trust,0.5,53,667.167918732161
Clustered,Trust,0.5,54,659.552327667562
Clustered,Trust,0.5,55,658.512697795237
Clustered,Trust,0.5,56,661.987636382165
Clustered,Trust,0.5,57,654.638472178511
Clustered,Trust,0.5,58,658.60725876543
Clustered,Trust,0.5,59,680.694362573248
Clustered,Trust,0.5,60,672.954362149062
Clustered,Trust,0.5,61,638.488348997118
Clustered,Trust,0.5,62,646.352638631528
Clustered,Trust,0.5,63,651.975682511957
Clustered,Trust,0.5,64,661.231500753452
Clustered,Trust,0.5,65,649.739731080243
Clustered,Trust,0.5,66,672.740265738491
Clustered,Trust,0.5,67,663.001710620938
Clustered,Trust,0.5,68,649.61880471862
Clustered,Trust,0.5,69,655.741003920755
Clustered,Trust,0.5,70,659.348417296068
Clustered,Trust,0.5,71,679.302379626653
Clustered,Trust,0.5,72,637.381397128767
Clustered,Trust,0.5,73,644.422826383762
Clustered,Trust,0.5,74,653.677297641892
Clustered,Trust,0.5,75,669.675758497475
Clustered,Trust,0.5,76,673.946524231733
Clustered,Trust,0.5,77,645.740382901192
Clustered,Trust,0.5,78,659.960485601329
Clustered,Trust,0.5,79,663.250922616947
Clustered,Trust,0.5,80,651.133035584375
Clustered,Trust,0.5,81,660.585132033459
Clustered,Trust,0.5,82,654.940074894684
Clustered,Trust,0.5,83,654.912166157901
Clustered,Trust,0.5,84,641.349489675615
Clustered,Trust,0.5,85,662.395713530119
Clustered,Trust,0.5,86,660.449544656976
Clustered,Trust,0.5,87,658.140863456022
Clustered,Trust,0.5,88,660.341558715203
Clustered,Trust,0.5,89,644.54523991445
Clustered,Trust,0.5,90,649.925809073169
Clustered,Trust,0.5,91,642.114254069459
Clustered,Trust,0.5,92,658.637343971688
Clustered,Trust,0.5,93,667.236306442727
Clustered,Trust,0.5,94,673.945854154234
Clustered,Trust,0.5,95,667.8659901366
Clustered,Trust,0.5,96,656.944458602991
Clustered,Trust,0.5,97,645.449705824048
Clustered,Trust,0.5,98,656.300441171477
Clustered,Trust,0.5,99,646.68740436796
Clustered,Trust,0.5,100,651.883203820131
Clustered,Trust,0.7,1,865.605923204531
Clustered,Trust,0.7,2,858.899571373116
Clustered,Trust,0.7,3,860.378016754834
Clustered,Trust,0.7,4,850.460732893076
Clustered,Trust,0.7,5,872.945952005852
Clustered,Trust,0.7,6,852.557016957911
Clustered,Trust,0.7,7,875.938351653387
Clustered,Trust,0.7,8,861.918371525015
Clustered,Trust,0.7,9,855.658333634266
Clustered,Trust,0.7,10,862.464460868618
Clustered,Trust,0.7,11,846.599508410711
Clustered,Trust,0.7,12,855.361559338513
Clustered,Trust,0.7,13,864.719946683468
Clustered,Trust,0.7,14,867.60223561512
Clustered,Trust,0.7,15,869.796553277761
Clustered,Trust,0.7,16,891.44790659064
Clustered,Trust,0.7,17,856.431647335883
Clustered,Trust,0.7,18,857.913597438815
Clustered,Trust,0.7,19,867.834303897497
Clustered,Trust,0.7,20,868.07949770708
Clustered,Trust,0.7,21,863.500459813566
Clustered,Trust,0.7,22,864.706614379658
Clustered,Trust,0.7,23,870.804210478668
Clustered,Trust,0.7,24,880.620111691556
Clustered,Trust,0.7,25,871.791830715976
Clustered,Trust,0.7,26,867.055965155264
Clustered,Trust,0.7,27,853.024577860006
Clustered,Trust,0.7,28,855.98664599041
Clustered,Trust,0.7,29,887.940794468282
Clustered,Trust,0.7,30,872.527118319713
Clustered,Trust,0.7,31,852.54785590644
Clustered,Trust,0.7,32,885.477222768556
Clustered,Trust,0.7,33,867.303218571996
Clustered,Trust,0.7,34,859.431719591593
Clustered,Trust,0.7,35,875.513885174267
Clustered,Trust,0.7,36,886.48634815054
Clustered,Trust,0.7,37,883.500320919933
Clustered,Trust,0.7,38,877.853272284586
Clustered,Trust,0.7,39,867.762393446277
Clustered,Trust,0.7,40,862.662706949094
Clustered,Trust,0.7,41,859.313808352495
Clustered,Trust,0.7,42,861.769587658465
Clustered,Trust,0.7,43,896.345516759391
Clustered,Trust,0.7,44,873.504861889337
Clustered,Trust,0.7,45,873.02723405113
Clustered,Trust,0.7,46,880.459834420997
Clustered,Trust,0.7,47,902.72224347155
Clustered,Trust,0.7,48,857.545459296205
Clustered,Trust,0.7,49,871.864011542833
Clustered,Trust,0.7,50,874.795676732658
Clustered,Trust,0.7,51,880.382461871633
Clustered,Trust,0.7,52,876.649433002901
Clustered,Trust,0.7,53,880.821534621404
Clustered,Trust,0.7,54,867.502022209596
Clustered,Trust,0.7,55,868.896435438228
Clustered,Trust,0.7,56,881.645473148457
Clustered,Trust,0.7,57,859.071438797462
Clustered,Trust,0.7,58,870.472842261841
Clustered,Trust,0.7,59,892.177924361052
Clustered,Trust,0.7,60,885.640993075003
Clustered,Trust,0.7,61,853.056731857973
Clustered,Trust,0.7,62,868.62454295394
Clustered,Trust,0.7,63,860.424513440533
Clustered,Trust,0.7,64,870.838820242453
Clustered,Trust,0.7,65,873.54480611819
Clustered,Trust,0.7,66,882.019690175812
Clustered,Trust,0.7,67,873.543856650033
Clustered,Trust,0.7,68,866.187009029703
Clustered,Trust,0.7,69,866.757965345615
Clustered,Trust,0.7,70,865.303524918769
Clustered,Trust,0.7,71,891.209959803401
Clustered,Trust,0.7,72,849.46773443841
Clustered,Trust,0.7,73,866.045461345517
Clustered,Trust,0.7,74,870.201345518221
Clustered,Trust,0.7,75,881.652976393291
Clustered,Trust,0.7,76,892.757943636422
Clustered,Trust,0.7,77,853.183108515735
Clustered,Trust,0.7,78,874.446823744607
Clustered,Trust,0.7,79,884.47706687245
Clustered,Trust,0.7,80,862.281244332485
Clustered,Trust,0.7,81,874.912322129179
Clustered,Trust,0.7,82,866.683979268332
Clustered,Trust,0.7,83,863.745060539174
Clustered,Trust,0.7,84,850.025341396674
Clustered,Trust,0.7,85,873.682101512397
Clustered,Trust,0.7,86,874.403084420853
Clustered,Trust,0.7,87,874.955617247856
Clustered,Trust,0.7,88,867.777916336312
Clustered,Trust,0.7,89,858.940851425161
Clustered,Trust,0.7,90,867.378096456957
Clustered,Trust,0.7,91,855.207541066187
Clustered,Trust,0.7,92,876.642241991068
Clustered,Trust,0.7,93,878.13096739874
Clustered,Trust,0.7,94,888.5690656237
Clustered,Trust,0.7,95,874.348974557719
Clustered,Trust,0.7,96,882.137067466416
Clustered,Trust,0.7,97,860.919571760876
Clustered,Trust,0.7,98,870.363373510992
Clustered,Trust,0.7,99,864.412504997833
Clustered,Trust,0.7,100,860.693579560762
Clustered,Degree,0.1,1,104.661533069411
Clustered,Degree,0.1,2,105.114712926946
Clustered,Degree,0.1,3,109.948795808675
Clustered,Degree,0.1,4,111.783847238966
Clustered,Degree,0.1,5,108.993474516616
Clustered,Degree,0.1,6,111.777422155174
Clustered,Degree,0.1,7,109.03368604676
Clustered,Degree,0.1,8,109.832013653075
Clustered,Degree,0.1,9,107.30197108455
Clustered,Degree,0.1,10,108.386000092744
Clustered,Degree,0.1,11,113.799171852752
Clustered,Degree,0.1,12,102.894091206612
Clustered,Degree,0.1,13,106.756766116604
Clustered,Degree,0.1,14,104.830780435842
Clustered,Degree,0.1,15,108.477442570405
Clustered,Degree,0.1,16,110.118897954229
Clustered,Degree,0.1,17,110.452149895287
Clustered,Degree,0.1,18,102.607097368709
Clustered,Degree,0.1,19,106.643273099898
Clustered,Degree,0.1,20,108.781732608654
Clustered,Degree,0.1,21,106.527569162436
Clustered,Degree,0.1,22,106.412676881322
Clustered,Degree,0.1,23,103.693525785406
Clustered,Degree,0.1,24,108.493976986321
Clustered,Degree,0.1,25,104.921303917051
Clustered,Degree,0.1,26,105.897220219794
Clustered,Degree,0.1,27,108.378962612004
Clustered,Degree,0.1,28,108.045829455822
Clustered,Degree,0.1,29,111.18250148275
Clustered,Degree,0.1,30,105.891714100515
Clustered,Degree,0.1,31,109.689769690093
Clustered,Degree,0.1,32,107.395255363391
Clustered,Degree,0.1,33,105.54289992396
Clustered,Degree,0.1,34,107.495086687881
Clustered,Degree,0.1,35,106.453271743392
Clustered,Degree,0.1,36,104.158845455174
Clustered,Degree,0.1,37,108.426875241418
Clustered,Degree,0.1,38,108.150542250451
Clustered,Degree,0.1,39,104.685338989742
Clustered,Degree,0.1,40,107.362374858463
Clustered,Degree,0.1,41,108.377738231115
Clustered,Degree,0.1,42,108.845150726883
Clustered,Degree,0.1,43,107.136538399567
Clustered,Degree,0.1,44,110.024830993578
Clustered,Degree,0.1,45,106.955977646452
Clustered,Degree,0.1,46,104.963149261765
Clustered,Degree,0.1,47,105.589673536667
Clustered,Degree,0.1,48,108.000747999474
Clustered,Degree,0.1,49,107.43667232987
Clustered,Degree,0.1,50,105.476972666576
Clustered,Degree,0.1,51,103.889325232484
Clustered,Degree,0.1,52,106.260077195103
Clustered,Degree,0.1,53,106.207356670521
Clustered,Degree,0.1,54,110.294438705768
Clustered,Degree,0.1,55,112.069961590118
Clustered,Degree,0.1,56,102.667748349884
Clustered,Degree,0.1,57,110.425009512954
Clustered,Degree,0.1,58,106.475262983396
Clustered,Degree,0.1,59,103.058228364267
Clustered,Degree,0.1,60,107.341199234668
Clustered,Degree,0.1,61,107.395613103265
Clustered,Degree,0.1,62,107.656147815296
Clustered,Degree,0.1,63,108.76932617971
Clustered,Degree,0.1,64,105.717597515358
Clustered,Degree,0.1,65,105.890176704336
Clustered,Degree,0.1,66,105.344068074602
Clustered,Degree,0.1,67,108.292519438673
Clustered,Degree,0.1,68,108.725787169466
Clustered,Degree,0.1,69,104.705969114179
Clustered,Degree,0.1,70,107.941118279903
Clustered,Degree,0.1,71,104.922836886848
Clustered,Degree,0.1,72,105.805797184714
Clustered,Degree,0.1,73,104.144962812882
Clustered,Degree,0.1,74,107.345817091121
Clustered,Degree,0.1,75,109.616057276184
Clustered,Degree,0.1,76,102.121029132671
Clustered,Degree,0.1,77,109.369813907265
Clustered,Degree,0.1,78,110.560658966202
Clustered,Degree,0.1,79,107.558349013907
Clustered,Degree,0.1,80,109.886599506057
Clustered,Degree,0.1,81,104.988831006433
Clustered,Degree,0.1,82,105.758985808398
Clustered,Degree,0.1,83,109.894554398904
Clustered,Degree,0.1,84,108.786551443855
Clustered,Degree,0.1,85,105.638289955688
Clustered,Degree,0.1,86,109.389783856099
Clustered,Degree,0.1,87,99.5084294788703
Clustered,Degree,0.1,88,110.729814164413
Clustered,Degree,0.1,89,103.391834716697
Clustered,Degree,0.1,90,104.491738160616
Clustered,Degree,0.1,91,103.93113049188
Clustered,Degree,0.1,92,104.475132002721
Clustered,Degree,0.1,93,102.96286967958
Clustered,Degree,0.1,94,106.649865744939
Clustered,Degree,0.1,95,106.876465740073
Clustered,Degree,0.1,96,101.79289393136
Clustered,Degree,0.1,97,111.55944944417
Clustered,Degree,0.1,98,105.155387701781
Clustered,Degree,0.1,99,107.891540691356
Clustered,Degree,0.1,100,108.574766094762
Clustered,Degree,0.3,1,348.226703698631
Clustered,Degree,0.3,2,355.140183668534
Clustered,Degree,0.3,3,348.076172582746
Clustered,Degree,0.3,4,352.044646475075
Clustered,Degree,0.3,5,352.199901679173
Clustered,Degree,0.3,6,356.962885082214
Clustered,Degree,0.3,7,346.946222779453
Clustered,Degree,0.3,8,347.253125770927
Clustered,Degree,0.3,9,354.915229215216
Clustered,Degree,0.3,10,350.872441337069
Clustered,Degree,0.3,11,359.598212212399
Clustered,Degree,0.3,12,352.470612276583
Clustered,Degree,0.3,13,354.743900156332
Clustered,Degree,0.3,14,349.07571637151
Clustered,Degree,0.3,15,343.556163599735
Clustered,Degree,0.3,16,354.094921798247
Clustered,Degree,0.3,17,362.433547588555
Clustered,Degree,0.3,18,353.146590706961
Clustered,Degree,0.3,19,347.078784754988
Clustered,Degree,0.3,20,350.156460657468
Clustered,Degree,0.3,21,351.479574654129
Clustered,Degree,0.3,22,348.149002066194
Clustered,Degree,0.3,23,367.325389325222
Clustered,Degree,0.3,24,359.167444979534
Clustered,Degree,0.3,25,346.455623719058
Clustered,Degree,0.3,26,347.715974991114
Clustered,Degree,0.3,27,352.726783682561
Clustered,Degree,0.3,28,347.356902826768
Clustered,Degree,0.3,29,352.619659106942
Clustered,Degree,0.3,30,353.137267362894
Clustered,Degree,0.3,31,354.743414563193
Clustered,Degree,0.3,32,345.115252804748
Clustered,Degree,0.3,33,354.134780102052
Clustered,Degree,0.3,34,348.63059706394
Clustered,Degree,0.3,35,344.632218700592
Clustered,Degree,0.3,36,353.418184353487
Clustered,Degree,0.3,37,362.058863887296
Clustered,Degree,0.3,38,358.384871066758
Clustered,Degree,0.3,39,353.135084696439
Clustered,Degree,0.3,40,353.643858559715
Clustered,Degree,0.3,41,354.106152728403
Clustered,Degree,0.3,42,350.515592044627
Clustered,Degree,0.3,43,358.018758789451
Clustered,Degree,0.3,44,348.882202303233
Clustered,Degree,0.3,45,356.263976711842
Clustered,Degree,0.3,46,352.638687726932
Clustered,Degree,0.3,47,350.229789769571
Clustered,Degree,0.3,48,357.140924094067
Clustered,Degree,0.3,49,353.048397546328
Clustered,Degree,0.3,50,361.468691735313
Clustered,Degree,0.3,51,350.676531457114
Clustered,Degree,0.3,52,350.967317044559
Clustered,Degree,0.3,53,357.361946353048
Clustered,Degree,0.3,54,353.498199648613
Clustered,Degree,0.3,55,355.443779991931
Clustered,Degree,0.3,56,347.022526579654
Clustered,Degree,0.3,57,350.788523398777
Clustered,Degree,0.3,58,347.86287771745
Clustered,Degree,0.3,59,343.84572067712
Clustered,Degree,0.3,60,359.415629427961
Clustered,Degree,0.3,61,356.864057743965
Clustered,Degree,0.3,62,361.032645538701
Clustered,Degree,0.3,63,352.505364097778
Clustered,Degree,0.3,64,353.306185897795
Clustered,Degree,0.3,65,360.637809819337
Clustered,Degree,0.3,66,348.657870777564
Clustered,Degree,0.3,67,356.668712216204
Clustered,Degree,0.3,68,354.906544071355
Clustered,Degree,0.3,69,343.199826489337
Clustered,Degree,0.3,70,350.051322568299
Clustered,Degree,0.3,71,345.129406914726
Clustered,Degree,0.3,72,350.514489504065
Clustered,Degree,0.3,73,354.764232155095
Clustered,Degree,0.3,74,350.840828329674
Clustered,Degree,0.3,75,347.85709663345
Clustered,Degree,0.3,76,354.213701057459
Clustered,Degree,0.3,77,353.195545647493
Clustered,Degree,0.3,78,355.884827967589
Clustered,Degree,0.3,79,357.851578497091
Clustered,Degree,0.3,80,361.260441604581
Clustered,Degree,0.3,81,355.31636538874
Clustered,Degree,0.3,82,358.870525743316
Clustered,Degree,0.3,83,353.694752971323
Clustered,Degree,0.3,84,351.610759524303
Clustered,Degree,0.3,85,345.480560211809
Clustered,Degree,0.3,86,354.837493792597
Clustered,Degree,0.3,87,344.191410525133
Clustered,Degree,0.3,88,354.553386050506
Clustered,Degree,0.3,89,348.561491073154
Clustered,Degree,0.3,90,351.163553381669
Clustered,Degree,0.3,91,358.28423491989
Clustered,Degree,0.3,92,357.663847680643
Clustered,Degree,0.3,93,346.612887056772
Clustered,Degree,0.3,94,348.933443470957
Clustered,Degree,0.3,95,352.492647270155
Clustered,Degree,0.3,96,355.702732513291
Clustered,Degree,0.3,97,360.406911363734
Clustered,Degree,0.3,98,355.771621803958
Clustered,Degree,0.3,99,353.273007815711
Clustered,Degree,0.3,100,348.48991905249
Clustered,Degree,0.5,1,560.006967607053
Clustered,Degree,0.5,2,571.635577839094
Clustered,Degree,0.5,3,563.672200807842
Clustered,Degree,0.5,4,569.316164414321
Clustered,Degree,0.5,5,570.451525256701
Clustered,Degree,0.5,6,565.989528542107
Clustered,Degree,0.5,7,561.118301582073
Clustered,Degree,0.5,8,566.548077967352
Clustered,Degree,0.5,9,570.401769129741
Clustered,Degree,0.5,10,568.80438676984
Clustered,Degree,0.5,11,572.299495536568
Clustered,Degree,0.5,12,572.526173939923
Clustered,Degree,0.5,13,576.015777858869
Clustered,Degree,0.5,14,570.41612948445
Clustered,Degree,0.5,15,561.563613302974
Clustered,Degree,0.5,16,564.366724207919
Clustered,Degree,0.5,17,579.11798716137
Clustered,Degree,0.5,18,568.884816730385
Clustered,Degree,0.5,19,559.911932867478
Clustered,Degree,0.5,20,571.145596818611
Clustered,Degree,0.5,21,570.151852005723
Clustered,Degree,0.5,22,562.073457564795
Clustered,Degree,0.5,23,582.546363863106
Clustered,Degree,0.5,24,571.508035165847
Clustered,Degree,0.5,25,569.432803540215
Clustered,Degree,0.5,26,563.237929469924
Clustered,Degree,0.5,27,569.783736694447
Clustered,Degree,0.5,28,564.547953183281
Clustered,Degree,0.5,29,557.915850304029
Clustered,Degree,0.5,30,566.976138838371
Clustered,Degree,0.5,31,569.69355160161
Clustered,Degree,0.5,32,561.175039128045
Clustered,Degree,0.5,33,567.530312972703
Clustered,Degree,0.5,34,563.597712070733
Clustered,Degree,0.5,35,560.478439017394
Clustered,Degree,0.5,36,560.467366028593
Clustered,Degree,0.5,37,573.333619693825
Clustered,Degree,0.5,38,563.378685819302
Clustered,Degree,0.5,39,564.449291070193
Clustered,Degree,0.5,40,569.16546260056
Clustered,Degree,0.5,41,576.104478407644
Clustered,Degree,0.5,42,568.001949983382
Clustered,Degree,0.5,43,574.055170139258
Clustered,Degree,0.5,44,562.164135220755
Clustered,Degree,0.5,45,572.262803692548
Clustered,Degree,0.5,46,570.399071767424
Clustered,Degree,0.5,47,568.167676764912
Clustered,Degree,0.5,48,573.866923743813
Clustered,Degree,0.5,49,561.975427851041
Clustered,Degree,0.5,50,573.71576519598
Clustered,Degree,0.5,51,562.512961805622
Clustered,Degree,0.5,52,571.921716321939
Clustered,Degree,0.5,53,573.479164060164
Clustered,Degree,0.5,54,566.17584424249
Clustered,Degree,0.5,55,577.982924709717
Clustered,Degree,0.5,56,571.929075712429
Clustered,Degree,0.5,57,568.842167805303
Clustered,Degree,0.5,58,565.307397146614
Clustered,Degree,0.5,59,559.947880818952
Clustered,Degree,0.5,60,570.989054418045
Clustered,Degree,0.5,61,572.405119502688
Clustered,Degree,0.5,62,570.033068610132
Clustered,Degree,0.5,63,562.206788309283
Clustered,Degree,0.5,64,569.997460935909
Clustered,Degree,0.5,65,577.738617961099
Clustered,Degree,0.5,66,570.096595662053
Clustered,Degree,0.5,67,567.460745754766
Clustered,Degree,0.5,68,567.338767895561
Clustered,Degree,0.5,69,568.50888792868
Clustered,Degree,0.5,70,561.468447110205
Clustered,Degree,0.5,71,561.377040587304
Clustered,Degree,0.5,72,563.911968232039
Clustered,Degree,0.5,73,575.624392690846
Clustered,Degree,0.5,74,563.337153537684
Clustered,Degree,0.5,75,577.317735683547
Clustered,Degree,0.5,76,577.311589343422
Clustered,Degree,0.5,77,573.163988904912
Clustered,Degree,0.5,78,571.249782942133
Clustered,Degree,0.5,79,576.988016709567
Clustered,Degree,0.5,80,576.510230577638
Clustered,Degree,0.5,81,573.524448709637
Clustered,Degree,0.5,82,572.079735979604
Clustered,Degree,0.5,83,562.252667791574
Clustered,Degree,0.5,84,566.680006994354
Clustered,Degree,0.5,85,558.299995567114
Clustered,Degree,0.5,86,567.32032614893
Clustered,Degree,0.5,87,556.721754143963
Clustered,Degree,0.5,88,568.96131209991
Clustered,Degree,0.5,89,577.26822511092
Clustered,Degree,0.5,90,563.44866621506
Clustered,Degree,0.5,91,581.612827641775
Clustered,Degree,0.5,92,564.36428660823
Clustered,Degree,0.5,93,566.845012989407
Clustered,Degree,0.5,94,567.520631068442
Clustered,Degree,0.5,95,565.092698951601
Clustered,Degree,0.5,96,587.613571034693
Clustered,Degree,0.5,97,577.987685277039
Clustered,Degree,0.5,98,571.144185952184
Clustered,Degree,0.5,99,564.612885425635
Clustered,Degree,0.5,100,570.602555576699
Clustered,Degree,0.7,1,787.426275641611
Clustered,Degree,0.7,2,810.728803015715
Clustered,Degree,0.7,3,788.847458244266
Clustered,Degree,0.7,4,796.751637197078
Clustered,Degree,0.7,5,802.379724678959
Clustered,Degree,0.7,6,798.003355067144
Clustered,Degree,0.7,7,784.737221479083
Clustered,Degree,0.7,8,798.176927351968
Clustered,Degree,0.7,9,797.549116740176
Clustered,Degree,0.7,10,799.216526124408
Clustered,Degree,0.7,11,791.014295667804
Clustered,Degree,0.7,12,805.795254695922
Clustered,Degree,0.7,13,796.930726203066
Clustered,Degree,0.7,14,800.3918045102
Clustered,Degree,0.7,15,790.676673393962
Clustered,Degree,0.7,16,789.635712989653
Clustered,Degree,0.7,17,799.033177087504
Clustered,Degree,0.7,18,799.658187988366
Clustered,Degree,0.7,19,797.895126770129
Clustered,Degree,0.7,20,796.619831285149
Clustered,Degree,0.7,21,804.942766427842
Clustered,Degree,0.7,22,803.959992849451
Clustered,Degree,0.7,23,820.497313722997
Clustered,Degree,0.7,24,797.038347303991
Clustered,Degree,0.7,25,808.447136658211
Clustered,Degree,0.7,26,790.745093058804
Clustered,Degree,0.7,27,807.298945833312
Clustered,Degree,0.7,28,790.865547884873
Clustered,Degree,0.7,29,791.922015503554
Clustered,Degree,0.7,30,801.479298468001
Clustered,Degree,0.7,31,797.546088323757
Clustered,Degree,0.7,32,799.800561319404
Clustered,Degree,0.7,33,795.875552061265
Clustered,Degree,0.7,34,793.261293686282
Clustered,Degree,0.7,35,796.513012607247
Clustered,Degree,0.7,36,802.550939323998
Clustered,Degree,0.7,37,800.316032248023
Clustered,Degree,0.7,38,802.435483714472
Clustered,Degree,0.7,39,796.746095466601
Clustered,Degree,0.7,40,801.6830173928
Clustered,Degree,0.7,41,799.46139717259
Clustered,Degree,0.7,42,803.06600014107
Clustered,Degree,0.7,43,808.320572801356
Clustered,Degree,0.7,44,795.242009916896
Clustered,Degree,0.7,45,798.477393956891
Clustered,Degree,0.7,46,800.837060623021
Clustered,Degree,0.7,47,802.724740144462
Clustered,Degree,0.7,48,804.834082608987
Clustered,Degree,0.7,49,797.946469332251
Clustered,Degree,0.7,50,808.387130716378
Clustered,Degree,0.7,51,791.319952755374
Clustered,Degree,0.7,52,807.379326122459
Clustered,Degree,0.7,53,806.030977870579
Clustered,Degree,0.7,54,800.798094916656
Clustered,Degree,0.7,55,803.431315471833
Clustered,Degree,0.7,56,803.343405333988
Clustered,Degree,0.7,57,793.601862836818
Clustered,Degree,0.7,58,795.647551765769
Clustered,Degree,0.7,59,792.926713418376
Clustered,Degree,0.7,60,815.495524293103
Clustered,Degree,0.7,61,808.626913820042
Clustered,Degree,0.7,62,807.780470611582
Clustered,Degree,0.7,63,797.30729405496
Clustered,Degree,0.7,64,798.194658660441
Clustered,Degree,0.7,65,816.135116974445
Clustered,Degree,0.7,66,795.484774818836
Clustered,Degree,0.7,67,791.074779985545
Clustered,Degree,0.7,68,795.55110464637
Clustered,Degree,0.7,69,790.806570911908
Clustered,Degree,0.7,70,792.248073353868
Clustered,Degree,0.7,71,799.70704731094
Clustered,Degree,0.7,72,790.313298131541
Clustered,Degree,0.7,73,811.016002831793
Clustered,Degree,0.7,74,802.791844750567
Clustered,Degree,0.7,75,810.083008598759
Clustered,Degree,0.7,76,802.457324487102
Clustered,Degree,0.7,77,805.605718050823
Clustered,Degree,0.7,78,802.163855975615
Clustered,Degree,0.7,79,806.696039960387
Clustered,Degree,0.7,80,801.138938818699
Clustered,Degree,0.7,81,811.527545477175
Clustered,Degree,0.7,82,796.824782026114
Clustered,Degree,0.7,83,790.833028890049
Clustered,Degree,0.7,84,792.590667347007
Clustered,Degree,0.7,85,792.117782982664
Clustered,Degree,0.7,86,816.616188664977
Clustered,Degree,0.7,87,789.081092822093
Clustered,Degree,0.7,88,793.775207543836
Clustered,Degree,0.7,89,805.844628459561
Clustered,Degree,0.7,90,796.784238169236
Clustered,Degree,0.7,91,806.056556755747
Clustered,Degree,0.7,92,794.418825353225
Clustered,Degree,0.7,93,799.158874268422
Clustered,Degree,0.7,94,796.880971771767
Clustered,Degree,0.7,95,792.349312134091
Clustered,Degree,0.7,96,825.369531450413
Clustered,Degree,0.7,97,794.838540220123
Clustered,Degree,0.7,98,809.278892614914
Clustered,Degree,0.7,99,803.827666201457
Clustered,Degree,0.7,100,800.757959324118
Disconnected,SecurityLevel,0.1,1,236.947244413271
Disconnected,SecurityLevel,0.1,2,239.000507000817
Disconnected,SecurityLevel,0.1,3,250.614883334817
Disconnected,SecurityLevel,0.1,4,248.194089217669
Disconnected,SecurityLevel,0.1,5,238.615431533429
Disconnected,SecurityLevel,0.1,6,251.06054750153
Disconnected,SecurityLevel,0.1,7,242.771931853617
Disconnected,SecurityLevel,0.1,8,240.242199484569
Disconnected,SecurityLevel,0.1,9,245.793187852774
Disconnected,SecurityLevel,0.1,10,246.659430488234
Disconnected,SecurityLevel,0.1,11,227.027650563361
Disconnected,SecurityLevel,0.1,12,264.528063245564
Disconnected,SecurityLevel,0.1,13,268.176286797362
Disconnected,SecurityLevel,0.1,14,243.282883898622
Disconnected,SecurityLevel,0.1,15,254.124939789463
Disconnected,SecurityLevel,0.1,16,249.343232262475
Disconnected,SecurityLevel,0.1,17,250.300574196253
Disconnected,SecurityLevel,0.1,18,258.667304501623
Disconnected,SecurityLevel,0.1,19,257.547308207717
Disconnected,SecurityLevel,0.1,20,264.523245222763
Disconnected,SecurityLevel,0.1,21,241.181154120722
Disconnected,SecurityLevel,0.1,22,251.234907340375
Disconnected,SecurityLevel,0.1,23,249.117107652537
Disconnected,SecurityLevel,0.1,24,247.024011088589
Disconnected,SecurityLevel,0.1,25,250.10967094338
Disconnected,SecurityLevel,0.1,26,241.701092194021
Disconnected,SecurityLevel,0.1,27,244.884459101817
Disconnected,SecurityLevel,0.1,28,245.180509218981
Disconnected,SecurityLevel,0.1,29,246.449449988238
Disconnected,SecurityLevel,0.1,30,248.421758542223
Disconnected,SecurityLevel,0.1,31,241.127516937412
Disconnected,SecurityLevel,0.1,32,255.565592325276
Disconnected,SecurityLevel,0.1,33,246.817106796554
Disconnected,SecurityLevel,0.1,34,235.278948135737
Disconnected,SecurityLevel,0.1,35,243.626879351206
Disconnected,SecurityLevel,0.1,36,245.022497151726
Disconnected,SecurityLevel,0.1,37,252.979682321635
Disconnected,SecurityLevel,0.1,38,254.853753865492
Disconnected,SecurityLevel,0.1,39,262.026458371719
Disconnected,SecurityLevel,0.1,40,257.524265695973
Disconnected,SecurityLevel,0.1,41,247.89166229339
Disconnected,SecurityLevel,0.1,42,259.528083588205
Disconnected,SecurityLevel,0.1,43,264.622553853735
Disconnected,SecurityLevel,0.1,44,260.435613171452
Disconnected,SecurityLevel,0.1,45,252.054907596385
Disconnected,SecurityLevel,0.1,46,255.012028110092
Disconnected,SecurityLevel,0.1,47,256.825960635425
Disconnected,SecurityLevel,0.1,48,229.106894296477
Disconnected,SecurityLevel,0.1,49,244.837038723367
Disconnected,SecurityLevel,0.1,50,261.63588073971
Disconnected,SecurityLevel,0.1,51,251.075843029911
Disconnected,SecurityLevel,0.1,52,262.000925176447
Disconnected,SecurityLevel,0.1,53,259.608945153846
Disconnected,SecurityLevel,0.1,54,258.874588661521
Disconnected,SecurityLevel,0.1,55,249.479538833656
Disconnected,SecurityLevel,0.1,56,236.923791911543
Disconnected,SecurityLevel,0.1,57,246.360405911545
Disconnected,SecurityLevel,0.1,58,235.819523834988
Disconnected,SecurityLevel,0.1,59,249.720831470723
Disconnected,SecurityLevel,0.1,60,233.032033123514
Disconnected,SecurityLevel,0.1,61,238.62692935299
Disconnected,SecurityLevel,0.1,62,248.977850184149
Disconnected,SecurityLevel,0.1,63,256.208348088799
Disconnected,SecurityLevel,0.1,64,238.894705638592
Disconnected,SecurityLevel,0.1,65,247.668532470398
Disconnected,SecurityLevel,0.1,66,256.355848845734
Disconnected,SecurityLevel,0.1,67,249.476581495538
Disconnected,SecurityLevel,0.1,68,270.237491132206
Disconnected,SecurityLevel,0.1,69,266.328097371127
Disconnected,SecurityLevel,0.1,70,248.912501626117
Disconnected,SecurityLevel,0.1,71,250.77615896759
Disconnected,SecurityLevel,0.1,72,251.930480071714
Disconnected,SecurityLevel,0.1,73,243.805723446828
Disconnected,SecurityLevel,0.1,74,266.859646931441
Disconnected,SecurityLevel,0.1,75,259.776868962238
Disconnected,SecurityLevel,0.1,76,254.742049392356
Disconnected,SecurityLevel,0.1,77,243.873597916753
Disconnected,SecurityLevel,0.1,78,241.515140482163
Disconnected,SecurityLevel,0.1,79,252.053476084112
Disconnected,SecurityLevel,0.1,80,260.30663788978
Disconnected,SecurityLevel,0.1,81,247.802915299405
Disconnected,SecurityLevel,0.1,82,236.153305904824
Disconnected,SecurityLevel,0.1,83,252.832155364257
Disconnected,SecurityLevel,0.1,84,244.410326096165
Disconnected,SecurityLevel,0.1,85,246.56632975407
Disconnected,SecurityLevel,0.1,86,245.305955116302
Disconnected,SecurityLevel,0.1,87,253.758360946219
Disconnected,SecurityLevel,0.1,88,241.543200862613
Disconnected,SecurityLevel,0.1,89,236.03513673397
Disconnected,SecurityLevel,0.1,90,261.418055474598
Disconnected,SecurityLevel,0.1,91,247.368096217429
Disconnected,SecurityLevel,0.1,92,250.296124257257
Disconnected,SecurityLevel,0.1,93,259.418803754238
Disconnected,SecurityLevel,0.1,94,250.143957920774
Disconnected,SecurityLevel,0.1,95,240.781141891063
Disconnected,SecurityLevel,0.1,96,251.265692507258
Disconnected,SecurityLevel,0.1,97,253.423307325666
Disconnected,SecurityLevel,0.1,98,287.01514503796
Disconnected,SecurityLevel,0.1,99,251.394349609548
Disconnected,SecurityLevel,0.1,100,253.012608655445
Disconnected,SecurityLevel,0.3,1,575.379730873427
Disconnected,SecurityLevel,0.3,2,574.977500086953
Disconnected,SecurityLevel,0.3,3,598.540195209484
Disconnected,SecurityLevel,0.3,4,583.171022685089
Disconnected,SecurityLevel,0.3,5,587.46099586528
Disconnected,SecurityLevel,0.3,6,599.357404648921
Disconnected,SecurityLevel,0.3,7,572.769508733789
Disconnected,SecurityLevel,0.3,8,583.519224323654
Disconnected,SecurityLevel,0.3,9,585.68106862356
Disconnected,SecurityLevel,0.3,10,584.292472121403
Disconnected,SecurityLevel,0.3,11,557.17376959465
Disconnected,SecurityLevel,0.3,12,603.453994879051
Disconnected,SecurityLevel,0.3,13,614.937605806851
Disconnected,SecurityLevel,0.3,14,578.922800724892
Disconnected,SecurityLevel,0.3,15,592.840730592709
Disconnected,SecurityLevel,0.3,16,581.77952132522
Disconnected,SecurityLevel,0.3,17,592.260317313225
Disconnected,SecurityLevel,0.3,18,592.030288163921
Disconnected,SecurityLevel,0.3,19,582.784392557591
Disconnected,SecurityLevel,0.3,20,612.561033974362
Disconnected,SecurityLevel,0.3,21,596.550900839497
Disconnected,SecurityLevel,0.3,22,590.631499303091
Disconnected,SecurityLevel,0.3,23,586.989666672843
Disconnected,SecurityLevel,0.3,24,597.248201366636
Disconnected,SecurityLevel,0.3,25,590.962988195864
Disconnected,SecurityLevel,0.3,26,589.428780582565
Disconnected,SecurityLevel,0.3,27,586.11585941491
Disconnected,SecurityLevel,0.3,28,582.711903296127
Disconnected,SecurityLevel,0.3,29,597.869180291713
Disconnected,SecurityLevel,0.3,30,585.947121998751
Disconnected,SecurityLevel,0.3,31,594.941259014681
Disconnected,SecurityLevel,0.3,32,599.071182969071
Disconnected,SecurityLevel,0.3,33,584.870727595191
Disconnected,SecurityLevel,0.3,34,574.807161300101
Disconnected,SecurityLevel,0.3,35,584.629654310093
Disconnected,SecurityLevel,0.3,36,580.298514840867
Disconnected,SecurityLevel,0.3,37,586.308051718894
Disconnected,SecurityLevel,0.3,38,600.682926735475
Disconnected,SecurityLevel,0.3,39,593.527466549513
Disconnected,SecurityLevel,0.3,40,608.446721011727
Disconnected,SecurityLevel,0.3,41,591.010633848158
Disconnected,SecurityLevel,0.3,42,602.407452634671
Disconnected,SecurityLevel,0.3,43,611.345263642914
Disconnected,SecurityLevel,0.3,44,609.751211998599
Disconnected,SecurityLevel,0.3,45,601.19463557218
Disconnected,SecurityLevel,0.3,46,586.684062559823
Disconnected,SecurityLevel,0.3,47,594.327544819786
Disconnected,SecurityLevel,0.3,48,566.784694711218
Disconnected,SecurityLevel,0.3,49,580.249727621095
Disconnected,SecurityLevel,0.3,50,593.994584346837
Disconnected,SecurityLevel,0.3,51,587.743277826335
Disconnected,SecurityLevel,0.3,52,604.116260711549
Disconnected,SecurityLevel,0.3,53,599.991731438117
Disconnected,SecurityLevel,0.3,54,605.700839889171
Disconnected,SecurityLevel,0.3,55,598.535095346779
Disconnected,SecurityLevel,0.3,56,578.758908206883
Disconnected,SecurityLevel,0.3,57,584.003677925989
Disconnected,SecurityLevel,0.3,58,584.105903940722
Disconnected,SecurityLevel,0.3,59,590.866137369672
Disconnected,SecurityLevel,0.3,60,579.978335363048
Disconnected,SecurityLevel,0.3,61,591.669405548845
Disconnected,SecurityLevel,0.3,62,600.240994403965
Disconnected,SecurityLevel,0.3,63,590.146306310219
Disconnected,SecurityLevel,0.3,64,583.836157986482
Disconnected,SecurityLevel,0.3,65,598.350829592623
Disconnected,SecurityLevel,0.3,66,598.468754714201
Disconnected,SecurityLevel,0.3,67,584.419155472796
Disconnected,SecurityLevel,0.3,68,602.532783027631
Disconnected,SecurityLevel,0.3,69,624.602175180756
Disconnected,SecurityLevel,0.3,70,586.096840834667
Disconnected,SecurityLevel,0.3,71,597.551524553673
Disconnected,SecurityLevel,0.3,72,605.814329679315
Disconnected,SecurityLevel,0.3,73,589.796287724575
Disconnected,SecurityLevel,0.3,74,598.773394728416
Disconnected,SecurityLevel,0.3,75,613.225029374416
Disconnected,SecurityLevel,0.3,76,593.08294387936
Disconnected,SecurityLevel,0.3,77,597.601563768616
Disconnected,SecurityLevel,0.3,78,591.647075258352
Disconnected,SecurityLevel,0.3,79,586.343109230132
Disconnected,SecurityLevel,0.3,80,615.697882545962
Disconnected,SecurityLevel,0.3,81,599.832139018471
Disconnected,SecurityLevel,0.3,82,570.570624286229
Disconnected,SecurityLevel,0.3,83,590.065646860665
Disconnected,SecurityLevel,0.3,84,582.621887761035
Disconnected,SecurityLevel,0.3,85,586.732893581934
Disconnected,SecurityLevel,0.3,86,585.209329638097
Disconnected,SecurityLevel,0.3,87,582.419707484804
Disconnected,SecurityLevel,0.3,88,590.227467252569
Disconnected,SecurityLevel,0.3,89,585.477111960322
Disconnected,SecurityLevel,0.3,90,599.402336877136
Disconnected,SecurityLevel,0.3,91,580.383473335535
Disconnected,SecurityLevel,0.3,92,588.509823358492
Disconnected,SecurityLevel,0.3,93,604.37926937954
Disconnected,SecurityLevel,0.3,94,582.129450610783
Disconnected,SecurityLevel,0.3,95,569.543446986871
Disconnected,SecurityLevel,0.3,96,606.41757354075
Disconnected,SecurityLevel,0.3,97,600.723217481425
Disconnected,SecurityLevel,0.3,98,622.637645417881
Disconnected,SecurityLevel,0.3,99,586.208484834342
Disconnected,SecurityLevel,0.3,100,596.996223803453
Disconnected,SecurityLevel,0.5,1,815.262871692926
Disconnected,SecurityLevel,0.5,2,822.726024407326
Disconnected,SecurityLevel,0.5,3,831.23899746235
Disconnected,SecurityLevel,0.5,4,821.757455838892
Disconnected,SecurityLevel,0.5,5,820.821505906501
Disconnected,SecurityLevel,0.5,6,831.925437296773
Disconnected,SecurityLevel,0.5,7,806.65691871164
Disconnected,SecurityLevel,0.5,8,818.832559756273
Disconnected,SecurityLevel,0.5,9,830.097870815829
Disconnected,SecurityLevel,0.5,10,820.570870720645
Disconnected,SecurityLevel,0.5,11,794.830380741892
Disconnected,SecurityLevel,0.5,12,849.02362738548
Disconnected,SecurityLevel,0.5,13,849.54770670981
Disconnected,SecurityLevel,0.5,14,824.787204600021
Disconnected,SecurityLevel,0.5,15,828.867585791079
Disconnected,SecurityLevel,0.5,16,820.672093034776
Disconnected,SecurityLevel,0.5,17,828.827666001443
Disconnected,SecurityLevel,0.5,18,831.903505523147
Disconnected,SecurityLevel,0.5,19,815.936496105424
Disconnected,SecurityLevel,0.5,20,841.293043126126
Disconnected,SecurityLevel,0.5,21,836.060762131351
Disconnected,SecurityLevel,0.5,22,831.179742371835
Disconnected,SecurityLevel,0.5,23,836.295522798355
Disconnected,SecurityLevel,0.5,24,831.581731792875
Disconnected,SecurityLevel,0.5,25,831.608776719643
Disconnected,SecurityLevel,0.5,26,828.434777943371
Disconnected,SecurityLevel,0.5,27,821.388172418331
Disconnected,SecurityLevel,0.5,28,830.165440729535
Disconnected,SecurityLevel,0.5,29,836.35485878295
Disconnected,SecurityLevel,0.5,30,821.197076931908
Disconnected,SecurityLevel,0.5,31,840.595238350498
Disconnected,SecurityLevel,0.5,32,841.524238662147
Disconnected,SecurityLevel,0.5,33,810.336253543828
Disconnected,SecurityLevel,0.5,34,822.626967586303
Disconnected,SecurityLevel,0.5,35,818.56057226607
Disconnected,SecurityLevel,0.5,36,833.632043588851
Disconnected,SecurityLevel,0.5,37,825.047179088639
Disconnected,SecurityLevel,0.5,38,841.150480651145
Disconnected,SecurityLevel,0.5,39,836.86597849236
Disconnected,SecurityLevel,0.5,40,839.005771285977
Disconnected,SecurityLevel,0.5,41,831.135153572783
Disconnected,SecurityLevel,0.5,42,837.320772909664
Disconnected,SecurityLevel,0.5,43,851.479831060666
Disconnected,SecurityLevel,0.5,44,840.688887415745
Disconnected,SecurityLevel,0.5,45,857.580960172414
Disconnected,SecurityLevel,0.5,46,826.402569927806
Disconnected,SecurityLevel,0.5,47,838.073005697658
Disconnected,SecurityLevel,0.5,48,802.307720788926
Disconnected,SecurityLevel,0.5,49,826.187229544191
Disconnected,SecurityLevel,0.5,50,836.427798029062
Disconnected,SecurityLevel,0.5,51,825.026184121448
Disconnected,SecurityLevel,0.5,52,840.849362306464
Disconnected,SecurityLevel,0.5,53,830.423776858003
Disconnected,SecurityLevel,0.5,54,853.747845480386
Disconnected,SecurityLevel,0.5,55,831.919434892656
Disconnected,SecurityLevel,0.5,56,828.009492994179
Disconnected,SecurityLevel,0.5,57,825.509944160221
Disconnected,SecurityLevel,0.5,58,817.00572730661
Disconnected,SecurityLevel,0.5,59,830.204525624197
Disconnected,SecurityLevel,0.5,60,830.364903419407
Disconnected,SecurityLevel,0.5,61,827.895035594341
Disconnected,SecurityLevel,0.5,62,840.05783096475
Disconnected,SecurityLevel,0.5,63,831.388433458703
Disconnected,SecurityLevel,0.5,64,830.036599786607
Disconnected,SecurityLevel,0.5,65,844.209172184853
Disconnected,SecurityLevel,0.5,66,841.686269337024
Disconnected,SecurityLevel,0.5,67,824.201968013314
Disconnected,SecurityLevel,0.5,68,839.856028989762
Disconnected,SecurityLevel,0.5,69,853.16781067852
Disconnected,SecurityLevel,0.5,70,823.828922239624
Disconnected,SecurityLevel,0.5,71,827.033871965536
Disconnected,SecurityLevel,0.5,72,851.720042712002
Disconnected,SecurityLevel,0.5,73,827.335310515717
Disconnected,SecurityLevel,0.5,74,845.456476348931
Disconnected,SecurityLevel,0.5,75,844.567478066934
Disconnected,SecurityLevel,0.5,76,846.187128191089
Disconnected,SecurityLevel,0.5,77,829.163335469778
Disconnected,SecurityLevel,0.5,78,818.499043749309
Disconnected,SecurityLevel,0.5,79,824.623190813555
Disconnected,SecurityLevel,0.5,80,866.266809142528
Disconnected,SecurityLevel,0.5,81,835.745132669003
Disconnected,SecurityLevel,0.5,82,823.497472420103
Disconnected,SecurityLevel,0.5,83,831.433956525389
Disconnected,SecurityLevel,0.5,84,820.858952842579
Disconnected,SecurityLevel,0.5,85,829.232065285445
Disconnected,SecurityLevel,0.5,86,824.74980053423
Disconnected,SecurityLevel,0.5,87,821.994553959885
Disconnected,SecurityLevel,0.5,88,823.217371075204
Disconnected,SecurityLevel,0.5,89,831.698390928208
Disconnected,SecurityLevel,0.5,90,852.923750877608
Disconnected,SecurityLevel,0.5,91,814.804854586889
Disconnected,SecurityLevel,0.5,92,837.555567889939
Disconnected,SecurityLevel,0.5,93,839.949088338925
Disconnected,SecurityLevel,0.5,94,817.948404742836
Disconnected,SecurityLevel,0.5,95,808.999547083737
Disconnected,SecurityLevel,0.5,96,834.790145817763
Disconnected,SecurityLevel,0.5,97,847.324683984427
Disconnected,SecurityLevel,0.5,98,870.089770598601
Disconnected,SecurityLevel,0.5,99,824.076039989863
Disconnected,SecurityLevel,0.5,100,836.54331787568
Disconnected,SecurityLevel,0.7,1,985.582244872683
Disconnected,SecurityLevel,0.7,2,992.89795143204
Disconnected,SecurityLevel,0.7,3,1003.16442997301
Disconnected,SecurityLevel,0.7,4,1000.24726745712
Disconnected,SecurityLevel,0.7,5,996.27976980314
Disconnected,SecurityLevel,0.7,6,1003.86284425445
Disconnected,SecurityLevel,0.7,7,983.753041779393
Disconnected,SecurityLevel,0.7,8,1003.48997356214
Disconnected,SecurityLevel,0.7,9,1005.2831759289
Disconnected,SecurityLevel,0.7,10,993.820564181152
Disconnected,SecurityLevel,0.7,11,969.770485573022
Disconnected,SecurityLevel,0.7,12,1025.12198248211
Disconnected,SecurityLevel,0.7,13,1024.78414595384
Disconnected,SecurityLevel,0.7,14,1007.75396345591
Disconnected,SecurityLevel,0.7,15,1001.12837393825
Disconnected,SecurityLevel,0.7,16,1007.18509681724
Disconnected,SecurityLevel,0.7,17,1007.91010747587
Disconnected,SecurityLevel,0.7,18,1007.22248171918
Disconnected,SecurityLevel,0.7,19,1001.72681579562
Disconnected,SecurityLevel,0.7,20,1013.00198758986
Disconnected,SecurityLevel,0.7,21,1013.64941386988
Disconnected,SecurityLevel,0.7,22,1003.60343803311
Disconnected,SecurityLevel,0.7,23,1007.3796548306
Disconnected,SecurityLevel,0.7,24,1021.28313999864
Disconnected,SecurityLevel,0.7,25,1008.25956657556
Disconnected,SecurityLevel,0.7,26,1003.82424564192
Disconnected,SecurityLevel,0.7,27,1000.74512221841
Disconnected,SecurityLevel,0.7,28,1003.30124883899
Disconnected,SecurityLevel,0.7,29,1013.65292356466
Disconnected,SecurityLevel,0.7,30,995.611053270208
Disconnected,SecurityLevel,0.7,31,1007.78035607119
Disconnected,SecurityLevel,0.7,32,1014.09774117425
Disconnected,SecurityLevel,0.7,33,992.404167461712
Disconnected,SecurityLevel,0.7,34,997.144423028982
Disconnected,SecurityLevel,0.7,35,996.15128236036
Disconnected,SecurityLevel,0.7,36,1009.29852336664
Disconnected,SecurityLevel,0.7,37,1003.96766655023
Disconnected,SecurityLevel,0.7,38,1012.30757799767
Disconnected,SecurityLevel,0.7,39,1006.00165711744
Disconnected,SecurityLevel,0.7,40,1015.86757138745
Disconnected,SecurityLevel,0.7,41,1003.90071404349
Disconnected,SecurityLevel,0.7,42,1010.27195275913
Disconnected,SecurityLevel,0.7,43,1025.57868012523
Disconnected,SecurityLevel,0.7,44,1015.28522915043
Disconnected,SecurityLevel,0.7,45,1027.58781414742
Disconnected,SecurityLevel,0.7,46,999.747196789378
Disconnected,SecurityLevel,0.7,47,1020.79057590178
Disconnected,SecurityLevel,0.7,48,975.848980410726
Disconnected,SecurityLevel,0.7,49,997.685319753253
Disconnected,SecurityLevel,0.7,50,1012.94344355429
Disconnected,SecurityLevel,0.7,51,999.719823029761
Disconnected,SecurityLevel,0.7,52,1012.90029819894
Disconnected,SecurityLevel,0.7,53,1006.01546654214
Disconnected,SecurityLevel,0.7,54,1033.8179647521
Disconnected,SecurityLevel,0.7,55,1013.27893762131
Disconnected,SecurityLevel,0.7,56,998.725020221878
Disconnected,SecurityLevel,0.7,57,995.122197585893
Disconnected,SecurityLevel,0.7,58,988.720401122002
Disconnected,SecurityLevel,0.7,59,997.645499591275
Disconnected,SecurityLevel,0.7,60,1008.07602376155
Disconnected,SecurityLevel,0.7,61,1012.71439463082
Disconnected,SecurityLevel,0.7,62,1018.60033010474
Disconnected,SecurityLevel,0.7,63,1011.79031161256
Disconnected,SecurityLevel,0.7,64,1004.92785679398
Disconnected,SecurityLevel,0.7,65,1016.36671167744
Disconnected,SecurityLevel,0.7,66,1015.68954952839
Disconnected,SecurityLevel,0.7,67,1001.88299565105
Disconnected,SecurityLevel,0.7,68,1014.98377356231
Disconnected,SecurityLevel,0.7,69,1040.27664339322
Disconnected,SecurityLevel,0.7,70,995.275730458718
Disconnected,SecurityLevel,0.7,71,1000.31289188635
Disconnected,SecurityLevel,0.7,72,1030.22267769873
Disconnected,SecurityLevel,0.7,73,1002.85307466739
Disconnected,SecurityLevel,0.7,74,1012.78988874
Disconnected,SecurityLevel,0.7,75,1025.91947464608
Disconnected,SecurityLevel,0.7,76,1019.4517611868
Disconnected,SecurityLevel,0.7,77,1005.99499479523
Disconnected,SecurityLevel,0.7,78,999.203303095473
Disconnected,SecurityLevel,0.7,79,998.079705382396
Disconnected,SecurityLevel,0.7,80,1036.27045162638
Disconnected,SecurityLevel,0.7,81,1007.37925260693
Disconnected,SecurityLevel,0.7,82,1000.27342330696
Disconnected,SecurityLevel,0.7,83,1004.98120791595
Disconnected,SecurityLevel,0.7,84,991.951411960339
Disconnected,SecurityLevel,0.7,85,1004.33529601983
Disconnected,SecurityLevel,0.7,86,998.064127376336
Disconnected,SecurityLevel,0.7,87,1003.11022327443
Disconnected,SecurityLevel,0.7,88,1001.7849202329
Disconnected,SecurityLevel,0.7,89,1006.06483461801
Disconnected,SecurityLevel,0.7,90,1028.45030688608
Disconnected,SecurityLevel,0.7,91,987.425953276274
Disconnected,SecurityLevel,0.7,92,1008.8675753934
Disconnected,SecurityLevel,0.7,93,1015.91970166639
Disconnected,SecurityLevel,0.7,94,990.197388692679
Disconnected,SecurityLevel,0.7,95,999.078814719882
Disconnected,SecurityLevel,0.7,96,1008.51023646985
Disconnected,SecurityLevel,0.7,97,1020.18330430923
Disconnected,SecurityLevel,0.7,98,1041.13296728546
Disconnected,SecurityLevel,0.7,99,999.924508284381
Disconnected,SecurityLevel,0.7,100,1014.32503829132
Disconnected,Trust,0.1,1,150.492339101926
Disconnected,Trust,0.1,2,146.744471525698
Disconnected,Trust,0.1,3,144.015865926519
Disconnected,Trust,0.1,4,146.095446114511
Disconnected,Trust,0.1,5,153.358070947763
Disconnected,Trust,0.1,6,147.756282708224
Disconnected,Trust,0.1,7,140.270218815275
Disconnected,Trust,0.1,8,142.110302863992
Disconnected,Trust,0.1,9,157.270739348602
Disconnected,Trust,0.1,10,139.323470302262
Disconnected,Trust,0.1,11,148.584910517254
Disconnected,Trust,0.1,12,144.413656443836
Disconnected,Trust,0.1,13,145.473809735246
Disconnected,Trust,0.1,14,140.248181309926
Disconnected,Trust,0.1,15,139.409711628275
Disconnected,Trust,0.1,16,163.60087239043
Disconnected,Trust,0.1,17,146.544238659649
Disconnected,Trust,0.1,18,138.63657547909
Disconnected,Trust,0.1,19,140.132636597796
Disconnected,Trust,0.1,20,156.840397717854
Disconnected,Trust,0.1,21,154.169070102499
Disconnected,Trust,0.1,22,144.052904501232
Disconnected,Trust,0.1,23,147.427091416433
Disconnected,Trust,0.1,24,172.593032136487
Disconnected,Trust,0.1,25,148.933162086805
Disconnected,Trust,0.1,26,142.526984072123
Disconnected,Trust,0.1,27,140.599094264827
Disconnected,Trust,0.1,28,142.800754728737
Disconnected,Trust,0.1,29,153.526874351043
Disconnected,Trust,0.1,30,139.179568903891
Disconnected,Trust,0.1,31,143.797252661259
Disconnected,Trust,0.1,32,137.993795092436
Disconnected,Trust,0.1,33,134.863784395597
Disconnected,Trust,0.1,34,149.205250897711
Disconnected,Trust,0.1,35,140.287965120599
Disconnected,Trust,0.1,36,134.867704872573
Disconnected,Trust,0.1,37,146.859441871357
Disconnected,Trust,0.1,38,144.513299452603
Disconnected,Trust,0.1,39,150.712610308499
Disconnected,Trust,0.1,40,143.64722560052
Disconnected,Trust,0.1,41,147.061835507586
Disconnected,Trust,0.1,42,138.907955577664
Disconnected,Trust,0.1,43,142.425878350429
Disconnected,Trust,0.1,44,143.812044939415
Disconnected,Trust,0.1,45,150.701553721605
Disconnected,Trust,0.1,46,144.81291060999
Disconnected,Trust,0.1,47,134.98572177754
Disconnected,Trust,0.1,48,137.368717959109
Disconnected,Trust,0.1,49,145.63096317467
Disconnected,Trust,0.1,50,152.62393963223
Disconnected,Trust,0.1,51,137.518669408447
Disconnected,Trust,0.1,52,154.114380250729
Disconnected,Trust,0.1,53,140.551353605965
Disconnected,Trust,0.1,54,169.439985937553
Disconnected,Trust,0.1,55,157.041363898906
Disconnected,Trust,0.1,56,157.77364580423
Disconnected,Trust,0.1,57,148.555909036847
Disconnected,Trust,0.1,58,144.636811183404
Disconnected,Trust,0.1,59,146.635114512767
Disconnected,Trust,0.1,60,150.466289110976
Disconnected,Trust,0.1,61,166.815367086168
Disconnected,Trust,0.1,62,146.284749933513
Disconnected,Trust,0.1,63,145.709425031423
Disconnected,Trust,0.1,64,149.574744176444
Disconnected,Trust,0.1,65,149.569317416177
Disconnected,Trust,0.1,66,160.269463970999
Disconnected,Trust,0.1,67,145.671763051601
Disconnected,Trust,0.1,68,134.444502308523
Disconnected,Trust,0.1,69,143.520510737467
Disconnected,Trust,0.1,70,142.588833736841
Disconnected,Trust,0.1,71,145.92707793545
Disconnected,Trust,0.1,72,167.039856587513
Disconnected,Trust,0.1,73,144.497905835131
Disconnected,Trust,0.1,74,141.69293403688
Disconnected,Trust,0.1,75,159.33489066243
Disconnected,Trust,0.1,76,145.987983427984
Disconnected,Trust,0.1,77,154.320593004214
Disconnected,Trust,0.1,78,139.539900936351
Disconnected,Trust,0.1,79,142.285470799158
Disconnected,Trust,0.1,80,156.205087795407
Disconnected,Trust,0.1,81,144.93903863732
Disconnected,Trust,0.1,82,149.821698199719
Disconnected,Trust,0.1,83,146.407098030176
Disconnected,Trust,0.1,84,139.982835498516
Disconnected,Trust,0.1,85,151.614965477891
Disconnected,Trust,0.1,86,149.33533499313
Disconnected,Trust,0.1,87,147.641698168163
Disconnected,Trust,0.1,88,143.695382793267
Disconnected,Trust,0.1,89,168.005644799851
Disconnected,Trust,0.1,90,158.404611753322
Disconnected,Trust,0.1,91,136.622615395243
Disconnected,Trust,0.1,92,148.865682420267
Disconnected,Trust,0.1,93,151.3164409807
Disconnected,Trust,0.1,94,135.990487353914
Disconnected,Trust,0.1,95,150.252310055896
Disconnected,Trust,0.1,96,158.466644534216
Disconnected,Trust,0.1,97,154.409770357056
Disconnected,Trust,0.1,98,141.521418726199
Disconnected,Trust,0.1,99,140.701237695286
Disconnected,Trust,0.1,100,144.252910335464
Disconnected,Trust,0.3,1,364.512453200255
Disconnected,Trust,0.3,2,373.988343823038
Disconnected,Trust,0.3,3,374.298329548792
Disconnected,Trust,0.3,4,374.033681840514
Disconnected,Trust,0.3,5,372.955566513045
Disconnected,Trust,0.3,6,365.547140968289
Disconnected,Trust,0.3,7,369.025330595716
Disconnected,Trust,0.3,8,367.292028420329
Disconnected,Trust,0.3,9,373.897212608435
Disconnected,Trust,0.3,10,362.270737612875
Disconnected,Trust,0.3,11,360.571893910333
Disconnected,Trust,0.3,12,378.596798603933
Disconnected,Trust,0.3,13,378.880940643888
Disconnected,Trust,0.3,14,373.181039458103
Disconnected,Trust,0.3,15,375.544369640402
Disconnected,Trust,0.3,16,381.301261425247
Disconnected,Trust,0.3,17,379.141493545259
Disconnected,Trust,0.3,18,370.582502986934
Disconnected,Trust,0.3,19,374.815963693765
Disconnected,Trust,0.3,20,399.241020846804
Disconnected,Trust,0.3,21,378.118330241903
Disconnected,Trust,0.3,22,375.334394343289
Disconnected,Trust,0.3,23,384.738594109383
Disconnected,Trust,0.3,24,391.990294656154
Disconnected,Trust,0.3,25,372.669166374806
Disconnected,Trust,0.3,26,380.408166569126
Disconnected,Trust,0.3,27,363.123016617305
Disconnected,Trust,0.3,28,370.835703737441
Disconnected,Trust,0.3,29,393.988782667552
Disconnected,Trust,0.3,30,374.237499947477
Disconnected,Trust,0.3,31,374.749803675295
Disconnected,Trust,0.3,32,361.238509631399
Disconnected,Trust,0.3,33,362.583260798284
Disconnected,Trust,0.3,34,367.511526730408
Disconnected,Trust,0.3,35,364.597720944025
Disconnected,Trust,0.3,36,368.110213062588
Disconnected,Trust,0.3,37,376.32902655861
Disconnected,Trust,0.3,38,381.019422946378
Disconnected,Trust,0.3,39,384.407766993414
Disconnected,Trust,0.3,40,379.872828070464
Disconnected,Trust,0.3,41,361.781173476811
Disconnected,Trust,0.3,42,376.955497025088
Disconnected,Trust,0.3,43,385.514993635297
Disconnected,Trust,0.3,44,372.334115412277
Disconnected,Trust,0.3,45,373.96934518424
Disconnected,Trust,0.3,46,363.328945901654
Disconnected,Trust,0.3,47,382.115164178155
Disconnected,Trust,0.3,48,353.062443269111
Disconnected,Trust,0.3,49,370.989025895689
Disconnected,Trust,0.3,50,376.848052573755
Disconnected,Trust,0.3,51,360.535869068757
Disconnected,Trust,0.3,52,377.429790381963
Disconnected,Trust,0.3,53,364.864555667073
Disconnected,Trust,0.3,54,403.458104258668
Disconnected,Trust,0.3,55,379.966264622571
Disconnected,Trust,0.3,56,373.831923020546
Disconnected,Trust,0.3,57,386.550089810645
Disconnected,Trust,0.3,58,364.818401413152
Disconnected,Trust,0.3,59,368.215232249848
Disconnected,Trust,0.3,60,382.350730473678
Disconnected,Trust,0.3,61,393.659712882654
Disconnected,Trust,0.3,62,384.57138466889
Disconnected,Trust,0.3,63,375.615722226488
Disconnected,Trust,0.3,64,373.030936727217
Disconnected,Trust,0.3,65,381.269915710689
Disconnected,Trust,0.3,66,387.699897284996
Disconnected,Trust,0.3,67,384.542767449157
Disconnected,Trust,0.3,68,374.597273724074
Disconnected,Trust,0.3,69,404.734895119784
Disconnected,Trust,0.3,70,373.792488863786
Disconnected,Trust,0.3,71,378.085914368724
Disconnected,Trust,0.3,72,401.310727938226
Disconnected,Trust,0.3,73,363.730227052379
Disconnected,Trust,0.3,74,380.150231280845
Disconnected,Trust,0.3,75,379.710983806329
Disconnected,Trust,0.3,76,387.183379844387
Disconnected,Trust,0.3,77,375.490498791867
Disconnected,Trust,0.3,78,374.464694987276
Disconnected,Trust,0.3,79,364.37066048764
Disconnected,Trust,0.3,80,396.336063291135
Disconnected,Trust,0.3,81,359.438531461475
Disconnected,Trust,0.3,82,384.181615329166
Disconnected,Trust,0.3,83,369.905544754392
Disconnected,Trust,0.3,84,374.291972914122
Disconnected,Trust,0.3,85,382.108084254629
Disconnected,Trust,0.3,86,372.086480920833
Disconnected,Trust,0.3,87,368.543445202412
Disconnected,Trust,0.3,88,380.851085578199
Disconnected,Trust,0.3,89,384.452371529617
Disconnected,Trust,0.3,90,391.911751166771
Disconnected,Trust,0.3,91,355.630910246451
Disconnected,Trust,0.3,92,381.502875817803
Disconnected,Trust,0.3,93,373.566832076377
Disconnected,Trust,0.3,94,361.563698872922
Disconnected,Trust,0.3,95,360.682894141382
Disconnected,Trust,0.3,96,368.142261119406
Disconnected,Trust,0.3,97,392.436170235382
Disconnected,Trust,0.3,98,386.362487368831
Disconnected,Trust,0.3,99,370.421571715927
Disconnected,Trust,0.3,100,373.121848884195
Disconnected,Trust,0.5,1,567.055583960317
Disconnected,Trust,0.5,2,581.65039128574
Disconnected,Trust,0.5,3,579.209746812386
Disconnected,Trust,0.5,4,585.276581663927
Disconnected,Trust,0.5,5,581.712766507036
Disconnected,Trust,0.5,6,581.271191013428
Disconnected,Trust,0.5,7,584.025505859
Disconnected,Trust,0.5,8,579.423483463756
Disconnected,Trust,0.5,9,590.823812067672
Disconnected,Trust,0.5,10,581.97106275092
Disconnected,Trust,0.5,11,572.536003421905
Disconnected,Trust,0.5,12,591.343741638205
Disconnected,Trust,0.5,13,588.772556246635
Disconnected,Trust,0.5,14,581.259180762299
Disconnected,Trust,0.5,15,588.682247863291
Disconnected,Trust,0.5,16,595.949027933562
Disconnected,Trust,0.5,17,591.701264299885
Disconnected,Trust,0.5,18,584.787038341976
Disconnected,Trust,0.5,19,586.350651202669
Disconnected,Trust,0.5,20,608.190107306937
Disconnected,Trust,0.5,21,589.107754484754
Disconnected,Trust,0.5,22,592.987773873813
Disconnected,Trust,0.5,23,591.45147382374
Disconnected,Trust,0.5,24,606.382387910691
Disconnected,Trust,0.5,25,596.873552657423
Disconnected,Trust,0.5,26,589.360720864288
Disconnected,Trust,0.5,27,578.124490054845
Disconnected,Trust,0.5,28,589.430953117838
Disconnected,Trust,0.5,29,604.26731199918
Disconnected,Trust,0.5,30,590.662885600472
Disconnected,Trust,0.5,31,593.680923316211
Disconnected,Trust,0.5,32,584.679368839423
Disconnected,Trust,0.5,33,570.13579991655
Disconnected,Trust,0.5,34,580.347791551549
Disconnected,Trust,0.5,35,579.511265883364
Disconnected,Trust,0.5,36,584.296104387488
Disconnected,Trust,0.5,37,582.127946546964
Disconnected,Trust,0.5,38,581.898540450826
Disconnected,Trust,0.5,39,592.631002814499
Disconnected,Trust,0.5,40,594.54020919671
Disconnected,Trust,0.5,41,578.200274989692
Disconnected,Trust,0.5,42,596.141438172442
Disconnected,Trust,0.5,43,604.55132500686
Disconnected,Trust,0.5,44,585.483215441654
Disconnected,Trust,0.5,45,587.810219564849
Disconnected,Trust,0.5,46,579.547689973949
Disconnected,Trust,0.5,47,586.488517353327
Disconnected,Trust,0.5,48,568.495450319115
Disconnected,Trust,0.5,49,582.598819169385
Disconnected,Trust,0.5,50,586.621121730834
Disconnected,Trust,0.5,51,584.553144334389
Disconnected,Trust,0.5,52,594.481075004859
Disconnected,Trust,0.5,53,584.756904700475
Disconnected,Trust,0.5,54,619.94052559374
Disconnected,Trust,0.5,55,577.416388476056
Disconnected,Trust,0.5,56,580.211939762653
Disconnected,Trust,0.5,57,598.029763022613
Disconnected,Trust,0.5,58,578.094034682566
Disconnected,Trust,0.5,59,582.533323042573
Disconnected,Trust,0.5,60,598.459965681741
Disconnected,Trust,0.5,61,601.12679864877
Disconnected,Trust,0.5,62,601.529783301362
Disconnected,Trust,0.5,63,591.227113374696
Disconnected,Trust,0.5,64,585.11302926322
Disconnected,Trust,0.5,65,599.581658235683
Disconnected,Trust,0.5,66,593.750687253712
Disconnected,Trust,0.5,67,583.56029616133
Disconnected,Trust,0.5,68,590.63874817408
Disconnected,Trust,0.5,69,614.354978663821
Disconnected,Trust,0.5,70,584.410999507249
Disconnected,Trust,0.5,71,583.501234645605
Disconnected,Trust,0.5,72,607.702294737689
Disconnected,Trust,0.5,73,577.634814050684
Disconnected,Trust,0.5,74,598.483585292474
Disconnected,Trust,0.5,75,585.890683847898
Disconnected,Trust,0.5,76,601.997505358194
Disconnected,Trust,0.5,77,581.36706068576
Disconnected,Trust,0.5,78,586.142440397667
Disconnected,Trust,0.5,79,581.152317803365
Disconnected,Trust,0.5,80,598.781527483605
Disconnected,Trust,0.5,81,571.849643435885
Disconnected,Trust,0.5,82,587.725518054356
Disconnected,Trust,0.5,83,574.023894438449
Disconnected,Trust,0.5,84,578.362541805297
Disconnected,Trust,0.5,85,594.094785354476
Disconnected,Trust,0.5,86,587.595551054159
Disconnected,Trust,0.5,87,578.87414231233
Disconnected,Trust,0.5,88,585.69104514735
Disconnected,Trust,0.5,89,592.568435289901
Disconnected,Trust,0.5,90,604.075137857169
Disconnected,Trust,0.5,91,562.557208453984
Disconnected,Trust,0.5,92,590.355395858878
Disconnected,Trust,0.5,93,589.057863409928
Disconnected,Trust,0.5,94,580.486005593722
Disconnected,Trust,0.5,95,571.67893559583
Disconnected,Trust,0.5,96,580.61797422766
Disconnected,Trust,0.5,97,605.939944052572
Disconnected,Trust,0.5,98,605.460044260615
Disconnected,Trust,0.5,99,599.218483449794
Disconnected,Trust,0.5,100,588.235715932693
Disconnected,Trust,0.7,1,820.096551998331
Disconnected,Trust,0.7,2,834.53410045868
Disconnected,Trust,0.7,3,840.506501492041
Disconnected,Trust,0.7,4,848.912988501925
Disconnected,Trust,0.7,5,846.382283076821
Disconnected,Trust,0.7,6,844.321858298311
Disconnected,Trust,0.7,7,830.108299887243
Disconnected,Trust,0.7,8,837.359831668045
Disconnected,Trust,0.7,9,847.111986097444
Disconnected,Trust,0.7,10,841.229678559094
Disconnected,Trust,0.7,11,820.988860517849
Disconnected,Trust,0.7,12,852.336553663659
Disconnected,Trust,0.7,13,855.341144290413
Disconnected,Trust,0.7,14,842.488440007868
Disconnected,Trust,0.7,15,843.545890350376
Disconnected,Trust,0.7,16,844.849927782475
Disconnected,Trust,0.7,17,855.187076732353
Disconnected,Trust,0.7,18,846.662652743002
Disconnected,Trust,0.7,19,839.077984429082
Disconnected,Trust,0.7,20,856.832721054087
Disconnected,Trust,0.7,21,849.903679162632
Disconnected,Trust,0.7,22,847.072942072042
Disconnected,Trust,0.7,23,850.959304993862
Disconnected,Trust,0.7,24,862.526749990383
Disconnected,Trust,0.7,25,855.623287270741
Disconnected,Trust,0.7,26,846.809870563866
Disconnected,Trust,0.7,27,841.544899854795
Disconnected,Trust,0.7,28,846.86984887729
Disconnected,Trust,0.7,29,862.486489871741
Disconnected,Trust,0.7,30,847.631376669642
Disconnected,Trust,0.7,31,856.035145059394
Disconnected,Trust,0.7,32,834.352676895441
Disconnected,Trust,0.7,33,827.04747380311
Disconnected,Trust,0.7,34,835.552866696833
Disconnected,Trust,0.7,35,832.555807358423
Disconnected,Trust,0.7,36,837.882997814639
Disconnected,Trust,0.7,37,837.720572320664
Disconnected,Trust,0.7,38,837.644298845652
Disconnected,Trust,0.7,39,841.745919420987
Disconnected,Trust,0.7,40,856.341578638697
Disconnected,Trust,0.7,41,839.24553687063
Disconnected,Trust,0.7,42,850.691336897547
Disconnected,Trust,0.7,43,860.496579015783
Disconnected,Trust,0.7,44,849.271344842654
Disconnected,Trust,0.7,45,847.609575587577
Disconnected,Trust,0.7,46,836.735336669001
Disconnected,Trust,0.7,47,851.43073600436
Disconnected,Trust,0.7,48,820.178428597822
Disconnected,Trust,0.7,49,839.436849367636
Disconnected,Trust,0.7,50,838.518735307539
Disconnected,Trust,0.7,51,837.367795001268
Disconnected,Trust,0.7,52,853.193337747565
Disconnected,Trust,0.7,53,842.092477039629
Disconnected,Trust,0.7,54,877.998264616569
Disconnected,Trust,0.7,55,848.526231997504
Disconnected,Trust,0.7,56,834.1423571281
Disconnected,Trust,0.7,57,844.753242018146
Disconnected,Trust,0.7,58,828.221242594124
Disconnected,Trust,0.7,59,844.962769923259
Disconnected,Trust,0.7,60,847.619169374515
Disconnected,Trust,0.7,61,859.919111807471
Disconnected,Trust,0.7,62,860.370328999322
Disconnected,Trust,0.7,63,851.866428837583
Disconnected,Trust,0.7,64,844.545548042203
Disconnected,Trust,0.7,65,854.677541659514
Disconnected,Trust,0.7,66,850.529660913818
Disconnected,Trust,0.7,67,841.664368516279
Disconnected,Trust,0.7,68,846.381292034365
Disconnected,Trust,0.7,69,869.092966145562
Disconnected,Trust,0.7,70,837.355403400734
Disconnected,Trust,0.7,71,840.094151813838
Disconnected,Trust,0.7,72,863.625880832978
Disconnected,Trust,0.7,73,829.409191744362
Disconnected,Trust,0.7,74,849.445196836636
Disconnected,Trust,0.7,75,849.678163588506
Disconnected,Trust,0.7,76,858.78942452332
Disconnected,Trust,0.7,77,841.447606473412
Disconnected,Trust,0.7,78,845.409703437156
Disconnected,Trust,0.7,79,845.339433200565
Disconnected,Trust,0.7,80,862.875925124904
Disconnected,Trust,0.7,81,840.862737122082
Disconnected,Trust,0.7,82,838.969355349074
Disconnected,Trust,0.7,83,840.78338496949
Disconnected,Trust,0.7,84,837.779110443461
Disconnected,Trust,0.7,85,847.358046079831
Disconnected,Trust,0.7,86,844.562928177239
Disconnected,Trust,0.7,87,839.472389281064
Disconnected,Trust,0.7,88,850.759214828437
Disconnected,Trust,0.7,89,853.563287905087
Disconnected,Trust,0.7,90,857.236278759498
Disconnected,Trust,0.7,91,826.961079653838
Disconnected,Trust,0.7,92,845.213740627804
Disconnected,Trust,0.7,93,845.035920740573
Disconnected,Trust,0.7,94,836.208273537379
Disconnected,Trust,0.7,95,835.091089362151
Disconnected,Trust,0.7,96,846.037926102888
Disconnected,Trust,0.7,97,861.585808670475
Disconnected,Trust,0.7,98,867.092328756544
Disconnected,Trust,0.7,99,853.566046213456
Disconnected,Trust,0.7,100,858.498938207714
Disconnected,Degree,0.1,1,114.506241630575
Disconnected,Degree,0.1,2,108.940073520371
Disconnected,Degree,0.1,3,111.347445455579
Disconnected,Degree,0.1,4,105.671132882983
Disconnected,Degree,0.1,5,109.872350676096
Disconnected,Degree,0.1,6,112.18772005232
Disconnected,Degree,0.1,7,115.02318024283
Disconnected,Degree,0.1,8,106.370394422962
Disconnected,Degree,0.1,9,111.827176200796
Disconnected,Degree,0.1,10,111.008134564289
Disconnected,Degree,0.1,11,111.439721211306
Disconnected,Degree,0.1,12,111.943483239153
Disconnected,Degree,0.1,13,110.013488538354
Disconnected,Degree,0.1,14,110.676393227197
Disconnected,Degree,0.1,15,111.570903369662
Disconnected,Degree,0.1,16,112.493874753463
Disconnected,Degree,0.1,17,109.08766422235
Disconnected,Degree,0.1,18,110.636122016314
Disconnected,Degree,0.1,19,110.618197460491
Disconnected,Degree,0.1,20,109.456917456378
Disconnected,Degree,0.1,21,113.059171885409
Disconnected,Degree,0.1,22,110.087638950838
Disconnected,Degree,0.1,23,108.32365362402
Disconnected,Degree,0.1,24,111.519628806326
Disconnected,Degree,0.1,25,112.365097822851
Disconnected,Degree,0.1,26,106.986702208941
Disconnected,Degree,0.1,27,113.694552493583
Disconnected,Degree,0.1,28,106.970981405499
Disconnected,Degree,0.1,29,109.816751830776
Disconnected,Degree,0.1,30,110.917383234823
Disconnected,Degree,0.1,31,107.028930310034
Disconnected,Degree,0.1,32,112.861563967364
Disconnected,Degree,0.1,33,108.307814578471
Disconnected,Degree,0.1,34,110.844869700703
Disconnected,Degree,0.1,35,107.741910950181
Disconnected,Degree,0.1,36,110.233906146987
Disconnected,Degree,0.1,37,113.534241160817
Disconnected,Degree,0.1,38,115.389752906151
Disconnected,Degree,0.1,39,115.847420627227
Disconnected,Degree,0.1,40,103.120244031661
Disconnected,Degree,0.1,41,107.798745096407
Disconnected,Degree,0.1,42,108.33126961959
Disconnected,Degree,0.1,43,109.702002599724
Disconnected,Degree,0.1,44,109.34454865939
Disconnected,Degree,0.1,45,111.901485713904
Disconnected,Degree,0.1,46,106.474850062245
Disconnected,Degree,0.1,47,107.715902396512
Disconnected,Degree,0.1,48,109.383928785861
Disconnected,Degree,0.1,49,110.590544590317
Disconnected,Degree,0.1,50,114.14071232542
Disconnected,Degree,0.1,51,111.847393332744
Disconnected,Degree,0.1,52,109.620120782707
Disconnected,Degree,0.1,53,113.508779390892
Disconnected,Degree,0.1,54,105.73162693633
Disconnected,Degree,0.1,55,111.290175328657
Disconnected,Degree,0.1,56,109.701699049215
Disconnected,Degree,0.1,57,112.36449098691
Disconnected,Degree,0.1,58,112.108555273652
Disconnected,Degree,0.1,59,111.886674214053
Disconnected,Degree,0.1,60,105.430090542384
Disconnected,Degree,0.1,61,109.947410941656
Disconnected,Degree,0.1,62,108.981121770869
Disconnected,Degree,0.1,63,108.809310797356
Disconnected,Degree,0.1,64,111.493373129008
Disconnected,Degree,0.1,65,111.451607088455
Disconnected,Degree,0.1,66,109.485765456695
Disconnected,Degree,0.1,67,113.440190671055
Disconnected,Degree,0.1,68,110.073028312266
Disconnected,Degree,0.1,69,109.763267323828
Disconnected,Degree,0.1,70,110.206594759253
Disconnected,Degree,0.1,71,112.683644829439
Disconnected,Degree,0.1,72,105.452637860545
Disconnected,Degree,0.1,73,113.478811585271
Disconnected,Degree,0.1,74,111.814917154349
Disconnected,Degree,0.1,75,111.605168678765
Disconnected,Degree,0.1,76,109.172711072818
Disconnected,Degree,0.1,77,112.072874204208
Disconnected,Degree,0.1,78,107.724325558447
Disconnected,Degree,0.1,79,107.237988856546
Disconnected,Degree,0.1,80,112.927252790068
Disconnected,Degree,0.1,81,111.222412944961
Disconnected,Degree,0.1,82,113.557212902662
Disconnected,Degree,0.1,83,111.54042926409
Disconnected,Degree,0.1,84,107.897502019665
Disconnected,Degree,0.1,85,107.059323134463
Disconnected,Degree,0.1,86,107.798418484838
Disconnected,Degree,0.1,87,113.21080804848
Disconnected,Degree,0.1,88,108.62534006273
Disconnected,Degree,0.1,89,107.25060656687
Disconnected,Degree,0.1,90,112.940056869834
Disconnected,Degree,0.1,91,106.485112519069
Disconnected,Degree,0.1,92,112.065060501442
Disconnected,Degree,0.1,93,113.697261633057
Disconnected,Degree,0.1,94,113.020357325666
Disconnected,Degree,0.1,95,110.975822446876
Disconnected,Degree,0.1,96,113.257351067427
Disconnected,Degree,0.1,97,111.080985768945
Disconnected,Degree,0.1,98,111.671137094804
Disconnected,Degree,0.1,99,107.005241485981
Disconnected,Degree,0.1,100,106.835990158762
Disconnected,Degree,0.3,1,317.371456121656
Disconnected,Degree,0.3,2,316.580699343931
Disconnected,Degree,0.3,3,319.913367049345
Disconnected,Degree,0.3,4,320.256670861018
Disconnected,Degree,0.3,5,320.763032199288
Disconnected,Degree,0.3,6,320.425114214126
Disconnected,Degree,0.3,7,316.379643708447
Disconnected,Degree,0.3,8,320.0520008661
Disconnected,Degree,0.3,9,321.440949159515
Disconnected,Degree,0.3,10,320.680961223278
Disconnected,Degree,0.3,11,316.056142483368
Disconnected,Degree,0.3,12,320.607562128509
Disconnected,Degree,0.3,13,327.378818980755
Disconnected,Degree,0.3,14,316.468168186362
Disconnected,Degree,0.3,15,319.477514023866
Disconnected,Degree,0.3,16,313.781998890343
Disconnected,Degree,0.3,17,317.590494995375
Disconnected,Degree,0.3,18,333.951003373736
Disconnected,Degree,0.3,19,317.353415196672
Disconnected,Degree,0.3,20,318.222871904899
Disconnected,Degree,0.3,21,323.692512336668
Disconnected,Degree,0.3,22,315.999466603444
Disconnected,Degree,0.3,23,318.773014370624
Disconnected,Degree,0.3,24,323.687431472101
Disconnected,Degree,0.3,25,321.670456598532
Disconnected,Degree,0.3,26,312.308675641614
Disconnected,Degree,0.3,27,321.50622280364
Disconnected,Degree,0.3,28,314.613288539897
Disconnected,Degree,0.3,29,316.463067475337
Disconnected,Degree,0.3,30,315.787351638547
Disconnected,Degree,0.3,31,318.615538837737
Disconnected,Degree,0.3,32,315.82591502776
Disconnected,Degree,0.3,33,322.892422824763
Disconnected,Degree,0.3,34,320.064975060718
Disconnected,Degree,0.3,35,319.677758937578
Disconnected,Degree,0.3,36,320.443576752437
Disconnected,Degree,0.3,37,325.23497030898
Disconnected,Degree,0.3,38,327.195832273323
Disconnected,Degree,0.3,39,327.745891064617
Disconnected,Degree,0.3,40,310.61487403054
Disconnected,Degree,0.3,41,324.91715331055
Disconnected,Degree,0.3,42,320.899161835964
Disconnected,Degree,0.3,43,312.380437709966
Disconnected,Degree,0.3,44,319.249154515116
Disconnected,Degree,0.3,45,322.916559854437
Disconnected,Degree,0.3,46,318.636005001511
Disconnected,Degree,0.3,47,323.81517217919
Disconnected,Degree,0.3,48,318.857180884353
Disconnected,Degree,0.3,49,315.084400031699
Disconnected,Degree,0.3,50,319.557399634049
Disconnected,Degree,0.3,51,315.109052154413
Disconnected,Degree,0.3,52,321.774414467764
Disconnected,Degree,0.3,53,327.576835587183
Disconnected,Degree,0.3,54,312.750583074791
Disconnected,Degree,0.3,55,325.828979137903
Disconnected,Degree,0.3,56,319.278714930924
Disconnected,Degree,0.3,57,319.293463021237
Disconnected,Degree,0.3,58,314.53773537487
Disconnected,Degree,0.3,59,321.543037132802
Disconnected,Degree,0.3,60,314.464635522812
Disconnected,Degree,0.3,61,315.982020764461
Disconnected,Degree,0.3,62,320.666117017118
Disconnected,Degree,0.3,63,318.382852276366
Disconnected,Degree,0.3,64,315.420857499064
Disconnected,Degree,0.3,65,322.691346844703
Disconnected,Degree,0.3,66,316.034052176128
Disconnected,Degree,0.3,67,321.881035386035
Disconnected,Degree,0.3,68,311.672485611489
Disconnected,Degree,0.3,69,319.057123452633
Disconnected,Degree,0.3,70,319.618428166349
Disconnected,Degree,0.3,71,320.06396623102
Disconnected,Degree,0.3,72,317.897827588946
Disconnected,Degree,0.3,73,319.037771204243
Disconnected,Degree,0.3,74,318.935741666164
Disconnected,Degree,0.3,75,319.477374320978
Disconnected,Degree,0.3,76,315.347125204388
Disconnected,Degree,0.3,77,324.111058376019
Disconnected,Degree,0.3,78,312.372500978489
Disconnected,Degree,0.3,79,321.186893815142
Disconnected,Degree,0.3,80,321.544634008279
Disconnected,Degree,0.3,81,320.330311287535
Disconnected,Degree,0.3,82,319.639491421129
Disconnected,Degree,0.3,83,320.96001610243
Disconnected,Degree,0.3,84,317.653930906621
Disconnected,Degree,0.3,85,318.544853036868
Disconnected,Degree,0.3,86,318.354907769548
Disconnected,Degree,0.3,87,327.614488767913
Disconnected,Degree,0.3,88,328.018015175733
Disconnected,Degree,0.3,89,317.230349444867
Disconnected,Degree,0.3,90,315.983547855412
Disconnected,Degree,0.3,91,317.176549964148
Disconnected,Degree,0.3,92,325.100470921003
Disconnected,Degree,0.3,93,321.425457058141
Disconnected,Degree,0.3,94,323.827036708148
Disconnected,Degree,0.3,95,321.715433166394
Disconnected,Degree,0.3,96,322.655957911374
Disconnected,Degree,0.3,97,316.107328256546
Disconnected,Degree,0.3,98,324.25836521338
Disconnected,Degree,0.3,99,312.387826371573
Disconnected,Degree,0.3,100,322.957886747639
Disconnected,Degree,0.5,1,546.716403291835
Disconnected,Degree,0.5,2,534.77901278945
Disconnected,Degree,0.5,3,545.154205214229
Disconnected,Degree,0.5,4,539.242754590676
Disconnected,Degree,0.5,5,545.703825511044
Disconnected,Degree,0.5,6,554.79440508743
Disconnected,Degree,0.5,7,541.335738026852
Disconnected,Degree,0.5,8,540.55786376348
Disconnected,Degree,0.5,9,545.919497626306
Disconnected,Degree,0.5,10,551.760923799221
Disconnected,Degree,0.5,11,537.71453803151
Disconnected,Degree,0.5,12,545.969415988774
Disconnected,Degree,0.5,13,557.855422431234
Disconnected,Degree,0.5,14,545.407990912518
Disconnected,Degree,0.5,15,541.632929192333
Disconnected,Degree,0.5,16,539.871898866963
Disconnected,Degree,0.5,17,549.441609091699
Disconnected,Degree,0.5,18,556.68654258204
Disconnected,Degree,0.5,19,547.796839506397
Disconnected,Degree,0.5,20,542.215051166365
Disconnected,Degree,0.5,21,546.878805177011
Disconnected,Degree,0.5,22,543.462676593336
Disconnected,Degree,0.5,23,545.80174621082
Disconnected,Degree,0.5,24,552.280386829353
Disconnected,Degree,0.5,25,548.247188722761
Disconnected,Degree,0.5,26,539.020166612518
Disconnected,Degree,0.5,27,545.937276462152
Disconnected,Degree,0.5,28,544.108074101977
Disconnected,Degree,0.5,29,541.928308013338
Disconnected,Degree,0.5,30,542.514299582988
Disconnected,Degree,0.5,31,541.476908023946
Disconnected,Degree,0.5,32,541.14807468615
Disconnected,Degree,0.5,33,544.676329161039
Disconnected,Degree,0.5,34,543.989903390458
Disconnected,Degree,0.5,35,552.422060605098
Disconnected,Degree,0.5,36,546.63565880796
Disconnected,Degree,0.5,37,547.228271846743
Disconnected,Degree,0.5,38,544.75669809885
Disconnected,Degree,0.5,39,553.653120556438
Disconnected,Degree,0.5,40,551.419284141625
Disconnected,Degree,0.5,41,554.711633642589
Disconnected,Degree,0.5,42,545.989804674909
Disconnected,Degree,0.5,43,539.589904330859
Disconnected,Degree,0.5,44,548.637939918971
Disconnected,Degree,0.5,45,550.97188422458
Disconnected,Degree,0.5,46,543.01420777073
Disconnected,Degree,0.5,47,548.227180925177
Disconnected,Degree,0.5,48,539.361652060153
Disconnected,Degree,0.5,49,541.19635573119
Disconnected,Degree,0.5,50,548.383014152228
Disconnected,Degree,0.5,51,543.063227192422
Disconnected,Degree,0.5,52,548.145611698715
Disconnected,Degree,0.5,53,559.700720088178
Disconnected,Degree,0.5,54,552.37400262283
Disconnected,Degree,0.5,55,550.225383090505
Disconnected,Degree,0.5,56,543.375151802086
Disconnected,Degree,0.5,57,543.014017595179
Disconnected,Degree,0.5,58,534.498533896958
Disconnected,Degree,0.5,59,542.145428007733
Disconnected,Degree,0.5,60,537.761036547562
Disconnected,Degree,0.5,61,539.661860633104
Disconnected,Degree,0.5,62,540.650660278539
Disconnected,Degree,0.5,63,552.231412952007
Disconnected,Degree,0.5,64,546.239661977151
Disconnected,Degree,0.5,65,546.784011286987
Disconnected,Degree,0.5,66,542.162867063865
Disconnected,Degree,0.5,67,540.334223999486
Disconnected,Degree,0.5,68,547.661402776752
Disconnected,Degree,0.5,69,546.23368408645
Disconnected,Degree,0.5,70,547.046619367592
Disconnected,Degree,0.5,71,550.633921550197
Disconnected,Degree,0.5,72,545.00283437107
Disconnected,Degree,0.5,73,541.88963722894
Disconnected,Degree,0.5,74,543.775164779728
Disconnected,Degree,0.5,75,545.475233025408
Disconnected,Degree,0.5,76,536.992690639614
Disconnected,Degree,0.5,77,555.615480506145
Disconnected,Degree,0.5,78,539.23489745555
Disconnected,Degree,0.5,79,550.959740581058
Disconnected,Degree,0.5,80,554.39302745832
Disconnected,Degree,0.5,81,564.068222541209
Disconnected,Degree,0.5,82,537.243456059662
Disconnected,Degree,0.5,83,556.328317276807
Disconnected,Degree,0.5,84,543.616671592425
Disconnected,Degree,0.5,85,539.797952049003
Disconnected,Degree,0.5,86,547.500757291376
Disconnected,Degree,0.5,87,549.411818762628
Disconnected,Degree,0.5,88,541.520737463167
Disconnected,Degree,0.5,89,545.4204708679
Disconnected,Degree,0.5,90,549.403454419101
Disconnected,Degree,0.5,91,551.377678745051
Disconnected,Degree,0.5,92,548.378564084577
Disconnected,Degree,0.5,93,542.032349548421
Disconnected,Degree,0.5,94,549.985928953192
Disconnected,Degree,0.5,95,548.511585228989
Disconnected,Degree,0.5,96,552.315001070585
Disconnected,Degree,0.5,97,540.741317693858
Disconnected,Degree,0.5,98,558.6484690636
Disconnected,Degree,0.5,99,534.536609012582
Disconnected,Degree,0.5,100,553.548839268833
Disconnected,Degree,0.7,1,762.105313186279
Disconnected,Degree,0.7,2,762.62435802209
Disconnected,Degree,0.7,3,770.324347697174
Disconnected,Degree,0.7,4,780.197325498217
Disconnected,Degree,0.7,5,766.035052117335
Disconnected,Degree,0.7,6,775.329553038631
Disconnected,Degree,0.7,7,763.557760873474
Disconnected,Degree,0.7,8,770.033390910145
Disconnected,Degree,0.7,9,768.329985192524
Disconnected,Degree,0.7,10,766.781300613235
Disconnected,Degree,0.7,11,760.215330347929
Disconnected,Degree,0.7,12,777.582847451193
Disconnected,Degree,0.7,13,779.961321306008
Disconnected,Degree,0.7,14,774.909925630907
Disconnected,Degree,0.7,15,766.658168132366
Disconnected,Degree,0.7,16,766.557549964025
Disconnected,Degree,0.7,17,774.5853514833
Disconnected,Degree,0.7,18,779.443949204103
Disconnected,Degree,0.7,19,771.006718169156
Disconnected,Degree,0.7,20,775.098807496585
Disconnected,Degree,0.7,21,770.360106715164
Disconnected,Degree,0.7,22,765.377311906321
Disconnected,Degree,0.7,23,768.015292069407
Disconnected,Degree,0.7,24,773.817311198011
Disconnected,Degree,0.7,25,775.335577888883
Disconnected,Degree,0.7,26,761.454817255822
Disconnected,Degree,0.7,27,772.23983656471
Disconnected,Degree,0.7,28,763.155480123502
Disconnected,Degree,0.7,29,770.066254877
Disconnected,Degree,0.7,30,769.790716354424
Disconnected,Degree,0.7,31,767.072881489434
Disconnected,Degree,0.7,32,774.13996641323
Disconnected,Degree,0.7,33,767.528251580433
Disconnected,Degree,0.7,34,771.634201508767
Disconnected,Degree,0.7,35,776.730347883007
Disconnected,Degree,0.7,36,771.831464260342
Disconnected,Degree,0.7,37,773.158605029918
Disconnected,Degree,0.7,38,772.71094969122
Disconnected,Degree,0.7,39,774.000916339447
Disconnected,Degree,0.7,40,776.028462225103
Disconnected,Degree,0.7,41,777.519085829583
Disconnected,Degree,0.7,42,774.881734667223
Disconnected,Degree,0.7,43,785.137262964655
Disconnected,Degree,0.7,44,779.678641149729
Disconnected,Degree,0.7,45,775.271433578588
Disconnected,Degree,0.7,46,768.357220981347
Disconnected,Degree,0.7,47,781.229195790565
Disconnected,Degree,0.7,48,764.405857551345
Disconnected,Degree,0.7,49,770.636283119226
Disconnected,Degree,0.7,50,771.444061582112
Disconnected,Degree,0.7,51,770.078750491433
Disconnected,Degree,0.7,52,777.242467693144
Disconnected,Degree,0.7,53,783.711536963836
Disconnected,Degree,0.7,54,779.362808321307
Disconnected,Degree,0.7,55,779.594890864877
Disconnected,Degree,0.7,56,760.467668763341
Disconnected,Degree,0.7,57,764.413624474951
Disconnected,Degree,0.7,58,762.664698887296
Disconnected,Degree,0.7,59,773.218092458343
Disconnected,Degree,0.7,60,761.170362031582
Disconnected,Degree,0.7,61,763.282951419362
Disconnected,Degree,0.7,62,770.674412985384
Disconnected,Degree,0.7,63,777.371188881438
Disconnected,Degree,0.7,64,778.919071063987
Disconnected,Degree,0.7,65,770.394532586473
Disconnected,Degree,0.7,66,769.678514734022
Disconnected,Degree,0.7,67,767.258596289923
Disconnected,Degree,0.7,68,775.247709440089
Disconnected,Degree,0.7,69,768.354015281004
Disconnected,Degree,0.7,70,782.873297134454
Disconnected,Degree,0.7,71,768.625749209505
Disconnected,Degree,0.7,72,764.218279266604
Disconnected,Degree,0.7,73,774.737347463471
Disconnected,Degree,0.7,74,774.507934551472
Disconnected,Degree,0.7,75,772.409201488686
Disconnected,Degree,0.7,76,768.268912299147
Disconnected,Degree,0.7,77,775.903481192413
Disconnected,Degree,0.7,78,765.124217396209
Disconnected,Degree,0.7,79,764.264484264558
Disconnected,Degree,0.7,80,777.535039345021
Disconnected,Degree,0.7,81,783.551849946205
Disconnected,Degree,0.7,82,764.858564447932
Disconnected,Degree,0.7,83,774.827705081504
Disconnected,Degree,0.7,84,763.751008951406
Disconnected,Degree,0.7,85,765.871261946285
Disconnected,Degree,0.7,86,765.186442278427
Disconnected,Degree,0.7,87,767.167153225499
Disconnected,Degree,0.7,88,767.183278890652
Disconnected,Degree,0.7,89,762.029835603763
Disconnected,Degree,0.7,90,769.179702488155
Disconnected,Degree,0.7,91,773.842964415262
Disconnected,Degree,0.7,92,777.940277628844
Disconnected,Degree,0.7,93,777.77527216499
Disconnected,Degree,0.7,94,770.99728211679
Disconnected,Degree,0.7,95,770.034948943569
Disconnected,Degree,0.7,96,778.111176187932
Disconnected,Degree,0.7,97,770.246980414008
Disconnected,Degree,0.7,98,780.843949210625
Disconnected,Degree,0.7,99,766.672833190141
Disconnected,Degree,0.7,100,778.788146732926
