Network,Trial,totalSecurityBenefit,sumPlayerNetUtility
Random,1,55.6599627140425,591.969233692899
Random,2,55.9154755851306,595.666408003667
Random,3,55.1759867170677,588.43463080538
Random,4,55.8136709686785,594.110512202599
Random,5,55.6174487600663,591.472119283786
Random,6,55.9430098912685,594.106632724791
Random,7,56.141561307381,596.156985922618
Random,8,55.8747672540986,595.13686540367
Random,9,56.105799657322,597.974326398699
Random,10,56.4125126032824,598.245220674385
Random,11,55.4717570512129,592.161949165483
Random,12,55.975842153509,595.332506802811
Random,13,55.9930541653102,594.862143890767
Random,14,55.8120484982344,593.55243808317
Random,15,55.9666754970917,596.18230657785
Random,16,56.0627435758019,599.670978641236
Random,17,55.8160539537271,597.246420306089
Random,18,55.5257765048902,593.938997655812
Random,19,55.9138755377669,593.363244513871
Random,20,55.4239662200475,590.357708125445
Random,21,55.8047510099935,595.026483253602
Random,22,55.9814571552934,595.612018854564
Random,23,55.5466642519956,594.597970881422
Random,24,56.0368292847385,598.446647378248
Random,25,55.7473515490264,596.752368342188
Random,26,55.7706027047185,591.25007204151
Random,27,56.1008767983623,596.94776634996
Random,28,55.9166432501208,595.273978590068
Random,29,55.5121652750721,591.691374382857
Random,30,55.8340499694211,595.861924621592
Random,31,55.7068197742991,593.336610549416
Random,32,55.9264124828379,595.955802578504
Random,33,55.697354915641,590.437400604547
Random,34,55.852583660924,591.740998024235
Random,35,55.7376858681871,592.186541547252
Random,36,55.9380092134951,595.225595294342
Random,37,56.4888813522362,600.183961276979
Random,38,55.8670703517323,592.00282794265
Random,39,55.4700453615758,593.804271511198
Random,40,55.8131800752364,592.642542194936
Random,41,55.9362150457846,593.718228906097
Random,42,55.8924640346456,596.466728651846
Random,43,55.4903091461027,590.141242014332
Random,44,55.5076901551941,591.250457193195
Random,45,55.7848785055376,593.942947917521
Random,46,55.9631935538215,594.846847206942
Random,47,55.9904418635255,595.911345112127
Random,48,55.2838909636318,589.548997064175
Random,49,56.4219821387518,599.327444566695
Random,50,55.5732040556866,591.270202491412
Random,51,55.6921582503557,591.518376693769
Random,52,56.020377357344,597.236635333429
Random,53,55.9321332143219,593.19832942159
Random,54,55.5885323817666,592.995397080217
Random,55,55.4014276487717,586.857359739066
Random,56,55.8968470328639,595.416909605448
Random,57,56.0755022754667,596.966141959609
Random,58,55.8898427908395,592.169536788742
Random,59,56.0561761708164,595.4458283123
Random,60,55.8971733259693,594.707451346271
Random,61,56.068949864736,596.219270804405
Random,62,55.4728906976395,591.924961057645
Random,63,55.6506078149325,595.112521883896
Random,64,55.733504515067,595.614932177313
Random,65,54.9583169186544,586.077607636295
Random,66,56.5507195455856,601.409692718512
Random,67,55.1999090775504,586.620963651729
Random,68,55.9759220627003,597.027046037353
Random,69,56.1760423865431,597.011493812872
Random,70,55.5538725810518,590.094299179323
Random,71,55.7898523704714,593.072647245717
Random,72,55.8052374263429,597.683774811137
Random,73,55.8018575325904,594.875758018887
Random,74,55.9387350931638,594.269906013154
Random,75,56.0449580977708,596.368296954624
Random,76,56.4283765131115,601.208065742236
Random,77,55.7732934671489,593.851734523869
Random,78,55.8699418370413,597.273861986542
Random,79,56.1620713135487,594.643714145815
Random,80,55.9826404839461,594.113268727924
Random,81,55.9309887841036,593.077484210762
Random,82,56.0440343129328,596.361774541611
Random,83,56.1261730326264,599.094356566729
Random,84,55.8812305922798,595.996986858489
Random,85,56.3428196161329,598.439279524623
Random,86,55.9869785039433,594.232895039166
Random,87,56.2492756470562,596.587561240755
Random,88,55.3132923217918,590.767254463514
Random,89,55.8488421581653,596.329969788132
Random,90,55.7639388903494,591.43288386833
Random,91,56.0256498207956,597.040777785073
Random,92,55.1808749381278,589.570463209088
Random,93,55.7760758539644,595.200415784419
Random,94,56.1273904443922,600.172378914956
Random,95,56.02956406807,596.907452152202
Random,96,55.7958229196743,597.224010742058
Random,97,55.7672365788604,598.889371629897
Random,98,56.2607491213893,598.319988118732
Random,99,55.9799315606007,595.3052720034
Random,100,55.6511251937989,597.305712484425
Random,101,56.1250365887197,599.432358722702
Random,102,56.4669166699748,596.367588018824
Random,103,55.7740002862883,593.820129297354
Random,104,56.0931846878925,595.537507285941
Random,105,55.1068239222478,583.093830820425
Random,106,56.1252157265791,593.378045748175
Random,107,55.4684599388727,592.009290545669
Random,108,55.9400740143392,593.412891856871
Random,109,55.597311891996,593.825897359671
Random,110,55.9387789183755,597.286096193933
Random,111,55.2525373734997,590.698760865025
Random,112,55.81264013747,598.049286694016
Random,113,56.6923676358602,601.379710688209
Random,114,55.6102564295768,589.770483273986
Random,115,56.0310267372489,595.565153104924
Random,116,55.6016479287707,589.854987279873
Random,117,56.2759273102191,597.072342522796
Random,118,55.2767258551081,590.008457745432
Random,119,55.765513844364,593.988117390229
Random,120,55.7770685456394,594.515074343037
Random,121,55.995912886714,595.361703879496
Random,122,56.0218441070059,593.635414546659
Random,123,55.0527538511945,586.979738288321
Random,124,55.9070448562763,598.447991235185
Random,125,56.7435596242962,601.855237544874
Random,126,55.7253394271327,594.941957781299
Random,127,56.310692376447,602.487942617497
Random,128,55.2290515504315,592.64818527486
Random,129,55.452729862369,594.246578624925
Random,130,56.0144654219846,593.807146706881
Random,131,56.9159235616757,605.280830818767
Random,132,55.8723273088681,592.818558249904
Random,133,55.899479329414,594.299579922769
Random,134,55.7068204890314,591.019197972217
Random,135,56.4067871340886,598.610789543574
Random,136,56.2292280771044,598.262230926284
Random,137,55.691207408569,592.836201755874
Random,138,55.6353903599016,592.317875989373
Random,139,56.2167002423658,598.13325750566
Random,140,55.8412091319406,592.374781628839
Random,141,56.3598276478453,597.961785491214
Random,142,55.7115709501359,594.406613914768
Random,143,55.5633545581025,594.839066852525
Random,144,55.5883791448699,591.641913358832
Random,145,55.7900601113654,592.785637828543
Random,146,56.0150364082442,596.467440752348
Random,147,56.1964152986302,598.680575851192
Random,148,55.3689315364744,592.109733259338
Random,149,55.8779226620632,593.35873627924
Random,150,55.4660178361978,596.538943350198
Random,151,56.1340314408235,596.923969682412
Random,152,56.213395390707,596.005536262434
Random,153,56.0207425381191,596.356061415035
Random,154,55.7588651818086,592.537207651521
Random,155,56.2636534371003,595.949183686504
Random,156,55.9586627648229,596.308463282229
Random,157,55.7199671059549,596.056290135813
Random,158,55.6551640633514,591.376204016272
Random,159,56.1611422678376,599.323037620777
Random,160,55.971425944413,594.750747726542
Random,161,55.1955439653269,589.611929914302
Random,162,56.0927944772631,597.16189779082
Random,163,56.1836065060031,598.634820376658
Random,164,56.4735164660882,601.331663646584
Random,165,55.8803830137966,598.913126809494
Random,166,55.6345654187796,593.739615017941
Random,167,55.4070749839144,593.6591000972
Random,168,55.7618425079334,591.412545801752
Random,169,55.5586295310634,591.406322021886
Random,170,55.86203069168,596.815126866919
Random,171,55.5442738432693,591.085098258981
Random,172,55.9722527791591,594.967137772023
Random,173,55.755691284459,595.675380291186
Random,174,55.3719025846951,592.073285734288
Random,175,56.3312560949591,597.461037279874
Random,176,56.5085171761361,600.524031175904
Random,177,56.05720151011,595.353416625904
Random,178,56.2960806294983,598.615888508728
Random,179,55.8804718059649,595.646719996964
Random,180,55.0706600242093,592.360230432941
Random,181,56.3344375626772,600.40565415088
Random,182,55.8404606819973,595.775917537189
Random,183,55.9119135400825,592.520634104721
Random,184,56.1126049476888,595.152204341519
Random,185,55.1857548790642,587.516716516872
Random,186,55.7938259960118,594.31905711948
Random,187,55.3901811842509,590.521674995763
Random,188,56.4030235492748,600.980514426074
Random,189,56.0742375889088,597.224163997706
Random,190,55.8926904849645,593.004382895733
Random,191,56.226500583894,597.362215504409
Random,192,55.6200172553161,593.756900911464
Random,193,56.3247401366382,599.714481351901
Random,194,55.6812910049373,591.736862501106
Random,195,55.8602702511294,597.582965004026
Random,196,55.9200600483382,594.493011497745
Random,197,55.8660629726003,591.866334654948
Random,198,55.4186799812609,592.388349549048
Random,199,55.8804577775743,595.384393376831
Random,200,56.3498823494502,599.704459931261
Random,201,55.6140617172103,592.731139293918
Random,202,56.104622393083,595.60204407486
Random,203,56.1205974194432,597.22875723047
Random,204,55.9358825676539,595.687613262793
Random,205,55.7183852841759,592.584748253276
Random,206,56.0619594670594,597.959236286588
Random,207,55.4874564173572,591.540867297143
Random,208,54.9881717896466,585.947816117202
Random,209,56.0813562963066,600.27208096672
Random,210,55.6157178817083,594.581365371838
Random,211,56.6159685336363,602.771203010241
Random,212,55.745039630382,590.836696917049
Random,213,55.6492813413607,591.300877063732
Random,214,56.0828355401568,597.287735719101
Random,215,55.9028220324376,594.210946322473
Random,216,55.7747869391922,591.693531864883
Random,217,55.0774727891112,588.02769300729
Random,218,55.8164938439246,596.733042398143
Random,219,55.3535694655385,588.430816131849
Random,220,55.7351937021441,594.52973641009
Random,221,55.8140993094993,595.68588954966
Random,222,55.6924078439915,594.027459681561
Random,223,55.3669437702034,592.015611214779
Random,224,55.6324380032531,592.767193481744
Random,225,55.8345905128657,593.941310015033
Random,226,55.677647431768,592.374110446901
Random,227,55.8732160615295,594.247823607098
Random,228,55.9259918332636,595.380673868644
Random,229,55.7154917627135,589.831902912548
Random,230,56.1075236152957,596.603690462695
Random,231,56.5148305691311,601.40079970944
Random,232,55.7285373191272,594.798212827966
Random,233,55.8440684821881,595.843010488702
Random,234,56.1294505028628,596.74561086273
Random,235,55.7129672809705,591.527769051543
Random,236,55.9314115816743,595.880280276672
Random,237,55.8052248368118,589.232618236561
Random,238,55.8224594227414,595.005982125736
Random,239,55.6644190189397,591.105995779363
Random,240,56.01423488697,597.772063297263
Random,241,55.0931124975575,588.897228133601
Random,242,56.4846455067756,600.070298984296
Random,243,55.8091603181101,594.845309862357
Random,244,55.9153422763875,595.433893851277
Random,245,55.4368919497045,593.554977454352
Random,246,56.2320907155291,597.128579650698
Random,247,55.0197555330527,589.559249566016
Random,248,55.9971772115156,597.49680749556
Random,249,55.7311392278906,595.415570912708
Random,250,55.4426673984479,593.78457581296
Random,251,56.1165266247185,596.879307150602
Random,252,55.8386394275288,596.249861171826
Random,253,56.4705114863258,598.899919401385
Random,254,56.1393385037868,594.191976966989
Random,255,55.7736642197377,595.27546325426
Random,256,55.859355782633,591.622068926708
Random,257,55.7279836191024,593.490397564122
Random,258,55.0502607527154,592.150552463237
Random,259,56.286805250787,596.722563876805
Random,260,55.2569016309223,587.717399253356
Random,261,56.1228115957157,594.736944281594
Random,262,55.8840193327585,594.236362341165
Random,263,55.8491276753834,597.057446818073
Random,264,56.3244032002994,596.873969246311
Random,265,56.0069269309612,596.438308611606
Random,266,55.6233272419054,589.318726811555
Random,267,56.0129012463404,595.239261171342
Random,268,55.6733137308707,593.04531520335
Random,269,55.7332199696687,590.939362329178
Random,270,55.8800159995734,594.947668407847
Random,271,55.9461720217849,595.439403079384
Random,272,55.7286961869766,592.734564099824
Random,273,55.4473905440199,592.175983421822
Random,274,55.7652094625742,593.464161527879
Random,275,55.8948135178198,594.99490690909
Random,276,56.1919427205155,596.431488443621
Random,277,56.4310796713261,596.333670459519
Random,278,56.6342218904271,600.795097935041
Random,279,56.0032214646609,596.84918630715
Random,280,55.7853388509464,592.41741319365
Random,281,55.4547241496283,591.855333118439
Random,282,55.3170952467468,590.360508931674
Random,283,56.3463407285808,601.971963902569
Random,284,55.7872291958634,593.801959090699
Random,285,55.67417216749,591.57370411682
Random,286,55.7880653144141,595.808238685615
Random,287,55.8330976465723,595.916839228363
Random,288,56.2008701571481,595.543787069039
Random,289,56.5109667806963,602.27096277294
Random,290,56.066882762025,595.760554119272
Random,291,56.1669856344483,597.328836084127
Random,292,56.4598485033876,598.940451878662
Random,293,55.6822255482929,596.147368856243
Random,294,56.0468279660562,595.675328499756
Random,295,55.9249426984384,595.677056372548
Random,296,55.334318762514,590.216153547916
Random,297,55.5960437768537,592.717067100727
Random,298,55.4100511348129,589.523122577694
Random,299,55.7718245462894,593.978609604815
Random,300,55.8354310196587,593.077013449084
Random,301,56.3022691741975,601.165898736837
Random,302,55.6705686459364,593.855054414642
Random,303,55.9150938072658,593.281864987198
Random,304,56.3399132344961,599.342180037305
Random,305,55.7927788646872,596.310243331151
Random,306,55.2108388198418,587.985567699089
Random,307,55.4541573226104,589.748791791445
Random,308,55.7182867913873,594.279342802344
Random,309,55.7536415419506,591.110277256534
Random,310,55.7911232328554,595.965191819914
Random,311,55.9131246258084,595.972577839286
Random,312,56.012805307711,596.902171140344
Random,313,55.5441385874572,585.805670356776
Random,314,55.8613987276933,597.450811487395
Random,315,55.49251147335,586.67016759632
Random,316,55.6068811984663,594.108192789728
Random,317,56.0192881465904,595.832580728862
Random,318,55.8991450342014,598.087540128882
Random,319,55.9799245452706,595.483400991191
Random,320,55.7914945472855,591.216734079041
Random,321,55.6751592234681,593.350212811368
Random,322,55.7366306662095,593.880490913016
Random,323,55.9363627619175,593.805620059745
Random,324,55.7352031807366,592.070495029489
Random,325,56.1270159233913,601.024552438394
Random,326,55.4023154858049,592.257526092432
Random,327,55.6670387329431,596.059055064946
Random,328,56.0788837537366,596.81080959184
Random,329,55.1493287979515,587.199290812452
Random,330,56.3051468572833,601.078930884418
Random,331,55.9032664157444,593.931537307705
Random,332,56.1855389123056,597.847319486235
Random,333,55.3140662782568,591.23677966032
Random,334,56.4833839602092,599.516153750966
Random,335,55.614522142397,592.933685619101
Random,336,55.5016463696714,590.962845473828
Random,337,55.6604199356989,593.868549604043
Random,338,55.4411082943325,592.124445123723
Random,339,55.7514370890551,594.716600135345
Random,340,56.124362925547,596.489084526697
Random,341,56.3254753385989,596.656675476458
Random,342,55.4105335744189,591.182848111573
Random,343,55.6422244559587,593.923793935369
Random,344,55.8338404919904,595.494775920987
Random,345,55.6663493470092,592.455483965776
Random,346,56.1309174397807,595.86081694397
Random,347,56.6662949193419,601.570526063296
Random,348,56.3239163595942,601.188921306844
Random,349,56.0015662686846,597.279408160879
Random,350,55.9067681978245,597.529127765296
Random,351,56.4603331900854,599.0780449484
Random,352,55.4220312218579,591.828376787182
Random,353,55.7863042524239,592.38719916437
Random,354,56.2065388078251,598.54399996713
Random,355,55.5545568375678,592.014911432045
Random,356,55.7883224760278,594.914563876746
Random,357,55.8131822742496,595.081997922278
Random,358,56.0465616602945,593.750468247756
Random,359,55.4308323809986,591.491737408244
Random,360,55.874423262765,594.503892027961
Random,361,56.3597662182977,598.667135247599
Random,362,55.3448491799686,588.819321054953
Random,363,55.7629839024351,589.702034133828
Random,364,56.3381107947142,599.530832164569
Random,365,55.4508798800966,593.124282491409
Random,366,56.0858796829814,596.630376382011
Random,367,56.0909476037921,596.805872440538
Random,368,55.1635907543507,587.463668046198
Random,369,55.9284802342658,596.83793285449
Random,370,56.0792655054886,597.348963664999
Random,371,56.4459481431077,598.318477804523
Random,372,56.3323981676039,599.623579715818
Random,373,55.7623454481223,595.467386955613
Random,374,55.4768273879782,586.906129900858
Random,375,55.810462937177,594.443702808835
Random,376,55.7622131826585,594.233306290241
Random,377,55.3069686380992,592.390099825931
Random,378,56.4050592665013,600.066249876922
Random,379,55.9154069557306,594.175753780702
Random,380,56.3679490242583,597.908998046678
Random,381,55.574565516659,590.985062642687
Random,382,55.7539999386047,596.404107361046
Random,383,56.1812033111464,597.478606099339
Random,384,55.9923121092469,593.834591437891
Random,385,55.6589958528329,593.59440231815
Random,386,56.0310200584823,597.889374888347
Random,387,56.2783360819561,599.574058032425
Random,388,55.7035021627162,591.76825421578
Random,389,55.7008076851727,592.355279642133
Random,390,55.8444583269216,596.467736856453
Random,391,56.1687169626643,595.454034274921
Random,392,55.1507884173981,593.629512952434
Random,393,55.7581775257263,593.236318485115
Random,394,55.5718544005917,594.103323251026
Random,395,56.1366667655836,596.994598082363
Random,396,55.2439743980433,591.474940549818
Random,397,55.1164253329199,589.665735476862
Random,398,55.5649055641283,592.209523518948
Random,399,55.2110854608169,589.168436600491
Random,400,55.8443572821785,593.473755292467
Random,401,55.8874219844583,594.706547778228
Random,402,55.3720052556428,590.730239197018
Random,403,55.74573011455,590.378065017883
Random,404,55.6563628834477,594.20940142294
Random,405,55.2242295696982,589.164527198455
Random,406,56.2760352678069,594.400326604288
Random,407,55.9169160553995,591.89652545389
Random,408,55.8656300139208,598.31332275655
Random,409,55.8073896042226,596.60160127163
Random,410,56.0492465844833,594.874157342971
Random,411,55.5039286491819,589.579774999984
Random,412,55.8268763931185,597.585179606509
Random,413,55.6013408829771,591.588114075776
Random,414,55.8944939572227,594.744075326194
Random,415,56.2630077743418,598.630365351076
Random,416,55.5782240092807,595.255525007027
Random,417,56.11985001421,596.737570525351
Random,418,55.5078026424658,592.197341453138
Random,419,56.4023713526444,599.146710389678
Random,420,55.821906525648,597.120198089894
Random,421,56.3609022030116,598.860424092363
Random,422,55.9807205513105,600.102101295258
Random,423,55.9626688139234,594.575578561938
Random,424,55.9568145576587,593.851794437862
Random,425,55.4224064341158,592.063223402089
Random,426,55.7717414460896,594.149385143982
Random,427,55.9981211833185,596.996451999935
Random,428,56.0648682738431,598.641590178971
Random,429,56.2955050881913,598.213321294373
Random,430,56.0742358787953,596.646326560817
Random,431,55.6077957599674,592.12009105869
Random,432,55.9767834131301,594.366591411618
Random,433,56.2063002891382,600.747913865399
Random,434,55.487003168868,589.922216926797
Random,435,55.8533850539274,596.12678103398
Random,436,56.3926661993783,600.950260549201
Random,437,56.2981096770786,597.799270337413
Random,438,56.4393244153464,600.138584436725
Random,439,55.4054262782907,591.187494084921
Random,440,56.5100898258548,598.669891993576
Random,441,56.1602938443932,599.627861259527
Random,442,55.8047954586283,593.114029326417
Random,443,55.7330739630924,596.671985223742
Random,444,55.7959659877637,591.765206715815
Random,445,55.8047953316242,591.464314963761
Random,446,55.9305641648815,592.46333269697
Random,447,55.9066651339638,595.05736181019
Random,448,56.2486233089654,596.707451808621
Random,449,55.7610245486329,591.563610630152
Random,450,55.3765540510627,592.086821247628
Random,451,55.9389372006263,595.649266558229
Random,452,56.2276363995152,599.18090426907
Random,453,55.8093859811417,594.722730541144
Random,454,56.0104565241018,597.128013741306
Random,455,55.6150667471798,590.372064767487
Random,456,56.4517173996204,602.429694550733
Random,457,55.9453091696902,593.980409954429
Random,458,56.154488984543,599.65976748875
Random,459,55.5542389598275,591.636736510626
Random,460,55.6690062231522,594.350182172625
Random,461,55.5356294634787,593.906901317523
Random,462,55.977000268129,595.819907113639
Random,463,55.4093028630882,590.811996579603
Random,464,55.9244493852433,593.593305375047
Random,465,56.0598612893116,597.084547277149
Random,466,55.9290951089129,594.831709420878
Random,467,56.3465234446729,599.043014302282
Random,468,56.1446782173171,597.688871997699
Random,469,55.5073632512637,590.198618247312
Random,470,55.7957264371643,593.874983028054
Random,471,56.0168894116788,596.978119385151
Random,472,55.1088012805471,585.233119774299
Random,473,55.406755460458,590.337563753741
Random,474,55.6093841487574,588.683819353112
Random,475,55.8269090598738,596.498140039183
Random,476,56.2166703265431,599.213536847083
Random,477,55.764322536176,593.669005651414
Random,478,55.4371501070095,594.154692392176
Random,479,55.7011685085596,593.776896670784
Random,480,55.7356935828838,591.625513398321
Random,481,55.2357302823735,591.366485001483
Random,482,55.8512389485021,591.576830251555
Random,483,55.8252307193023,593.237415003594
Random,484,55.5485736424869,590.712511292094
Random,485,55.3377699357398,588.242180847872
Random,486,55.0201565315319,583.846552555678
Random,487,56.0648054850537,594.085092315919
Random,488,55.1774555022684,590.080678485388
Random,489,56.5191603041817,601.69152080216
Random,490,55.8318141557772,592.556335179729
Random,491,56.1270594990626,593.656069007689
Random,492,56.3485319017863,597.46617589203
Random,493,55.9361350922057,596.507921621788
Random,494,56.152105353954,598.345485609621
Random,495,56.1540244757292,598.252898502148
Random,496,55.9307566126526,595.327724316332
Random,497,56.1304311288621,599.256574956832
Random,498,55.7826846903966,594.044763919204
Random,499,55.7475901876885,597.317042047716
Random,500,56.0605330711335,596.715841222217
Random,501,56.12909403291,597.668979361271
Random,502,55.4167417341221,594.469060559381
Random,503,55.989120913502,595.487131483986
Random,504,56.0540120427769,594.437540532356
Random,505,56.2915207953253,598.15566739721
Random,506,55.81997006151,594.538167060524
Random,507,55.6968406162871,593.505997003725
Random,508,56.4143471961392,597.576345657529
Random,509,55.1263537793027,587.229669935562
Random,510,56.0721996758779,596.368159844358
Random,511,55.5164076895465,592.179289586229
Random,512,56.1757746494688,596.615773972468
Random,513,56.147026717639,595.626067413703
Random,514,56.2476895322506,594.54091006342
Random,515,55.6128385088424,592.808753047288
Random,516,55.5052960569598,590.523545576803
Random,517,55.8284743495862,598.98760405269
Random,518,55.9528016859227,593.693159537592
Random,519,56.0728954108447,597.657723205115
Random,520,55.9227688942369,595.729352256813
Random,521,55.4572273322579,590.130298306055
Random,522,55.8671655800013,596.836135780601
Random,523,55.9606320364569,594.281291596791
Random,524,55.6160056974563,595.324611090046
Random,525,56.1411928116652,598.860491092444
Random,526,55.4874349542944,590.066058689511
Random,527,56.141550794324,596.697132283834
Random,528,56.1560165772032,597.996439644722
Random,529,55.9400210834942,596.273618696134
Random,530,55.9301036736374,596.311719074801
Random,531,56.2742925135968,599.000651451773
Random,532,56.1622799371103,598.83836263711
Random,533,56.0467803158511,598.684278778301
Random,534,55.7900520136537,593.553767975061
Random,535,55.4257429962356,590.500488090829
Random,536,55.6720642859015,593.771680847519
Random,537,55.2352472047909,588.50488818766
Random,538,55.2862224342184,591.353869993471
Random,539,56.0516749299692,597.767617739207
Random,540,55.2511321245301,592.803954947084
Random,541,56.0220611035984,599.319517326637
Random,542,55.8192817713596,590.254662294258
Random,543,55.8782036187959,595.726712637583
Random,544,56.1022897927335,593.335600956521
Random,545,55.9140681083043,594.743749691286
Random,546,55.7439590456749,591.339471369755
Random,547,55.7613729645272,596.201940215095
Random,548,56.2132915899341,598.831165756082
Random,549,56.0178490451072,597.950453435157
Random,550,56.1556612204042,595.981968863273
Random,551,55.8415141670578,593.320245443545
Random,552,55.7599770912186,590.466823842221
Random,553,55.8261043842939,596.376213942358
Random,554,56.497130994968,599.699168426973
Random,555,55.7805059783919,596.203861523578
Random,556,56.1682798146746,598.131242606026
Random,557,55.5394060486403,588.830380463858
Random,558,56.2784903392948,596.883736619872
Random,559,55.9563425448437,597.497615909643
Random,560,55.5090702698562,592.046075745764
Random,561,55.7740123928268,593.898744222507
Random,562,55.3751905413417,593.16463708541
Random,563,55.525271586478,589.319148838473
Random,564,55.9319865464987,593.49201571966
Random,565,56.1598123804178,598.166049945069
Random,566,56.1676131300329,599.433413715534
Random,567,55.3757060276614,590.158200884664
Random,568,55.0157268159245,586.824422177221
Random,569,56.4574878788755,599.187974507316
Random,570,55.5583209764452,591.855927029608
Random,571,55.7210243629143,593.377168898994
Random,572,55.4517619281881,592.532523702277
Random,573,55.8057398561346,594.012179163543
Random,574,56.2517491883801,598.046598197434
Random,575,56.0226393108883,594.709348279584
Random,576,56.2574822230905,598.708145823955
Random,577,55.8869927416747,596.555840001923
Random,578,55.6484652026647,593.740376858524
Random,579,55.5869471414354,595.929534525333
Random,580,55.6002175365859,588.556663710135
Random,581,55.8301435620336,593.572490169318
Random,582,56.0179646509497,597.867842808748
Random,583,56.456683524926,598.089508340356
Random,584,56.2750443994857,598.785716330293
Random,585,55.7657524401018,594.04467524089
Random,586,55.6083237283268,593.562616004944
Random,587,55.9065510837771,596.248519605443
Random,588,55.9644925405396,597.438597893712
Random,589,55.8488318319838,591.002449476981
Random,590,56.301191629875,600.749506370241
Random,591,55.8415144873954,592.956773968976
Random,592,55.4240469274114,593.139728182945
Random,593,55.8729811909494,596.422473582407
Random,594,55.9879623333337,595.598135354868
Random,595,55.809189900873,590.012773238438
Random,596,55.7934216210198,591.347470572656
Random,597,55.5587479788,591.727409399985
Random,598,56.2082050775606,597.825866126262
Random,599,56.3661132671166,598.801340332895
Random,600,55.8375600648935,593.406946755595
Random,601,55.4087942147605,594.257685510325
Random,602,56.1124843858435,597.565039053849
Random,603,56.2364334140703,595.827889933065
Random,604,55.5848862046627,592.034341441982
Random,605,56.3289677326365,599.728106021711
Random,606,55.6471006349313,595.516109837676
Random,607,56.240769086667,598.027937718885
Random,608,55.3692822644424,590.247020470193
Random,609,56.1015058745914,600.632890641702
Random,610,55.3933067047145,591.623354951216
Random,611,56.5101815391053,598.614759758304
Random,612,55.3580619673044,589.619514409873
Random,613,55.4357817942164,594.325334506431
Random,614,55.8847334330307,594.725938945729
Random,615,56.2676964384671,597.382225841655
Random,616,56.3969344621896,600.800977027655
Random,617,55.8576994853141,594.25138654413
Random,618,55.6991514838309,593.200955713238
Random,619,55.8435645672654,595.992212626891
Random,620,56.0675288068033,596.554482950872
Random,621,55.58544392905,593.369503879814
Random,622,56.3042300260039,600.168141492663
Random,623,56.2397420558501,596.01878807562
Random,624,55.677707022051,588.807708086352
Random,625,55.0211481837613,586.388393302984
Random,626,55.3280799490317,592.634225146147
Random,627,56.7769177856153,603.138243813939
Random,628,55.7763345249869,593.193939894349
Random,629,55.5712186158428,590.093129560482
Random,630,55.9012787697884,596.538660962988
Random,631,56.00561551833,595.943330845564
Random,632,56.0984768377489,595.66515473485
Random,633,55.9539789495804,594.809785958932
Random,634,55.4223966040169,589.942377258551
Random,635,55.3633308692557,591.732491961386
Random,636,55.6872725893871,596.365879689838
Random,637,55.9388836574344,596.88064436286
Random,638,55.7790931876953,598.36165808749
Random,639,55.6038047379066,592.124060204995
Random,640,55.7836047479728,594.607137592741
Random,641,55.8442612583536,593.787926452737
Random,642,55.2332552990746,589.218510180474
Random,643,55.928507934207,595.853262705875
Random,644,56.019210382032,593.530662437846
Random,645,55.6688421154238,593.879844350767
Random,646,56.0364558052312,596.580031690663
Random,647,55.5698593421773,593.019346985605
Random,648,55.9319079648538,595.156918396173
Random,649,56.2960332827405,598.541880014172
Random,650,56.2038330999182,601.598400617372
Random,651,56.1333303256605,598.391831981545
Random,652,55.7275178498639,590.526538997194
Random,653,56.3194131203358,598.594411658197
Random,654,55.7243000199336,592.290937700882
Random,655,55.7673727672464,591.569631762331
Random,656,56.4874732421121,598.682649083315
Random,657,56.0108031599527,595.651403492035
Random,658,55.0247374262682,588.495370634561
Random,659,55.3612284224897,591.739537421104
Random,660,55.8470642864454,590.901500291237
Random,661,56.051746841068,598.06582629227
Random,662,55.5869378089399,593.786140114854
Random,663,55.7997750171284,594.653633852591
Random,664,56.0953987516186,596.216763438824
Random,665,56.0857418323949,596.699747514703
Random,666,55.8288404661061,590.321069552797
Random,667,55.9803725539222,595.321445903965
Random,668,55.7875553585845,594.225227238895
Random,669,56.0554365642007,596.43741132386
Random,670,55.718348249284,595.316262571994
Random,671,56.0053749489896,595.660939660895
Random,672,55.8023475021411,594.314816388448
Random,673,55.8443334190681,597.497736845338
Random,674,55.1114339906491,585.660007841639
Random,675,55.629598537436,593.443327154483
Random,676,55.4094758101703,593.975386993031
Random,677,55.750857246605,594.645123807526
Random,678,55.6146690142516,592.519757829862
Random,679,56.0412643537861,595.442193700197
Random,680,56.4150423933768,598.09136626927
Random,681,55.7475427730359,594.605957400445
Random,682,55.8663344614964,598.743930097556
Random,683,55.9008081189882,596.178214858428
Random,684,55.7905365569437,588.317124576206
Random,685,56.148149113208,603.062858277786
Random,686,55.678112779239,591.110653638309
Random,687,56.0217876853445,595.264957656073
Random,688,55.6902887516604,592.718003253133
Random,689,55.4395743828648,594.222654363359
Random,690,56.541309292515,602.038115886751
Random,691,56.2286643067699,597.134433901684
Random,692,55.3078999616309,593.20681558123
Random,693,55.9414917569036,597.413979913288
Random,694,55.7953139631876,594.68979525031
Random,695,55.609910213809,593.051869533612
Random,696,56.0787576766732,596.111876521275
Random,697,55.7013820041056,593.359301093075
Random,698,56.0882623783418,595.93299461811
Random,699,55.6204960515284,592.194000194971
Random,700,56.2873718767178,602.495668590393
Random,701,55.8027895081859,594.934023655104
Random,702,55.9064598727425,596.608490119619
Random,703,56.2815755600987,598.802463857321
Random,704,55.8104616596243,595.976876680997
Random,705,55.931784411591,597.97704874756
Random,706,56.0835344574038,596.12854532066
Random,707,55.6073246173327,593.093496933161
Random,708,55.6166861143341,592.071792833585
Random,709,55.8274951578243,592.366186716228
Random,710,55.7297969747999,594.027755729162
Random,711,55.9894932026365,598.286412896446
Random,712,55.5635186008163,591.145759843647
Random,713,56.4799636880055,598.490326233424
Random,714,55.6252268699056,593.879728987105
Random,715,56.1256063407848,598.533675545171
Random,716,56.3051786754551,598.770024669071
Random,717,55.690529249801,592.280071592949
Random,718,55.961984718734,591.918735190836
Random,719,55.9747082400746,596.36406893647
Random,720,55.3747999559254,591.254057157992
Random,721,55.812252104595,594.347513289205
Random,722,55.2029963082125,592.523587467404
Random,723,55.893234048031,592.851315409875
Random,724,55.7547093072837,594.573913314242
Random,725,55.951695163015,595.225126904079
Random,726,56.0639468033955,594.854463936551
Random,727,55.8476030126656,596.308340124569
Random,728,56.4015420048762,598.602518265341
Random,729,55.8918397825472,596.598904893414
Random,730,55.5485439767014,590.142904671593
Random,731,55.9262433797831,594.702225692336
Random,732,56.4766852518851,599.222421456119
Random,733,56.1870737250871,598.691089139767
Random,734,55.3715962708417,591.523574950711
Random,735,55.4872019830032,590.879810135488
Random,736,55.9629493500557,598.868384370128
Random,737,56.0069778270504,595.212297006646
Random,738,55.8301307986967,595.536991726108
Random,739,55.2925668875495,589.127282773611
Random,740,56.2073490550177,596.929707886018
Random,741,55.3960153439455,594.412081220662
Random,742,55.3229004186003,590.168759226246
Random,743,55.4574128820785,594.97329213605
Random,744,56.005127110546,594.62834578409
Random,745,55.8022476208523,593.612797210072
Random,746,55.7611778354162,594.640132625356
Random,747,55.3983554479027,591.240056588144
Random,748,55.4535937580525,592.934983364373
Random,749,55.626777092046,591.565164893686
Random,750,55.3216734995803,590.830680993984
Random,751,56.0043341081943,593.251939457418
Random,752,55.8159971226409,593.728239814719
Random,753,55.7847326631941,595.73621582956
Random,754,56.2234632629974,598.854362856071
Random,755,55.6511746506445,591.948507041191
Random,756,55.6975874980238,594.619607787346
Random,757,55.6360913879375,594.261468022728
Random,758,55.9822082262883,592.944200345518
Random,759,56.1425538953251,602.957503398332
Random,760,55.8892328395448,593.261280447785
Random,761,55.604716648983,591.399078728813
Random,762,55.6523511685405,593.710631384439
Random,763,55.6930217378616,591.980534926601
Random,764,56.2491093981297,599.079014521725
Random,765,55.8396469325962,592.598509976028
Random,766,55.3714813926686,589.725224468521
Random,767,55.7333903847133,594.626944156306
Random,768,55.3943512181695,591.985965938044
Random,769,55.329614573723,591.232446966551
Random,770,55.3212414656573,590.687875328459
Random,771,56.0201454143596,597.611995246524
Random,772,56.2442269424031,597.324543836223
Random,773,55.2124303579059,587.475450669274
Random,774,54.9032838304017,585.5319309497
Random,775,55.2526306563237,586.384713416611
Random,776,55.8209360222826,592.699635613017
Random,777,55.787764761627,591.717353874413
Random,778,55.4284847382758,593.969117947003
Random,779,56.167532484024,598.771203995654
Random,780,55.9155206202382,593.967079424187
Random,781,56.3834978326753,600.072106691002
Random,782,56.250371506245,604.61694321938
Random,783,56.1496980219165,596.603674419353
Random,784,56.1749911261457,597.396918180292
Random,785,56.0261820644179,595.379405934739
Random,786,55.7916968611346,595.66134626681
Random,787,55.754123982624,593.744738754003
Random,788,55.5871102040471,590.966293897577
Random,789,56.1826776001208,596.298606420945
Random,790,55.6822672382495,593.520817610521
Random,791,56.5008351614276,599.897345943111
Random,792,56.6333538143961,601.948159649393
Random,793,55.869797721654,592.576978893537
Random,794,56.2487231212006,595.84832228799
Random,795,56.0540584935168,595.789224968073
Random,796,55.5627437158433,589.914821796146
Random,797,55.9828466353247,595.164504376474
Random,798,55.6586348525385,594.335835614497
Random,799,56.0153010454215,598.116218983186
Random,800,55.4286323382397,591.49351481668
Random,801,56.0805562189805,597.203823969152
Random,802,55.1039628749881,585.739663154912
Random,803,55.7393787863976,595.24549862325
Random,804,56.0998965876091,594.649005556178
Random,805,55.8170018941959,595.554441439646
Random,806,55.5161284031338,594.96566740517
Random,807,55.6327461359432,589.603036512014
Random,808,55.731365478721,592.755889227822
Random,809,56.2337702589279,598.777842139763
Random,810,55.887816288897,597.73269998108
Random,811,56.140237229909,596.985889047492
Random,812,55.2004127042346,590.554170892072
Random,813,55.7703413775358,592.570422915391
Random,814,55.7485664639946,593.148846094222
Random,815,55.7626925491123,595.636857653732
Random,816,56.3274126572988,599.811092064036
Random,817,55.9045189917036,592.520809472753
Random,818,55.8100440442619,596.535694649942
Random,819,55.8193162691968,592.882552991638
Random,820,55.3614109919489,590.464730185368
Random,821,55.8751534365887,594.382335525132
Random,822,56.1649237486687,598.329150517127
Random,823,55.9951942171847,592.989015160844
Random,824,55.5695340408525,595.367182286633
Random,825,55.723931558665,595.944293008848
Random,826,56.0679189139605,600.548785843914
Random,827,56.2560684108817,598.644564387142
Random,828,55.6817987323461,593.634067960621
Random,829,55.8922425882887,595.541368939045
Random,830,55.5212664750654,590.022643515301
Random,831,55.8015125406223,594.475994069762
Random,832,55.8081483282313,595.438143930593
Random,833,55.4105045459586,589.973912738506
Random,834,55.8146223719189,595.932869337168
Random,835,55.493568177159,593.321152635206
Random,836,55.8025764786812,593.838963198185
Random,837,56.2226679361493,597.394026465372
Random,838,55.7970951106387,592.955509163146
Random,839,55.7216530434582,594.875489271733
Random,840,56.0400059048994,595.589406546775
Random,841,55.9376596666468,594.730950224478
Random,842,56.0636488902235,596.129346804104
Random,843,56.1928269113134,597.402506216171
Random,844,55.8087873179283,596.603559026174
Random,845,55.8050073313167,595.772184433856
Random,846,55.5410214057807,591.517853528389
Random,847,55.6296979466679,594.795200159716
Random,848,55.3398559019909,591.520533891216
Random,849,56.4355546272058,599.075611224385
Random,850,56.5435692070779,601.745881771266
Random,851,56.2989010651564,599.946483221336
Random,852,55.896189271138,593.213386601556
Random,853,56.1670596353849,596.419596956118
Random,854,55.172700836778,586.167036714019
Random,855,55.9573602046412,594.542744759321
Random,856,55.8087554338058,592.072176334343
Random,857,56.5556897122517,597.826144341449
Random,858,55.8633331928922,593.553618874431
Random,859,56.304469814836,599.724573267209
Random,860,55.8788050346149,594.083637135668
Random,861,55.9237379094193,594.820952577337
Random,862,55.7883873355342,591.567468305869
Random,863,55.6498522526992,592.860599795248
Random,864,55.7948601517574,596.499479668217
Random,865,55.9352848079579,595.188607154621
Random,866,55.6479424208769,591.786602338339
Random,867,56.0042976065978,592.507703480645
Random,868,56.0476881439287,598.984869025186
Random,869,55.3393178468896,588.494603463024
Random,870,55.7466387176156,594.735958017916
Random,871,56.0601341877054,598.757852828166
Random,872,55.9371684538147,596.492567024305
Random,873,55.5632379847367,592.028776877025
Random,874,55.361948730223,589.485685884966
Random,875,55.4153964514905,593.838822551017
Random,876,55.4516832919799,591.410080260733
Random,877,56.5436834124553,598.911229658873
Random,878,55.7627969492205,596.020954036974
Random,879,56.7265810087914,599.947007136818
Random,880,56.4491392706421,601.515680679462
Random,881,56.099788286297,598.306710646952
Random,882,55.8220901993729,592.631410650435
Random,883,55.8665283437071,595.69681531879
Random,884,56.0383438426948,597.796648117253
Random,885,56.1456027899712,597.182921357276
Random,886,55.9703354478025,594.572764042048
Random,887,56.1256157021973,596.194454572593
Random,888,55.7640216445447,592.37152850598
Random,889,55.6068830466827,594.031993970395
Random,890,55.5814518982056,592.225392874403
Random,891,55.0591509496364,588.376867330482
Random,892,56.1323673370651,597.451598421721
Random,893,55.8005519480039,592.295671432109
Random,894,55.9452047243878,598.79389037656
Random,895,55.9115038844408,595.358272554323
Random,896,55.9145602452129,595.336974757044
Random,897,55.6053004908875,591.706538904102
Random,898,56.2406597252347,600.624920548557
Random,899,55.6443750916634,595.31055352496
Random,900,55.7986603271692,591.582861563615
Random,901,55.5092202873927,589.531365359426
Random,902,55.6825063248289,592.827301175479
Random,903,55.357909945594,588.904368686147
Random,904,56.2843187898685,599.656242238042
Random,905,55.3096247513299,588.183142906547
Random,906,55.6112647007413,594.497473888615
Random,907,55.5224175591678,590.263330836759
Random,908,56.1997605629097,598.838313230063
Random,909,56.0508354816003,593.633862839757
Random,910,55.4797348033202,591.752739537503
Random,911,55.9365179599062,596.402113325349
Random,912,56.1253229127666,596.300367745114
Random,913,55.8379161689767,591.840591646822
Random,914,55.3946409948055,595.679649326068
Random,915,56.1600707181096,598.512767227613
Random,916,55.8593853737422,594.990400353654
Random,917,55.4109730161907,592.444735569733
Random,918,55.3865992497093,591.419081433551
Random,919,56.5800632537288,600.434826030568
Random,920,56.2947337057592,599.847437788492
Random,921,55.2828634721809,590.627737129663
Random,922,55.7697682090935,591.976983573533
Random,923,55.9233327612796,591.451612910623
Random,924,55.7252839650209,596.002810936677
Random,925,55.306503999877,592.10299316945
Random,926,55.9241858203147,593.597244977285
Random,927,55.5789288094892,591.536064348748
Random,928,55.4777187891487,591.014865556136
Random,929,55.6960376923076,592.803427260767
Random,930,55.7784353157222,597.649527823389
Random,931,55.9450728752061,596.195712280223
Random,932,55.9171456984278,594.521588305254
Random,933,55.7538775877034,596.986362336623
Random,934,56.3336220997597,600.849107983593
Random,935,56.3245892203604,597.068363600795
Random,936,55.983528276324,595.045305451392
Random,937,55.721241264195,595.762480150304
Random,938,55.818371714408,595.706478879822
Random,939,56.2740655002102,597.234635263297
Random,940,56.1860164520428,595.92234377737
Random,941,55.7848481723958,596.166127021561
Random,942,56.0024419581038,596.446002725256
Random,943,56.0394608795523,596.829686355309
Random,944,56.3085346449812,598.289091709139
Random,945,55.6052062976532,592.573154778906
Random,946,56.2035992826045,599.388399723189
Random,947,56.5716158468704,600.114610254933
Random,948,56.4272001017809,597.462619240329
Random,949,56.0471820823901,597.038014290353
Random,950,55.6691727746075,593.20574940439
Random,951,56.0556771515555,594.491698274003
Random,952,55.920994564787,597.65409702194
Random,953,55.7145465123902,592.673017862648
Random,954,56.3750846603633,601.785812435841
Random,955,55.1963969296568,589.190397477368
Random,956,55.7985570202382,592.326218416991
Random,957,56.273968139647,600.084450318173
Random,958,55.3579804739201,589.893020053485
Random,959,56.4027569799314,600.383287451257
Random,960,55.7190987603728,593.495178350125
Random,961,55.7243020689133,591.87225325871
Random,962,56.0383372897098,597.562544305426
Random,963,55.7406502630369,595.538390295987
Random,964,55.9602979663914,593.664183778164
Random,965,55.8679151798295,595.150682182903
Random,966,55.9690223944387,594.838794123186
Random,967,55.3671408352191,592.641824735994
Random,968,55.8693995065958,597.726623420628
Random,969,56.4755693153954,597.41464874264
Random,970,55.8822860024333,592.853632462114
Random,971,56.0571529619776,595.843501410116
Random,972,56.1825840502946,596.250338341647
Random,973,55.8339334506327,596.058600494621
Random,974,56.2283852787792,598.039697444716
Random,975,55.8269292074591,596.307558887901
Random,976,55.5931466631838,593.163497009967
Random,977,55.5665304439896,591.882113600128
Random,978,56.0749590691593,596.914434361813
Random,979,55.9099500186839,592.084439994493
Random,980,56.1512098512883,600.296154494563
Random,981,55.9162162021576,592.61273786659
Random,982,56.0999008710954,593.442901604295
Random,983,56.2150094738839,598.908687118138
Random,984,56.2062254838131,599.234808866293
Random,985,55.8537569494755,592.408809492696
Random,986,55.8627312441127,597.857772422567
Random,987,55.2568943978569,591.780053170961
Random,988,55.4653655736343,591.832363479415
Random,989,55.6403888464502,591.496805636503
Random,990,55.8312757927068,592.255473459783
Random,991,55.4108704780193,588.95316900146
Random,992,55.7931810767591,594.149769162651
Random,993,55.8394758264415,595.899597243425
Random,994,56.1544404369093,592.251445579451
Random,995,55.2510618833468,589.126228675766
Random,996,55.4437610734465,590.532928710404
Random,997,56.1415757057306,598.344759243491
Random,998,55.3470366553041,589.009149657162
Random,999,56.4965573680886,603.33269533071
Random,1000,55.9000587073599,597.589491691322
Regular,1,61.1058051464113,424.323612080574
Regular,2,61.0869452537518,425.9522420429
Regular,3,60.1891790289965,417.302415778578
Regular,4,61.3997211624139,426.09564888593
Regular,5,61.9242510933845,430.228122925721
Regular,6,60.9591091601428,423.871297828674
Regular,7,60.613191714622,420.582344397213
Regular,8,60.9424381216645,424.010198229196
Regular,9,61.0389867679119,422.796201615229
Regular,10,60.6995257930153,422.640366124421
Regular,11,60.5922948691981,421.686927173958
Regular,12,60.8813388199124,418.898681433074
Regular,13,61.2285883753161,423.708349753217
Regular,14,60.7873532475325,424.479577924765
Regular,15,61.4722309254959,426.190431115294
Regular,16,61.5349795154424,426.991647739317
Regular,17,60.7655206230444,422.352073840971
Regular,18,60.8864585849117,421.687795346611
Regular,19,60.9305191588099,423.531105726467
Regular,20,60.7199114198572,421.430059223591
Regular,21,60.721166565108,420.380669726455
Regular,22,60.9422755103511,424.218594515558
Regular,23,61.121040463364,423.821491082362
Regular,24,61.0421075760315,422.207482892489
Regular,25,61.7265307229555,427.48540245573
Regular,26,60.3154108897708,420.279507352354
Regular,27,61.3611396182665,425.506881448192
Regular,28,60.6383127193882,421.936291629003
Regular,29,61.5639220859236,427.449067753699
Regular,30,60.2111364830138,418.577282158512
Regular,31,60.9722332645188,421.168630975991
Regular,32,60.8963334876244,422.853295422223
Regular,33,61.1693970936833,423.567874116303
Regular,34,61.7078910006528,426.444273184056
Regular,35,60.921170195,422.563478442825
Regular,36,60.9316569936093,423.589894854555
Regular,37,61.3463389462384,424.308035497277
Regular,38,61.3979682821769,426.07714177968
Regular,39,61.4566183341343,426.255389967425
Regular,40,60.4809620432507,420.744933368303
Regular,41,61.1588626200171,423.571112336462
Regular,42,61.2702837891105,423.952196210148
Regular,43,61.1860880162967,424.208976975904
Regular,44,61.3405459882623,426.116428352241
Regular,45,61.1900896824187,424.40753526171
Regular,46,61.3523888097715,423.529691980933
Regular,47,59.8061547574584,417.001054067365
Regular,48,61.4135401542102,426.400398925571
Regular,49,61.4533839404616,425.935496664724
Regular,50,61.5656262433812,425.641275365918
Regular,51,61.2524141807755,425.61164745595
Regular,52,59.9435652508489,417.583124592844
Regular,53,60.8486557423463,423.865783892503
Regular,54,61.0225793496758,425.460708937001
Regular,55,60.4764905290137,419.934740835445
Regular,56,61.0502493985679,425.205210687692
Regular,57,61.0797601914897,424.17044854444
Regular,58,61.4364127736844,426.566809756724
Regular,59,61.0031571979205,424.170705631015
Regular,60,61.1955310465619,425.505571361899
Regular,61,60.5554742576757,421.381056445174
Regular,62,61.3565021158322,425.159279697466
Regular,63,61.5393276637943,425.865641424855
Regular,64,61.3697173863115,425.804724037007
Regular,65,61.2730590876083,425.470079463956
Regular,66,61.1388573281133,421.93311979078
Regular,67,61.7616155003394,427.277735397135
Regular,68,61.2210281163721,424.011894304356
Regular,69,60.2736314570086,420.978023907878
Regular,70,61.4123523545062,426.992547360621
Regular,71,61.4636828824342,424.73874195214
Regular,72,61.2601444969258,424.757748600721
Regular,73,59.9289281758603,416.41278473931
Regular,74,61.1703234596213,424.350345223667
Regular,75,60.5989456343904,420.257893753563
Regular,76,61.314526459065,425.526071120216
Regular,77,61.1319735388245,423.649114171374
Regular,78,60.8594365285754,421.942636149921
Regular,79,61.485037669657,424.94395753496
Regular,80,61.6807446080014,425.931096204572
Regular,81,60.6312564566504,421.321130405611
Regular,82,61.1436079078129,423.99743367402
Regular,83,60.9909804392145,425.652212518902
Regular,84,61.1845442513935,424.956616318282
Regular,85,61.2223118581972,424.215983972614
Regular,86,61.587105488602,425.960695623883
Regular,87,60.6506362846171,421.019966026246
Regular,88,61.2044332462812,423.509171475573
Regular,89,61.1288725296413,424.325404103179
Regular,90,61.5102570906981,426.176934168682
Regular,91,61.3625990886259,427.726558722583
Regular,92,61.3340777563546,425.263232249401
Regular,93,61.4022773456168,427.117982594956
Regular,94,60.8839580282704,422.225077950309
Regular,95,61.2756801650307,425.885405251019
Regular,96,60.2848157124812,419.549111981813
Regular,97,61.5116565289656,426.210211468676
Regular,98,60.5585806514921,422.798553945746
Regular,99,60.6367006062452,421.610779322002
Regular,100,61.2900057460431,426.654703717606
Regular,101,60.4684001537284,419.525175599811
Regular,102,60.8701495467056,423.245035155837
Regular,103,61.2891448621681,426.060763317536
Regular,104,60.6060536451302,421.409257997256
Regular,105,61.2792399400108,425.040848810209
Regular,106,60.8206225097976,420.979931838325
Regular,107,61.4489385944102,422.78518660262
Regular,108,61.3788744667666,426.961573778264
Regular,109,60.9304303877821,422.791805708962
Regular,110,61.2742421429901,424.619762513146
Regular,111,61.2082728718442,423.830742945318
Regular,112,60.9569008449797,422.356604390609
Regular,113,61.1789124360196,424.243079646376
Regular,114,61.1633941970737,424.220887705697
Regular,115,61.3350620979354,425.067702352266
Regular,116,60.7629768578964,423.485739780343
Regular,117,60.6744254497409,420.594047189798
Regular,118,62.2107443092164,431.154369390613
Regular,119,60.7322582690019,423.613215878151
Regular,120,61.5471206408773,425.959281987735
Regular,121,61.3419863089856,424.446100208197
Regular,122,61.6673727363763,428.180688244262
Regular,123,61.0761140815422,423.894809959384
Regular,124,61.5057653425168,425.900421772444
Regular,125,60.508748397857,420.435172234316
Regular,126,61.451983466072,426.054899614521
Regular,127,60.9586393042707,422.320774968319
Regular,128,61.6178426793628,425.68621648456
Regular,129,61.2552784410765,425.454018289801
Regular,130,61.8128710468328,427.355468116107
Regular,131,60.4754583724177,418.847432281924
Regular,132,61.0551190837924,424.253952761784
Regular,133,60.2462011368194,420.925558337819
Regular,134,60.3520048149756,419.693262793065
Regular,135,61.2038805419083,424.609083500366
Regular,136,60.4132963508873,419.913515641443
Regular,137,61.0679158507791,424.85838509491
Regular,138,61.3341588129222,424.968868193743
Regular,139,61.0933855573806,422.625546346315
Regular,140,60.4128875073296,420.180164486161
Regular,141,59.9194051991649,417.657075091962
Regular,142,60.6835086786074,421.381311551745
Regular,143,61.2693545743639,425.599180324529
Regular,144,61.4892251437239,425.493499833277
Regular,145,61.3236177839659,425.598142192604
Regular,146,61.39719509683,425.313475952436
Regular,147,60.5945942462896,421.172521471011
Regular,148,60.7018624264639,420.133151196702
Regular,149,61.0938345965041,423.64748258526
Regular,150,60.8742008291931,421.899610639479
Regular,151,61.2342668775071,423.33548067694
Regular,152,61.4583656052822,425.420966458534
Regular,153,61.5629324418569,425.811739059223
Regular,154,61.6440071084694,427.728490707541
Regular,155,61.2010591917547,424.345971945077
Regular,156,60.7314203919721,422.062812703862
Regular,157,61.0841958239251,425.178782535282
Regular,158,60.0808920328754,419.256981673117
Regular,159,61.473054777855,427.155404077143
Regular,160,61.9585564020686,428.784062118238
Regular,161,60.9451018098643,423.228739627528
Regular,162,61.3097793934453,423.365541430566
Regular,163,61.8568444385617,428.270182416614
Regular,164,59.8799427141098,418.197396816308
Regular,165,61.6122017140045,426.654489668723
Regular,166,60.8963213168321,423.968283041875
Regular,167,61.1645244337223,425.927169218608
Regular,168,61.2577450700347,427.86052509875
Regular,169,60.6562007865599,420.14023291923
Regular,170,61.1736047461298,426.283207002338
Regular,171,61.3160597653238,426.070051865166
Regular,172,60.2596381591306,419.115045301391
Regular,173,61.0716142972039,424.275990026289
Regular,174,61.3026194541047,425.814062023717
Regular,175,60.7054581649417,422.81127761427
Regular,176,61.6988637801343,428.313333601079
Regular,177,60.7253473812518,423.234670510081
Regular,178,61.0415597776169,422.352488566331
Regular,179,61.0330597910465,422.956980290061
Regular,180,61.6959901475716,426.908585971457
Regular,181,61.5951745981186,425.919415078525
Regular,182,61.0938211325119,423.559275124291
Regular,183,60.4688969514427,419.72516405004
Regular,184,61.1365397519893,424.527529722487
Regular,185,62.4367267613943,432.31627190089
Regular,186,61.0759206833066,424.263676630074
Regular,187,60.6033186093077,422.545628011824
Regular,188,61.1422673441871,424.080985914972
Regular,189,60.9262674305463,422.294265973684
Regular,190,60.9442048157398,423.433069221531
Regular,191,61.4743519773855,427.362260245133
Regular,192,61.0824650422429,424.505975564093
Regular,193,61.6833576534306,426.075355408053
Regular,194,61.6108593478476,428.344092914052
Regular,195,61.2943144287244,424.564090532091
Regular,196,61.3815361699485,426.000141222131
Regular,197,61.131318489725,423.319229472475
Regular,198,61.135471035529,424.280647689978
Regular,199,61.3744557464707,425.00993292558
Regular,200,60.5441375744807,421.828386854719
Regular,201,61.1863565546809,423.29842580734
Regular,202,60.6029950813598,422.829084372788
Regular,203,60.5815507151242,421.745995650228
Regular,204,60.7376499747286,421.398722526237
Regular,205,59.8670226030619,418.407154129697
Regular,206,61.7380867871594,428.473331841866
Regular,207,61.261118843746,424.382350018175
Regular,208,61.1388990747088,423.876970102475
Regular,209,61.6104943722265,426.113597679394
Regular,210,61.5219002962455,425.054603308312
Regular,211,61.1880427724568,424.409927559372
Regular,212,61.0857545852432,423.039512075864
Regular,213,60.8243654448673,423.258960123312
Regular,214,61.2032132129639,423.808059300799
Regular,215,60.1287814297237,417.649952189668
Regular,216,61.2708093561481,426.220383465425
Regular,217,60.3237937607239,419.620384641277
Regular,218,61.1311015563121,423.850487050054
Regular,219,60.8457372503462,421.843259843077
Regular,220,61.282700111837,426.672486808194
Regular,221,60.9746408503374,423.066259080026
Regular,222,60.4712470487056,419.738821439003
Regular,223,61.1957681600777,424.401510345905
Regular,224,61.1591801943,424.017628506585
Regular,225,60.6681729661233,420.535380028353
Regular,226,61.3092372731046,424.815350951387
Regular,227,61.4189443575852,425.337881435678
Regular,228,61.4421705679554,426.320549087074
Regular,229,60.9741569954553,424.197528280365
Regular,230,61.3148791381925,425.331472188719
Regular,231,61.1680927541183,423.681392764585
Regular,232,60.5177150628886,420.146945287182
Regular,233,60.9516205253061,422.227937767422
Regular,234,60.7613715483731,422.247765944058
Regular,235,61.6063139406499,425.94406053908
Regular,236,61.8649527251811,428.013002370165
Regular,237,60.3183936959759,419.248130138943
Regular,238,60.4220693420432,418.905570341556
Regular,239,60.2561811651524,420.28423605195
Regular,240,61.2455147690093,424.361866015883
Regular,241,61.2237415285479,423.334321371574
Regular,242,60.9247371716223,423.435463792015
Regular,243,61.0681580607291,423.90861189423
Regular,244,60.0938888910725,420.552945065635
Regular,245,60.9605476573547,423.192300221786
Regular,246,60.4651902830671,421.949148721102
Regular,247,61.1122836547031,424.590912131749
Regular,248,61.2593369424884,423.462699654698
Regular,249,61.1132864061407,423.653695693554
Regular,250,61.3880814684061,424.1850116058
Regular,251,60.758429701214,422.572272421736
Regular,252,61.2309513199972,424.978154479736
Regular,253,60.5517158706026,419.85749377144
Regular,254,60.7339143600973,423.079592235257
Regular,255,60.6457205086045,422.288197097918
Regular,256,61.4265016772597,424.07523593371
Regular,257,61.6968979844065,428.031453858464
Regular,258,60.6890478549502,422.594171344061
Regular,259,60.8258279847348,423.301620309358
Regular,260,60.719453069025,421.979486881365
Regular,261,61.2927144966537,426.780409742582
Regular,262,61.3177847362918,424.238098219641
Regular,263,60.8214625124389,422.229300091453
Regular,264,60.7723837831272,421.225523016124
Regular,265,60.4544532652292,418.99578675296
Regular,266,60.8656845580689,423.874774217082
Regular,267,61.5176607723539,425.498575341558
Regular,268,60.9802656982153,423.957826436425
Regular,269,60.8470056555472,422.300875003696
Regular,270,61.4298885303128,425.268820888966
Regular,271,61.1594893083901,423.91959077009
Regular,272,61.6906484811099,427.313270643604
Regular,273,61.1878186792886,422.057855820881
Regular,274,61.7712085634329,427.101981001334
Regular,275,61.3092383894521,426.366954118019
Regular,276,61.3408862369791,425.239263522707
Regular,277,61.5056307589879,426.906071015246
Regular,278,60.8727795822761,421.906623641289
Regular,279,61.6309153255429,429.158361066097
Regular,280,61.1787535970869,424.079165422335
Regular,281,60.8688312364659,424.260682643345
Regular,282,60.968315211513,423.557303404562
Regular,283,62.295851777895,430.128924538056
Regular,284,61.656415744316,426.747064320726
Regular,285,60.8165947358344,422.325131115416
Regular,286,60.3193892004445,417.798886100713
Regular,287,60.8338648828861,421.481214290817
Regular,288,61.4999498610251,424.093789660925
Regular,289,60.6645665357827,420.224933565151
Regular,290,61.8259680865539,427.488656165046
Regular,291,60.6312932427082,423.492749729129
Regular,292,61.2419652275797,425.739870413634
Regular,293,60.4153257645158,419.350632168413
Regular,294,62.071174749486,429.221815980334
Regular,295,61.0572605024643,424.132942297437
Regular,296,61.2213245602958,424.250126663125
Regular,297,60.543504512887,419.396965316146
Regular,298,60.6074530236619,421.957316651407
Regular,299,61.420071631074,426.937262036991
Regular,300,61.5678783554088,426.332695994697
Regular,301,60.7133078442126,421.043248419135
Regular,302,61.48107526532,426.488692930227
Regular,303,61.3824042261295,424.359576668047
Regular,304,59.9041267176382,417.124112795657
Regular,305,60.3271302599567,420.937232493509
Regular,306,61.0864071122763,425.547934561583
Regular,307,60.5860038439867,423.119489702267
Regular,308,61.3082967195081,425.603706366729
Regular,309,61.1423452118722,425.216579964895
Regular,310,60.3971308518528,418.61658300966
Regular,311,60.9411871182318,422.767865136893
Regular,312,60.1771171018683,420.69093305413
Regular,313,61.252479182942,425.940896020243
Regular,314,60.7409364961702,420.773030909367
Regular,315,61.4456041064032,425.914293955147
Regular,316,61.3490126904982,426.914641333276
Regular,317,61.0746505940404,425.383029158045
Regular,318,60.4097942160434,419.557811088623
Regular,319,61.3423155113255,423.713682306029
Regular,320,60.7887820531101,424.409828437373
Regular,321,60.9832946894319,422.756146045186
Regular,322,61.3036925761701,425.433981112615
Regular,323,61.3312638947774,424.553876875593
Regular,324,61.5600984631714,427.150533600801
Regular,325,60.0057378354149,417.81120632169
Regular,326,60.924678992862,425.106716744929
Regular,327,60.944127715796,423.017979361958
Regular,328,61.3149317241694,424.20430541005
Regular,329,61.6237727043402,425.755287262835
Regular,330,61.9329821949851,428.505248925996
Regular,331,61.1926658738107,423.241351727814
Regular,332,61.0835746226018,423.037077660809
Regular,333,60.871366016946,422.002178214522
Regular,334,61.4541225722227,426.733551408471
Regular,335,60.9676439253741,423.558687967945
Regular,336,61.6353059486202,426.400183300922
Regular,337,60.9545502693834,422.148219635621
Regular,338,61.3072577337933,423.728590815224
Regular,339,61.1715784380604,424.864268796321
Regular,340,60.9297664535167,423.837437950735
Regular,341,60.955008006857,425.42553683397
Regular,342,60.7019908415725,421.98503499871
Regular,343,61.4790455753914,425.104077522116
Regular,344,60.7096992643216,419.706428710088
Regular,345,60.6440041969745,420.563979145259
Regular,346,61.1055282984698,423.783268003041
Regular,347,60.7916462709489,423.933982081581
Regular,348,61.809910975979,429.295090871528
Regular,349,60.5129495916474,420.09484839141
Regular,350,59.9497643701563,416.843875097948
Regular,351,61.2412434705962,425.260373294839
Regular,352,61.0626556974578,424.756196955265
Regular,353,61.1931181286656,424.394604014701
Regular,354,60.5339888423283,419.51087506336
Regular,355,61.0810132228266,425.722640632025
Regular,356,60.4334226994521,420.648006122188
Regular,357,60.3480065834419,419.710809662721
Regular,358,61.0457241093871,422.730858580754
Regular,359,60.2134941587096,419.686123266491
Regular,360,60.9484090207521,422.102636132149
Regular,361,61.1626286476946,425.73244852777
Regular,362,61.6115833210213,427.21114171896
Regular,363,61.5492734029122,426.751441026796
Regular,364,60.9283281852434,423.110257992741
Regular,365,61.2463554126617,424.133283304797
Regular,366,61.3403883172923,425.95067933903
Regular,367,61.0017193222975,422.490716006449
Regular,368,59.6744839306871,416.849272629706
Regular,369,60.4284688722084,418.982597222633
Regular,370,61.082923191433,424.17012845048
Regular,371,61.6514886194259,427.231331717317
Regular,372,60.6969347837626,424.596380629383
Regular,373,60.9123669433724,425.342292430162
Regular,374,61.1735377636157,424.276992868629
Regular,375,61.7978216952223,429.481026500205
Regular,376,60.3028094771381,419.187929838597
Regular,377,62.0314239755232,430.019665132299
Regular,378,61.1799604131188,424.188832624608
Regular,379,60.742767622778,424.006217282872
Regular,380,61.6878085955825,427.602018794765
Regular,381,61.4360469097377,426.299978739151
Regular,382,59.8478531976958,414.644197266228
Regular,383,60.3707885405239,422.228236282653
Regular,384,61.447752038432,427.009478386927
Regular,385,61.3159228062253,426.028170807095
Regular,386,61.0313631962922,421.626433903039
Regular,387,60.8638678990567,423.817669250369
Regular,388,61.3785483798052,426.672442851899
Regular,389,61.0552700576943,420.959819982477
Regular,390,61.1118497151014,423.473529270575
Regular,391,61.5649303734465,426.708063155308
Regular,392,61.3308343887061,424.219475183838
Regular,393,62.0299519273051,428.70555607943
Regular,394,61.5965892050492,425.417460048093
Regular,395,61.4485163929887,426.486242466279
Regular,396,60.4170414554132,421.114619581882
Regular,397,60.4118575585584,419.715668925988
Regular,398,60.5255341856123,420.164383247345
Regular,399,61.22430639652,425.181188519896
Regular,400,61.6184505570352,425.896295766318
Regular,401,61.0912309916762,426.139015352812
Regular,402,61.0637177443539,426.22799198411
Regular,403,61.1545075593255,422.326662280144
Regular,404,61.0824886911343,424.61090710855
Regular,405,60.9141938700364,421.308087573766
Regular,406,61.4976709053394,426.980173552996
Regular,407,59.6989903332003,416.156596014496
Regular,408,60.4343618698699,421.210935323019
Regular,409,61.2746727367072,424.892161705849
Regular,410,61.5092198994414,423.732265093108
Regular,411,61.4700496400118,426.761509106169
Regular,412,61.704237540461,428.131216801535
Regular,413,61.5810940186688,425.951236717019
Regular,414,61.6552548157871,427.271987697119
Regular,415,60.7514112411602,423.58531657508
Regular,416,60.9699857480125,421.436480440655
Regular,417,61.3429770513643,426.620516977972
Regular,418,60.6125207540463,420.179771190561
Regular,419,61.5664500656275,426.375987756595
Regular,420,61.5941954721046,425.973350493076
Regular,421,61.5698534113444,427.218849241884
Regular,422,61.3470811765073,425.165070487562
Regular,423,60.2946508695935,418.754511520813
Regular,424,61.3840763269465,425.06083637356
Regular,425,61.1227373406127,423.023077962827
Regular,426,60.7879929810902,422.082865207132
Regular,427,60.5656479290282,421.058296610755
Regular,428,61.4282246442124,424.032867095171
Regular,429,60.6222268930102,419.617873849262
Regular,430,61.1564093184931,424.221153017142
Regular,431,61.8140280562871,428.417236173771
Regular,432,61.2643684783894,423.697072934608
Regular,433,61.4516155441556,424.994180642981
Regular,434,60.8598371706212,421.989680710926
Regular,435,61.0424797918303,424.518195897435
Regular,436,60.9473533253758,421.067926497774
Regular,437,60.9747983439203,423.084404543976
Regular,438,61.2684453548482,425.791987535702
Regular,439,60.8060685041155,423.11361307523
Regular,440,61.2600418393457,424.99013270483
Regular,441,60.44948979217,418.888371028762
Regular,442,61.3753568671982,425.074538566622
Regular,443,60.9132993877137,422.743812166265
Regular,444,60.8414825862813,422.605401147457
Regular,445,60.4037879185933,422.047107955644
Regular,446,61.4836973001937,426.830145150371
Regular,447,60.7843830763156,422.245527581007
Regular,448,61.4838682351814,425.948795677642
Regular,449,60.4312780143471,418.978199782743
Regular,450,61.2560244790799,425.44355073534
Regular,451,60.7086394353319,420.860844528023
Regular,452,60.8811186496153,422.54286667939
Regular,453,61.330610698749,424.181049265415
Regular,454,61.1742337327094,424.042881111541
Regular,455,60.6449015817455,420.485557302315
Regular,456,60.3639712546676,420.166422716006
Regular,457,60.9819138583115,422.772666855484
Regular,458,61.1232510095698,421.697432663395
Regular,459,60.6944092278397,422.684115539188
Regular,460,61.0938644867751,423.313869360007
Regular,461,61.4394793790712,425.866718254704
Regular,462,61.5379618906963,425.908711574937
Regular,463,61.2733524855907,425.891131139943
Regular,464,61.3383064238,422.85348532455
Regular,465,61.5946831198767,425.554479231623
Regular,466,60.8431222195085,423.749265841251
Regular,467,60.8401219727997,423.347974390557
Regular,468,61.5331944795303,426.880315719095
Regular,469,61.6123249646373,426.033290117173
Regular,470,60.6481996277007,423.309504465121
Regular,471,60.0770560388153,418.711227776092
Regular,472,61.156747990053,424.67403963167
Regular,473,61.3861943751803,424.569687841572
Regular,474,60.7943284737342,422.766797959113
Regular,475,61.3822276076213,425.708329674145
Regular,476,60.96197705231,423.446504730135
Regular,477,61.4962643022317,425.452452869902
Regular,478,61.2079373431063,425.704369832525
Regular,479,60.8546877847535,422.339007703727
Regular,480,60.3942911617441,419.544983443351
Regular,481,61.0228051303787,422.273928617485
Regular,482,61.4579685770053,424.144433033996
Regular,483,61.1493784803336,423.669003296017
Regular,484,60.8542112990517,422.960349110652
Regular,485,60.4838791236215,420.762648324298
Regular,486,61.2406167724806,425.098071734024
Regular,487,60.943354787499,424.715126214112
Regular,488,60.5987055335397,419.374064903589
Regular,489,61.1335002666919,424.084720915481
Regular,490,61.4998799345552,427.223214938682
Regular,491,61.5891962285442,426.31892529425
Regular,492,61.232066930403,425.19446803721
Regular,493,61.0684992910216,423.934870657639
Regular,494,60.7305576673377,423.306927466926
Regular,495,61.1336594160423,423.824960720869
Regular,496,60.8139683908327,422.414521813983
Regular,497,61.4796941401564,425.893124330053
Regular,498,60.8700337678854,425.057766548124
Regular,499,60.4764903167981,420.714512893112
Regular,500,61.3230335363098,425.357850521599
Regular,501,60.9354588976547,424.845019912474
Regular,502,62.3971100862038,430.669417846053
Regular,503,61.3192479117093,425.173812322846
Regular,504,60.6425285584463,423.103381943281
Regular,505,60.7957961247965,421.497335371045
Regular,506,61.0572475432743,423.572316285813
Regular,507,61.7125568925974,428.258636993109
Regular,508,60.3914108923635,418.121011248412
Regular,509,61.0576710402494,423.301099094052
Regular,510,60.4356679308673,421.796049038423
Regular,511,61.1579514362459,424.367787707047
Regular,512,60.6892143681753,420.092411708819
Regular,513,60.690885210156,420.644318906355
Regular,514,60.9444126268858,422.740308159885
Regular,515,60.0511194511317,418.613502920996
Regular,516,61.0208729170901,423.741554875013
Regular,517,60.3960451464527,420.362420561696
Regular,518,61.316446890997,425.692935244518
Regular,519,60.5498379632048,419.601938500599
Regular,520,60.3846494225295,420.256461799581
Regular,521,60.3709055484205,418.227999830852
Regular,522,60.767926993097,422.217069327494
Regular,523,60.4024374031821,419.001699185707
Regular,524,61.4100302829402,425.538657994505
Regular,525,61.3639645913753,425.446003926214
Regular,526,61.4584012769493,427.353941061459
Regular,527,60.7856977861884,422.678915880412
Regular,528,61.440897899673,426.547358733109
Regular,529,61.1649290657229,422.823319237793
Regular,530,60.9584584077636,423.336890325234
Regular,531,60.4011888636897,419.732650884088
Regular,532,60.5771258463831,420.67937949838
Regular,533,60.8715694316003,422.113845429568
Regular,534,60.2284105664996,419.819439705009
Regular,535,62.0380949912304,430.934797168173
Regular,536,61.1603720134557,424.414352680149
Regular,537,60.8394121329358,423.125947455937
Regular,538,61.3179442380156,424.781212054799
Regular,539,60.8971987410811,422.582919723081
Regular,540,60.6757588094541,423.810954082484
Regular,541,60.3784755906379,420.209195000048
Regular,542,60.8744014070301,423.295226225401
Regular,543,61.0932297213594,425.001671994444
Regular,544,61.2181070276098,425.278700939035
Regular,545,61.4087905838641,428.63062693951
Regular,546,60.7977413471445,422.021115144608
Regular,547,61.2302447369148,424.520606331857
Regular,548,61.1437220977474,424.029618997674
Regular,549,61.0097832709838,422.466023473856
Regular,550,61.233900662107,426.077734461212
Regular,551,59.9233418251428,416.919358738901
Regular,552,60.8800794693103,420.968574454642
Regular,553,60.8167866202859,423.542300542684
Regular,554,60.3563271164007,419.543801168378
Regular,555,61.1963434856357,426.657576133898
Regular,556,60.9649094330411,423.171412316048
Regular,557,61.8035195231796,427.799654741004
Regular,558,61.3951662310825,427.091346634445
Regular,559,61.8991986423207,427.97864449316
Regular,560,61.234838384233,424.67207953808
Regular,561,61.1497278612484,424.455095076336
Regular,562,60.8649444543125,424.934317026801
Regular,563,60.8564954590146,423.394952167729
Regular,564,61.6647952611136,427.452057871595
Regular,565,60.6615577352336,419.543288107091
Regular,566,61.5593764193564,427.863665722805
Regular,567,60.3283540405335,421.980404688106
Regular,568,61.0635342430304,423.226368212653
Regular,569,60.7070650296295,420.711629172684
Regular,570,60.9703669068913,423.827529959062
Regular,571,61.3119034532153,424.171203518331
Regular,572,61.527035463691,426.684430791087
Regular,573,61.7941588010343,428.733668577777
Regular,574,60.485974809521,420.091098562699
Regular,575,61.1445499543254,423.40355124402
Regular,576,60.7485323791939,420.771578731398
Regular,577,61.3135823154524,424.429772727496
Regular,578,61.08727827719,424.98910037785
Regular,579,61.064232147398,422.759747773093
Regular,580,60.6522881418185,421.532742867611
Regular,581,61.416412763466,424.343692147267
Regular,582,61.1022490660329,424.86779449202
Regular,583,61.3603464536039,424.226795147448
Regular,584,61.2690626249405,425.263298430379
Regular,585,61.1824018679256,425.266495756042
Regular,586,61.0001875063387,421.468350408589
Regular,587,60.8934527915206,423.919619752409
Regular,588,61.1798094782641,427.564245880566
Regular,589,60.5803242870831,420.823923602215
Regular,590,61.4470584945212,425.58272683373
Regular,591,60.9014342448563,422.819016158495
Regular,592,60.922448563368,421.52627856115
Regular,593,61.4193306264311,425.018091751048
Regular,594,60.6770088815796,420.478720056919
Regular,595,60.8636635212367,422.061729318917
Regular,596,61.4847914305693,426.024191747328
Regular,597,60.4773815098311,421.785105387562
Regular,598,61.0373648329479,424.486106614036
Regular,599,60.8976778597141,424.133517339029
Regular,600,60.9770755576567,423.485387204981
Regular,601,61.1162467347947,425.369238326968
Regular,602,60.1032564194904,419.765903650436
Regular,603,60.5938697780553,422.879507717832
Regular,604,61.4829134877152,425.491549982339
Regular,605,61.309932464609,423.373435339404
Regular,606,60.7112714731654,423.731070864395
Regular,607,61.1205452479224,424.49222931863
Regular,608,60.7792831059809,421.514369211667
Regular,609,61.3695838767724,424.452499829118
Regular,610,61.2982270083302,424.662700941216
Regular,611,61.5670470967529,426.436793271481
Regular,612,60.7287247595386,422.284421990045
Regular,613,61.3810470902369,426.49445532688
Regular,614,60.5923220867696,421.378711196799
Regular,615,61.4284545099685,425.93740581536
Regular,616,60.5514231619108,421.620496728754
Regular,617,59.8770191062217,416.608471973674
Regular,618,61.0550075239254,425.568131452305
Regular,619,60.730070894034,421.075640910071
Regular,620,59.9330494745352,417.207121637473
Regular,621,61.2776162649372,423.321129341551
Regular,622,60.9425292249428,421.897383061975
Regular,623,60.8215406608085,422.008132905299
Regular,624,61.260353773822,425.777466680591
Regular,625,60.9882722792879,424.147746475045
Regular,626,61.5004877795037,425.702609404091
Regular,627,61.522410904476,427.192765418583
Regular,628,60.6481352955919,421.333178857819
Regular,629,61.4888296513824,425.768854998861
Regular,630,60.7726618413852,421.638858016577
Regular,631,61.5763821607026,428.844452444443
Regular,632,61.0453766965395,423.588860755905
Regular,633,61.3176043724915,425.701773446315
Regular,634,60.6102997660668,421.585595187528
Regular,635,61.3522955355914,424.27271501845
Regular,636,61.5734766987184,426.096041878374
Regular,637,61.556500959427,425.323240504228
Regular,638,60.1781752672208,419.769175461989
Regular,639,61.0579502632372,422.529559165725
Regular,640,61.2466529530716,424.458178889375
Regular,641,62.3612253961682,430.169856236361
Regular,642,60.7112513550615,419.783383215929
Regular,643,61.8367389974031,426.234060741638
Regular,644,61.2312742294469,424.850606279574
Regular,645,61.014181621889,423.82335055603
Regular,646,60.496270670824,419.683672464335
Regular,647,60.8119827265005,421.859887504126
Regular,648,61.3969180751459,425.673754466026
Regular,649,61.444701015958,426.306409382352
Regular,650,60.5185306620247,418.49232255852
Regular,651,61.1415677291534,424.143266663274
Regular,652,60.6459136900827,421.791980891443
Regular,653,61.6577662186318,427.551575670211
Regular,654,60.236201524688,418.859326286871
Regular,655,60.0819862716663,418.772133646888
Regular,656,61.2199392065492,422.82476204225
Regular,657,60.7996126584133,424.76762991123
Regular,658,61.2578325470447,424.277430550698
Regular,659,61.4139467445454,425.392670105569
Regular,660,61.891759182809,429.132426044393
Regular,661,61.2359823487471,425.276907354469
Regular,662,60.8779011274557,420.043131230015
Regular,663,61.4975946668573,425.181261577701
Regular,664,60.7493300173853,423.295220906893
Regular,665,60.8479544443892,421.115540983996
Regular,666,62.0516229501887,429.068641535267
Regular,667,61.3627096802435,425.209445702657
Regular,668,60.7390682099763,422.861818994679
Regular,669,60.9230602716823,423.076548044697
Regular,670,60.4922588639289,420.538622089682
Regular,671,61.5246293584277,426.288268267634
Regular,672,60.9431646679968,423.695549559851
Regular,673,62.1442992135483,430.593330885686
Regular,674,60.9947174894337,422.489805938978
Regular,675,60.8787789766502,424.749517064763
Regular,676,60.602849031176,422.114730189093
Regular,677,61.2468764719278,424.521523634293
Regular,678,61.5486288841486,425.785333063771
Regular,679,61.0366232754939,424.313497378699
Regular,680,59.5766959771684,417.213418086191
Regular,681,60.9594087954733,423.021984905392
Regular,682,61.9234057981391,427.342367669401
Regular,683,61.0648731544994,426.081487822474
Regular,684,60.4810742415245,420.908666766191
Regular,685,61.6453169843811,428.857862152279
Regular,686,61.1758725484995,425.244651071873
Regular,687,61.111686175005,423.096739823723
Regular,688,61.0767579788001,423.676109779608
Regular,689,61.2938522476244,425.160266735004
Regular,690,60.4530040438058,422.244424872679
Regular,691,60.5873203093573,422.167132877938
Regular,692,61.214478220226,425.61924457846
Regular,693,61.1048750004688,422.076606046676
Regular,694,61.3188985050225,423.74955062806
Regular,695,61.133612087812,422.837213883514
Regular,696,61.5292261431063,427.744370250906
Regular,697,61.1284681479917,422.634535329093
Regular,698,60.8332263343795,422.324351157017
Regular,699,61.0754133406224,422.893058220941
Regular,700,62.0323045560649,429.239804768286
Regular,701,61.6902687984742,425.934236062647
Regular,702,61.4633677857256,425.571880823599
Regular,703,60.870230050478,421.79694777553
Regular,704,60.5742270863559,421.610909368315
Regular,705,60.965325414028,423.810461447382
Regular,706,60.8303070259796,422.711852502732
Regular,707,61.3472967392189,426.263107198249
Regular,708,61.1425490082622,422.670707738749
Regular,709,61.527699676846,426.953803140681
Regular,710,61.3318820048829,426.595069743288
Regular,711,60.8371986085914,421.802304754048
Regular,712,61.3163447228364,425.662543495032
Regular,713,61.5855592171458,427.444990509048
Regular,714,60.1607747944379,417.608850200299
Regular,715,61.925735068627,429.667197278442
Regular,716,61.5925247535853,427.908996477438
Regular,717,61.3653867266185,426.278395185584
Regular,718,61.4477093289408,425.07787396587
Regular,719,60.9496336196536,423.815625045181
Regular,720,62.2918572564245,431.31024605607
Regular,721,60.6750915932557,422.563054711721
Regular,722,60.7089163345306,419.57097579591
Regular,723,60.8286248164561,420.952599066872
Regular,724,60.3964371669222,420.361459761032
Regular,725,61.0345540904002,424.480789946982
Regular,726,61.6012112094942,428.664861697099
Regular,727,62.3999802060057,431.466729782037
Regular,728,60.7233939796888,421.505763102181
Regular,729,60.7271045301618,422.541296695542
Regular,730,61.1567317013942,425.492666774148
Regular,731,61.3381810397718,424.549503174167
Regular,732,60.5710736839678,421.45989634176
Regular,733,61.8268102403008,429.591363810413
Regular,734,61.1116642052099,423.325890688733
Regular,735,60.7423542290744,421.353794611632
Regular,736,61.2115817358913,423.263974154616
Regular,737,61.3193969751615,425.935111458658
Regular,738,61.3269420932831,424.866154000058
Regular,739,61.3075331491639,425.359025108141
Regular,740,61.8764894267201,427.451213512878
Regular,741,60.8837962372839,422.019506909965
Regular,742,61.0286275938425,422.956808547362
Regular,743,60.8547381916734,422.982266580884
Regular,744,60.4746341382124,420.16089108675
Regular,745,61.0145781426441,423.945141239035
Regular,746,60.4444550475151,418.141620606925
Regular,747,60.7364319617253,423.227943110655
Regular,748,60.9570093609729,425.08196379896
Regular,749,61.0648519862491,422.806568657301
Regular,750,61.2719478219062,425.633388875152
Regular,751,61.8171153124078,427.020125217025
Regular,752,60.99214135005,423.426399471563
Regular,753,60.856455906373,421.253476887261
Regular,754,60.6919095499083,421.279677091484
Regular,755,61.0831876345479,423.483607881992
Regular,756,61.3903485908039,424.850696941997
Regular,757,61.0207423290493,423.569432435069
Regular,758,61.3340165875198,425.418733900518
Regular,759,62.324902838053,431.98943299707
Regular,760,60.9629507536249,423.254312489691
Regular,761,61.2035099310845,424.441781823595
Regular,762,61.8185109864771,429.793140226981
Regular,763,61.3955748396762,425.779396884585
Regular,764,61.0578667858397,422.950840973145
Regular,765,61.2659432646784,426.26594472304
Regular,766,60.9515696723566,422.549806392018
Regular,767,60.0176711752277,417.609593733935
Regular,768,61.3200190643935,427.131970867223
Regular,769,61.276205159785,423.024045528918
Regular,770,60.6023158437034,422.325364561963
Regular,771,60.327632612225,420.309181114171
Regular,772,60.7760749316594,422.166553240099
Regular,773,61.1375762012568,424.475120743223
Regular,774,61.0339150310555,424.79893221948
Regular,775,60.7329686058539,423.239322009643
Regular,776,60.1702829541015,417.99458021191
Regular,777,61.7843706805974,429.494982792243
Regular,778,61.3039509853759,425.143903175962
Regular,779,61.7483659245684,427.780810609821
Regular,780,61.2293806990253,426.338449718763
Regular,781,61.2866036239641,423.851040357038
Regular,782,60.7324821836676,421.886642296063
Regular,783,60.987020706044,425.90949469685
Regular,784,60.6103447730392,423.041219819249
Regular,785,61.6170797955765,426.261798377298
Regular,786,60.5295769497716,422.929253768975
Regular,787,61.6499837648884,427.038287919635
Regular,788,61.5314637653149,428.126933693248
Regular,789,61.5986684174692,427.673657719803
Regular,790,60.9618537535617,421.974318256751
Regular,791,60.40591260235,419.797333135572
Regular,792,61.3745237048096,426.301269704664
Regular,793,61.3088652551381,424.554742349584
Regular,794,60.4831097871464,420.686416262173
Regular,795,61.7429272588462,426.233076414844
Regular,796,61.1589544801594,423.323367153779
Regular,797,60.755703179484,420.682188472288
Regular,798,60.9291112603011,424.620554865291
Regular,799,60.1710018271373,419.063129148028
Regular,800,60.7573122861979,419.597668344382
Regular,801,60.7165370109394,421.909601089576
Regular,802,60.741558395445,421.804198952273
Regular,803,61.4865528918962,425.171548508843
Regular,804,61.0306294929991,422.532606643001
Regular,805,61.3787670579476,424.546457321647
Regular,806,60.2489626597436,418.102603455617
Regular,807,61.3779801256222,424.85586043867
Regular,808,61.5880222840241,427.139225970569
Regular,809,61.5730635530934,426.173474581581
Regular,810,60.567835123076,419.332326538686
Regular,811,61.2435784388637,425.154113659169
Regular,812,61.1831329645359,424.058819273739
Regular,813,61.531659458714,427.578076253704
Regular,814,61.0007453777121,424.7960707072
Regular,815,61.330619116361,426.238680589114
Regular,816,61.575001099889,427.34280398692
Regular,817,60.5358065639405,420.859740175687
Regular,818,61.0711801240384,424.522017048375
Regular,819,60.3956195024459,419.520586667985
Regular,820,61.6367136143029,427.308510188395
Regular,821,60.4505377565408,419.326299943309
Regular,822,61.1749038048564,422.88351750825
Regular,823,61.6570906228114,427.880464700669
Regular,824,61.3962078412705,424.824427668524
Regular,825,61.3664037411404,425.708859313622
Regular,826,60.8406877225406,423.188621584214
Regular,827,61.8708669352159,428.707865593914
Regular,828,61.3083381419992,426.871519383838
Regular,829,60.7786988826498,418.251264608783
Regular,830,60.8627608463852,423.457593500497
Regular,831,60.9468128807167,423.043128710023
Regular,832,61.1241447645489,424.495504766347
Regular,833,61.4196146784739,425.098503547781
Regular,834,61.2299174012723,424.926011497939
Regular,835,61.3523543302179,426.269762022286
Regular,836,61.3793652978682,423.377794194987
Regular,837,60.6822694487295,421.120070164823
Regular,838,60.9946356155055,423.627824831611
Regular,839,60.8178472834036,422.97498511834
Regular,840,61.3415784616726,423.272480587066
Regular,841,61.6256042466775,425.256426629219
Regular,842,60.5419210095808,420.711944236518
Regular,843,61.0276902549275,425.114403964366
Regular,844,61.5961524832627,427.816087614855
Regular,845,60.8469698603658,422.702465615485
Regular,846,60.8524387774135,422.83712706038
Regular,847,61.2888878056369,425.140641675477
Regular,848,60.6891850559825,421.378408586855
Regular,849,60.3534571161287,418.239896019221
Regular,850,61.5161647060418,427.330162208488
Regular,851,60.9309955721217,423.463885897221
Regular,852,59.7989586462716,415.443482385368
Regular,853,61.6129626825552,425.839989645606
Regular,854,60.495795283667,419.22590457635
Regular,855,60.8888232951534,423.839830608385
Regular,856,61.5050650702359,426.700473649677
Regular,857,60.7871346409626,420.923901713425
Regular,858,60.9971637142479,423.263460918414
Regular,859,60.7996062623283,421.161242268246
Regular,860,61.4406100031599,423.705967389322
Regular,861,61.0134330650895,424.965724195856
Regular,862,61.0970106418748,423.691357255426
Regular,863,61.7539666819651,428.476406042803
Regular,864,60.628119778242,421.117862957056
Regular,865,60.9688187272482,424.845274632593
Regular,866,60.7390702484484,423.852988199079
Regular,867,60.9511896271774,422.951604670254
Regular,868,61.3928027400743,426.074389808282
Regular,869,61.5841114372673,426.9111147056
Regular,870,60.4527772882317,420.535845736208
Regular,871,61.4046738988666,426.23935909706
Regular,872,60.6828290067618,420.919741797432
Regular,873,62.3946916199867,430.717346793534
Regular,874,61.2751166848221,424.056792427984
Regular,875,60.3431400001724,418.911564198681
Regular,876,60.659554249723,420.016564156955
Regular,877,61.1352433585328,425.042063118814
Regular,878,60.9077668915861,421.790343116973
Regular,879,60.6352970575877,420.630921142559
Regular,880,61.2160932207138,424.011798529575
Regular,881,61.8792281822518,427.471058541126
Regular,882,61.1970410186155,424.651926833322
Regular,883,61.6345115964492,428.398973511441
Regular,884,61.2396437866936,426.303219634585
Regular,885,60.5375655322182,421.00696341661
Regular,886,60.7963423177041,420.788903005676
Regular,887,61.5860606016342,425.222575783348
Regular,888,60.8989397984766,421.095812077371
Regular,889,61.2283495456219,425.04295947743
Regular,890,60.6429782084717,419.947481973203
Regular,891,60.8688997739293,422.555275015195
Regular,892,60.6755139908373,420.243373393517
Regular,893,61.6332597531401,426.121966484264
Regular,894,61.5400168777564,428.506403938305
Regular,895,61.4269998538819,427.118975359044
Regular,896,60.4486092620728,420.595669182356
Regular,897,61.4743802171273,425.007296783536
Regular,898,60.687082794193,422.148419040378
Regular,899,61.4092870381648,424.166627014335
Regular,900,61.1684005574336,425.569412957432
Regular,901,61.3377032110854,425.334070293891
Regular,902,60.822652378979,421.495854762119
Regular,903,61.2127135010242,424.599968156815
Regular,904,61.8505450452843,426.272127142119
Regular,905,60.5929087832086,419.53259271518
Regular,906,61.2680317413814,423.263374535798
Regular,907,60.8936534350374,423.721071500147
Regular,908,61.2961946261052,424.197428950606
Regular,909,61.1622232718309,423.8427261464
Regular,910,61.2879162510573,425.149947216392
Regular,911,61.3543357817507,423.910440409314
Regular,912,60.8116422599318,421.944635074968
Regular,913,61.4941801051005,426.251119220911
Regular,914,60.248984471416,419.613421148788
Regular,915,61.4525199065707,425.755907269373
Regular,916,61.2175169111123,424.59598164389
Regular,917,60.8537372603368,423.445259617112
Regular,918,61.6510325596421,426.439029443913
Regular,919,60.0376652144399,419.463406230732
Regular,920,61.6184372224652,427.660262679217
Regular,921,60.2079576274812,418.691744931236
Regular,922,60.812890116469,422.420184075391
Regular,923,61.7295002759582,427.554623795776
Regular,924,60.7199010123453,421.730949573734
Regular,925,61.2068708851793,424.113408131521
Regular,926,61.0200874263684,423.933635078838
Regular,927,61.111093652292,423.375097590621
Regular,928,60.990618414172,423.439011048774
Regular,929,61.3279340189304,426.084264930712
Regular,930,61.7661060899004,425.357476397828
Regular,931,60.711371114597,421.330452470041
Regular,932,61.3877215925129,425.836348976541
Regular,933,60.6767730425474,421.588497536802
Regular,934,61.023463026035,424.003808146809
Regular,935,61.0111277484177,423.745317007184
Regular,936,61.4538203802498,427.984457180169
Regular,937,60.8311453899878,420.757833613433
Regular,938,60.9540290068527,422.277518006424
Regular,939,61.8930922897658,430.053767603973
Regular,940,60.4768075000699,420.15946729296
Regular,941,61.2763177784921,424.26435148461
Regular,942,61.6639974073346,425.973819713579
Regular,943,61.1863348732779,424.984697156238
Regular,944,61.6952975603198,427.821191112195
Regular,945,60.6776656591735,421.30799907818
Regular,946,61.7142377879309,426.588462219093
Regular,947,59.8502824635181,416.957216110777
Regular,948,61.0195377876593,422.669001794699
Regular,949,60.8808506536319,423.535085278251
Regular,950,61.6664465371004,427.76997327091
Regular,951,61.3668719842625,426.627937899605
Regular,952,60.2116355417872,417.837873769184
Regular,953,60.1203119719799,418.837175609636
Regular,954,61.0324195817365,422.998628155614
Regular,955,61.7740571848644,428.145853498646
Regular,956,61.204687819074,424.274114151052
Regular,957,61.4613536150851,425.682445400786
Regular,958,60.6937697942673,420.142335639921
Regular,959,61.0891502777269,422.725434910866
Regular,960,61.5358762336412,428.025786896439
Regular,961,60.8694382973405,422.312233874028
Regular,962,61.3997833047283,426.701326171202
Regular,963,60.9334276982202,422.224319178876
Regular,964,60.5243469112189,419.157907356877
Regular,965,60.8856250865471,423.238566277282
Regular,966,61.1358429859893,423.090133203974
Regular,967,61.827572318137,428.820013318631
Regular,968,61.0489192163334,423.81514934976
Regular,969,61.3694377952252,425.785281974338
Regular,970,61.1051436465129,423.029978190975
Regular,971,60.8624723371066,423.724033324926
Regular,972,60.8975581053569,420.664945336659
Regular,973,60.935023206935,422.152142415797
Regular,974,60.7371736249986,421.007827754629
Regular,975,60.5416849493255,419.475312093493
Regular,976,61.8652284366862,428.710476251477
Regular,977,61.4553268662925,428.002432593643
Regular,978,61.3051056124713,425.136498558565
Regular,979,60.945998265308,422.93433981065
Regular,980,60.8428426865505,422.492620675775
Regular,981,60.7999975739662,421.585046642426
Regular,982,61.0510805339494,424.918044465108
Regular,983,61.0384884299758,423.013282477084
Regular,984,61.7439114988917,428.066967196235
Regular,985,61.9049098536877,428.356445869549
Regular,986,61.0887653299218,424.542296965657
Regular,987,60.4145919934876,419.674642846591
Regular,988,61.2308723051388,425.187630231746
Regular,989,61.4017753769535,426.268139742311
Regular,990,60.9935715148552,424.992897743954
Regular,991,60.6662529435248,420.30126692405
Regular,992,61.5156901269389,426.799056640926
Regular,993,61.7749182474537,426.833582091585
Regular,994,61.0304868688846,421.800813187889
Regular,995,60.4620253580497,418.887412600641
Regular,996,60.9380685018333,422.97326997134
Regular,997,61.2900402565154,424.789164257122
Regular,998,60.4722856798129,422.25051685761
Regular,999,61.0974927245995,424.897346534495
Regular,1000,61.4678694429031,426.255546383193
Clustered,1,57.3679191154745,494.62727809237
Clustered,2,57.2009508462779,497.457394983474
Clustered,3,57.0977770181712,495.117733189878
Clustered,4,56.8716905685994,489.873334702875
Clustered,5,56.8704962081469,488.815698035511
Clustered,6,57.2335015261917,491.309916898735
Clustered,7,57.3741365782046,491.692077852186
Clustered,8,57.499158957721,495.570230384055
Clustered,9,56.9665610093846,491.599628788255
Clustered,10,57.8590557425986,494.28893758422
Clustered,11,57.5073673405065,493.149311812189
Clustered,12,57.881760746769,496.709412857828
Clustered,13,56.8406178183345,489.273469883589
Clustered,14,56.4576240651808,488.259757402697
Clustered,15,56.9153177367847,491.634886115369
Clustered,16,57.0484367668886,490.735087942865
Clustered,17,56.2855978162984,487.345241391573
Clustered,18,56.3996840557598,486.499729952763
Clustered,19,57.1718215605935,493.986690867816
Clustered,20,57.4794634596975,493.914720551098
Clustered,21,56.5354579310496,488.754668792076
Clustered,22,57.3051530873263,493.950584763428
Clustered,23,56.9462929083027,492.520542870369
Clustered,24,57.4581452942214,492.404687969593
Clustered,25,57.4285907586523,493.120360622371
Clustered,26,56.781848821333,490.009803845783
Clustered,27,56.993850871119,493.99278306359
Clustered,28,57.6871942468001,494.505522846372
Clustered,29,56.6366094382463,483.991925713661
Clustered,30,57.3219685068776,492.057518708859
Clustered,31,56.8922056162581,489.098568273204
Clustered,32,56.6923308439467,490.476386252435
Clustered,33,57.443004602846,493.716374772334
Clustered,34,56.9730641798765,490.775393002453
Clustered,35,57.8095043184829,492.324779656482
Clustered,36,57.7600880573873,496.934615515157
Clustered,37,57.2648918297627,493.392464481521
Clustered,38,57.331696550694,494.728972507414
Clustered,39,56.9494789608389,494.931140886909
Clustered,40,56.9490389148183,491.967330087272
Clustered,41,57.691430163551,497.129245790535
Clustered,42,56.2396806168974,483.093325720005
Clustered,43,56.7914963785578,488.968654372937
Clustered,44,57.3522572127344,490.472854127072
Clustered,45,57.0462840724593,491.088305054709
Clustered,46,56.893150693872,494.431099126447
Clustered,47,57.2350731969092,495.313519731792
Clustered,48,57.1702415584272,495.484526330184
Clustered,49,57.4442954485279,493.475059038502
Clustered,50,57.5666075109941,495.032783584829
Clustered,51,57.3314802243053,494.351024855665
Clustered,52,57.1713877754142,490.569707019713
Clustered,53,57.7559300331301,497.644796418875
Clustered,54,56.9901863124118,485.638689780074
Clustered,55,56.9520895215551,490.06583393036
Clustered,56,56.9655649312201,490.022024441889
Clustered,57,56.8642586434901,489.430025176695
Clustered,58,57.4271774499566,492.386580505822
Clustered,59,57.1157571291863,492.333239588584
Clustered,60,56.5990238080526,487.766391319985
Clustered,61,57.3392863882327,494.942333941315
Clustered,62,56.5458358922675,487.838527794925
Clustered,63,57.1858183437799,493.037036833376
Clustered,64,56.8807445278623,492.074861037693
Clustered,65,57.2719118302594,491.198601648884
Clustered,66,56.9051481794534,493.576619541414
Clustered,67,56.5647206102538,487.328173216768
Clustered,68,57.3321694625739,493.40956293765
Clustered,69,57.2793704794058,495.221390708071
Clustered,70,57.2967566265455,493.597364167011
Clustered,71,57.4337773769396,489.511955812283
Clustered,72,57.0870610678821,489.582879402611
Clustered,73,56.986456276673,492.837844594177
Clustered,74,56.9074357911171,492.325718341656
Clustered,75,57.4116533853422,495.736746363964
Clustered,76,56.7267623710247,488.089103232049
Clustered,77,56.8798463929561,492.889770506961
Clustered,78,57.5760652243986,493.670323076462
Clustered,79,57.1281886404555,491.904483406378
Clustered,80,57.0531347706446,492.207553273849
Clustered,81,56.7431399507656,489.950087726103
Clustered,82,57.0399771517001,489.185077844557
Clustered,83,57.3928412941551,495.481211051048
Clustered,84,57.165494357909,493.447733651796
Clustered,85,56.5421356203359,487.297947233888
Clustered,86,57.6518206579575,497.741243687365
Clustered,87,56.2884881950744,487.142247385004
Clustered,88,56.9967508250969,491.139589884165
Clustered,89,57.4893276951127,494.929506733899
Clustered,90,56.733651331799,488.071436218112
Clustered,91,57.5061144091015,493.107005894206
Clustered,92,57.3594180342043,494.223197422902
Clustered,93,56.666101239618,491.120384407838
Clustered,94,57.0339018212435,490.354306285134
Clustered,95,56.6697379806826,488.350879942618
Clustered,96,57.2039972388636,495.375898479636
Clustered,97,56.2244878437655,487.412790407923
Clustered,98,56.8449963162535,487.060932761069
Clustered,99,57.7945562938672,494.205716237947
Clustered,100,57.2906937994024,496.102825887124
Clustered,101,57.7714616136735,495.246882015681
Clustered,102,56.4935081673915,487.524694107593
Clustered,103,56.4640160382625,487.725377254343
Clustered,104,57.434098380813,492.568122426851
Clustered,105,56.0783268752176,487.205860261261
Clustered,106,56.7575461978942,487.589985738812
Clustered,107,57.5552088744238,495.121190415117
Clustered,108,57.33646765579,490.909861419508
Clustered,109,57.0698375056464,492.497989122226
Clustered,110,57.2843223901036,494.081267099065
Clustered,111,56.9925635493353,491.657236869495
Clustered,112,57.0420859012064,491.840225930442
Clustered,113,57.1419035906174,490.225141993594
Clustered,114,57.7804858570491,495.172002634976
Clustered,115,57.2289061522374,495.086565066617
Clustered,116,56.9528665412617,493.994736762439
Clustered,117,57.3718349462221,489.746241755156
Clustered,118,57.268842628521,494.923501999062
Clustered,119,57.2297062262457,490.249406710966
Clustered,120,56.5290892853451,487.00186274548
Clustered,121,56.6957305443262,492.439920078939
Clustered,122,56.5921931437053,489.320016038933
Clustered,123,57.1123289289605,488.740021202623
Clustered,124,57.2096763400381,494.836229195883
Clustered,125,57.3703458941423,491.508495522722
Clustered,126,56.5763778179146,486.454855507045
Clustered,127,57.4745367270536,494.384623040162
Clustered,128,56.5051162413362,485.622702034672
Clustered,129,57.0690313322174,493.146681775843
Clustered,130,56.656033513106,491.029931578529
Clustered,131,57.0779051034197,491.445552550911
Clustered,132,56.794340963066,491.208993777202
Clustered,133,56.9748349472339,491.829802907574
Clustered,134,56.4660918067661,487.419753684312
Clustered,135,57.3902650978401,495.760446506115
Clustered,136,57.3965361303296,490.943748722147
Clustered,137,57.4780283650864,492.759001997695
Clustered,138,56.9240553100036,490.631759419366
Clustered,139,56.9465336986408,487.661509300454
Clustered,140,57.1425607304659,492.97824522744
Clustered,141,57.3616614441903,495.279621688097
Clustered,142,56.8707586890067,491.353147334828
Clustered,143,56.9912823915555,494.065505765063
Clustered,144,57.0198897442323,489.762400521789
Clustered,145,57.3753314730761,494.823161848983
Clustered,146,56.7236781556473,490.848561400397
Clustered,147,57.0382303520059,489.21206410503
Clustered,148,57.3559755444089,497.449335994393
Clustered,149,57.2690292181855,493.656338789471
Clustered,150,56.9516405829488,489.667461202916
Clustered,151,57.0364158438459,490.288591767908
Clustered,152,57.5755135888553,498.053502064651
Clustered,153,56.6537362427305,490.148493463165
Clustered,154,57.5004504915336,492.523137732457
Clustered,155,56.9202028184793,491.614355901991
Clustered,156,57.0486151834725,490.736772215385
Clustered,157,57.4498929697248,492.220936488646
Clustered,158,56.5312928759467,487.410926985722
Clustered,159,57.487417392752,493.903002099754
Clustered,160,57.2550221901812,491.426732424401
Clustered,161,56.9897338534833,491.151863714195
Clustered,162,57.1890117357316,489.838890825134
Clustered,163,56.1611719542755,489.641049856432
Clustered,164,57.0891298677672,492.972844145301
Clustered,165,56.7076338319852,488.578288369726
Clustered,166,57.1272516937134,492.484547331409
Clustered,167,57.0940912056921,490.331730908484
Clustered,168,56.7111665392618,490.003863974731
Clustered,169,56.3895192151044,491.214121251237
Clustered,170,56.8248644134967,489.197152626566
Clustered,171,56.8112352058841,487.975845835095
Clustered,172,56.7265227368376,490.198421906079
Clustered,173,57.250709879313,490.887079253822
Clustered,174,57.0527654103831,493.171531557828
Clustered,175,57.1633738305539,490.973912671331
Clustered,176,56.9954359076101,488.31082685276
Clustered,177,57.0658094020413,492.340998859936
Clustered,178,56.8576138672404,488.005062721222
Clustered,179,57.3442215884343,492.418263384098
Clustered,180,57.5166081040579,491.171978705751
Clustered,181,57.2523834104723,490.192085567738
Clustered,182,57.265347533688,491.488489513581
Clustered,183,57.230327492925,490.987269368296
Clustered,184,57.6391244151618,493.387439534719
Clustered,185,57.8163996798618,496.889449817445
Clustered,186,56.8677535688924,491.348893403374
Clustered,187,57.2907809340706,493.310386023552
Clustered,188,56.4050078943973,487.442986987123
Clustered,189,57.2741588281346,490.170781915216
Clustered,190,57.4082339698516,496.626947905821
Clustered,191,56.1278000036628,486.887666524647
Clustered,192,57.0211745241747,489.49091027764
Clustered,193,57.2408857787718,494.252786508541
Clustered,194,56.4934958407566,486.756194784946
Clustered,195,56.9606458423028,493.180149678025
Clustered,196,57.6146293923849,497.427309027066
Clustered,197,57.0261252492126,488.770407333189
Clustered,198,57.1684992902952,489.720857666684
Clustered,199,57.4106235774643,496.304067384163
Clustered,200,57.4770557604467,498.175719082226
Clustered,201,57.5979209767144,492.84043029197
Clustered,202,57.0775339962814,494.395790014915
Clustered,203,56.686032012211,489.899023816777
Clustered,204,57.4366694318443,494.826942165893
Clustered,205,57.0016243084418,491.310039940449
Clustered,206,56.7126089127538,489.398966454709
Clustered,207,56.7392795119584,489.634586194167
Clustered,208,57.3437044245927,494.841111322476
Clustered,209,57.0526618848051,493.541754278912
Clustered,210,57.1362325259622,491.609041497814
Clustered,211,57.4830261629756,499.703884207735
Clustered,212,56.8187144028241,489.440105800573
Clustered,213,57.0539982407379,491.480962147763
Clustered,214,57.5811109066685,497.594743814688
Clustered,215,56.5051596793626,486.342031294738
Clustered,216,57.0142013075806,493.131618394617
Clustered,217,57.3465126051973,494.311823181696
Clustered,218,57.1936734138232,492.044577010609
Clustered,219,57.2331508480563,494.324697336357
Clustered,220,56.309369179795,484.667655513299
Clustered,221,57.496241866396,493.478811631692
Clustered,222,57.557836130886,497.560397071377
Clustered,223,56.7673987607268,490.833170091748
Clustered,224,57.0810207076227,493.995344856749
Clustered,225,56.7947464047907,493.574163877321
Clustered,226,57.0618034998834,489.830117576614
Clustered,227,57.4774920983284,495.24724805811
Clustered,228,56.4775614169436,489.937807885867
Clustered,229,57.1848400274796,497.124076287675
Clustered,230,56.8539516368742,492.15317344507
Clustered,231,57.4378055720056,492.636616796799
Clustered,232,57.1813165255053,493.339389866432
Clustered,233,57.2743332012019,489.744964090433
Clustered,234,57.1345909026058,494.7572268046
Clustered,235,57.5744395078356,492.809174905843
Clustered,236,57.5014937152191,495.663952763972
Clustered,237,56.5643561371902,489.560911500465
Clustered,238,57.4415155825438,497.86396987383
Clustered,239,57.1120991253349,494.921644806656
Clustered,240,57.4808232952525,495.183083745092
Clustered,241,56.7783443069391,490.835975110172
Clustered,242,58.1067536014595,498.035073710899
Clustered,243,57.2068266189031,494.575771614196
Clustered,244,56.9595165054345,490.311212079652
Clustered,245,58.1109582366719,499.156233180198
Clustered,246,57.0069526130737,491.869371403685
Clustered,247,56.9143540165643,488.003768218591
Clustered,248,57.1472800476931,492.993692585566
Clustered,249,56.4049934587296,488.579093947598
Clustered,250,57.0743447194449,493.679047876823
Clustered,251,56.9120604763818,488.867742763117
Clustered,252,57.2375595992102,494.605116063199
Clustered,253,56.4495006934274,484.913009258203
Clustered,254,56.7431595508839,487.299545278621
Clustered,255,57.1344447520052,492.0430738877
Clustered,256,56.2431968841645,485.111496603785
Clustered,257,57.2405178895873,491.690255688586
Clustered,258,56.7087700027664,490.863885247318
Clustered,259,57.5661857350095,495.113521335336
Clustered,260,57.1017790787093,490.731414826966
Clustered,261,57.1846285111351,493.64364936937
Clustered,262,56.8181780453914,489.142959628328
Clustered,263,56.6199718317364,492.922114000897
Clustered,264,56.6605051943972,487.254072097244
Clustered,265,56.4818046908497,489.377854459679
Clustered,266,56.8259756977549,488.793219521317
Clustered,267,56.9920409562551,490.031475738137
Clustered,268,57.3012041437774,493.691819653377
Clustered,269,56.6834148571172,489.354830971917
Clustered,270,57.2579685839321,491.122234612728
Clustered,271,56.6077331285307,489.66665179946
Clustered,272,56.5649089421385,489.17276355104
Clustered,273,57.1095643103155,492.37833862235
Clustered,274,56.7558213577336,489.717572004141
Clustered,275,57.6232945040335,497.976155918971
Clustered,276,56.5220392462098,486.742651587399
Clustered,277,56.8632713154875,491.677881259607
Clustered,278,57.5584264045742,495.124735658129
Clustered,279,56.8879129666781,490.454672816129
Clustered,280,56.8695513402633,493.191161841069
Clustered,281,57.1936658188169,495.770800016792
Clustered,282,56.9587779030714,491.471819016611
Clustered,283,56.9023283474566,494.608072575617
Clustered,284,56.8768877262695,488.596038235629
Clustered,285,57.2137344661372,493.632226164781
Clustered,286,56.2651840782467,484.655615302329
Clustered,287,56.6474332672676,488.465573560053
Clustered,288,56.6672567745044,487.38818378741
Clustered,289,56.9055187185073,490.881146484088
Clustered,290,56.819386759161,488.255836756061
Clustered,291,56.9794555856974,494.049904357847
Clustered,292,57.7033780022729,494.679585731369
Clustered,293,57.2626200466057,491.005336858467
Clustered,294,57.9992024953342,497.670174948073
Clustered,295,57.3764443815094,488.371133733853
Clustered,296,57.3869494291041,495.911746032471
Clustered,297,56.2953063703342,484.539907586484
Clustered,298,57.9864014417582,496.885031261268
Clustered,299,56.5019688229834,492.811813310227
Clustered,300,57.0868645177956,494.291096296042
Clustered,301,57.6636190988773,495.855286004733
Clustered,302,56.8546573220761,490.616300607582
Clustered,303,57.2732591020579,494.40220091047
Clustered,304,57.3936072307392,491.880023164007
Clustered,305,56.9086484944355,491.159100822988
Clustered,306,56.7790371791993,489.498542370002
Clustered,307,57.5310096393339,496.234477381667
Clustered,308,57.4824181920563,495.245079860275
Clustered,309,56.8051166217341,492.698867322563
Clustered,310,57.425499667118,494.246529025574
Clustered,311,56.8147274018784,487.271227968967
Clustered,312,57.4736030253985,496.323084769981
Clustered,313,57.2573268045629,490.221354518403
Clustered,314,56.9972336372576,489.500518277716
Clustered,315,57.3202818982319,494.031340899346
Clustered,316,57.9533662478895,497.950819238421
Clustered,317,56.9679979869805,490.057350701063
Clustered,318,57.4023344609308,494.69398479882
Clustered,319,57.5317726087712,496.145939380202
Clustered,320,56.8893476977036,492.870213485341
Clustered,321,56.8642878636015,490.969644851753
Clustered,322,56.5213116345772,494.089177212461
Clustered,323,56.4634907343597,486.017403675513
Clustered,324,56.7636571737379,490.598283458445
Clustered,325,57.1960687208113,491.305412243138
Clustered,326,57.3533583345476,492.432957138107
Clustered,327,57.2504427301629,493.712177035169
Clustered,328,56.6237256050807,488.250739343937
Clustered,329,57.3540921614344,491.402561515443
Clustered,330,56.3360896132008,486.271761975777
Clustered,331,57.1882065739261,488.129074589483
Clustered,332,57.3918658931892,492.241662042373
Clustered,333,57.174209987705,486.708072687172
Clustered,334,56.809151520674,489.932290653664
Clustered,335,57.0729721493374,490.164344408941
Clustered,336,57.7835652832972,498.629029675972
Clustered,337,57.8433145852006,497.015198214839
Clustered,338,57.0067452673581,495.874708916035
Clustered,339,56.9821544928782,493.357373344989
Clustered,340,57.3601327511868,494.377352105527
Clustered,341,57.4138211232048,495.053153091712
Clustered,342,56.6481226855179,492.694910016885
Clustered,343,56.9698306839287,490.110370986571
Clustered,344,57.2141432200915,493.187400292095
Clustered,345,57.6786085654034,495.468767425865
Clustered,346,57.5666276511908,493.815830055856
Clustered,347,57.4453537400171,494.656996844978
Clustered,348,56.9853982279143,489.312715661486
Clustered,349,56.611782823079,489.208789895125
Clustered,350,57.1703572292155,491.307186053207
Clustered,351,56.7255994936579,492.301299192293
Clustered,352,57.1990022119388,493.175257921988
Clustered,353,56.093324877797,483.499029520606
Clustered,354,57.5257798503856,492.689810011038
Clustered,355,57.1308921912519,490.641960394135
Clustered,356,56.9178921771965,485.318144640648
Clustered,357,57.2213094998672,487.266933815705
Clustered,358,57.2712717789975,495.709010705069
Clustered,359,57.2762603692938,490.793247666673
Clustered,360,57.3241292015921,493.89124165815
Clustered,361,56.926559322937,491.748907451853
Clustered,362,57.0204319645326,492.465340247713
Clustered,363,57.6742528234739,494.668864276892
Clustered,364,57.0674894187481,488.896143907562
Clustered,365,56.5804248988458,489.358191390002
Clustered,366,57.207271904964,494.473902960739
Clustered,367,57.2668244643352,495.200602862135
Clustered,368,57.2254579768911,492.407456756635
Clustered,369,57.4889573296263,494.040007500635
Clustered,370,57.9895285358648,498.874945173873
Clustered,371,57.0026914180698,493.130312803777
Clustered,372,58.0196639800839,496.647977861975
Clustered,373,56.9485127606139,496.336515052819
Clustered,374,57.5894050231032,497.869560356926
Clustered,375,55.9185489878819,484.710635536368
Clustered,376,57.2965945111826,497.305893768318
Clustered,377,57.6818317113212,493.383375296904
Clustered,378,57.0878402387772,492.935500548313
Clustered,379,56.8651427250754,493.364542470529
Clustered,380,57.8620637934082,495.823704784371
Clustered,381,57.6994964225746,496.150745666422
Clustered,382,57.1670379692964,491.689546171824
Clustered,383,56.7400863901867,492.820272142555
Clustered,384,56.6352254637531,488.409147137727
Clustered,385,57.7576840624889,495.648640576558
Clustered,386,56.5848671929123,490.309827228278
Clustered,387,57.0819103753532,490.635228806436
Clustered,388,57.4222069463224,494.541574992369
Clustered,389,57.3855305991531,496.983170666148
Clustered,390,57.2712536771296,493.566258340298
Clustered,391,56.8103760756322,492.085997014004
Clustered,392,56.2065074386225,483.894577160833
Clustered,393,57.0527417584519,492.83589516986
Clustered,394,57.487173161786,492.592404171133
Clustered,395,57.5335884630816,495.546244270725
Clustered,396,57.2356103079426,495.688250898929
Clustered,397,57.4825668102358,493.893842858965
Clustered,398,57.1418932863372,491.281900872225
Clustered,399,57.5805092031919,495.029329007712
Clustered,400,56.4131072989527,487.49459012643
Clustered,401,56.9907718885807,487.887448954404
Clustered,402,57.4720914777277,494.779910607182
Clustered,403,56.822361514261,495.371627891714
Clustered,404,56.4342382111674,487.25714055262
Clustered,405,57.0165975010696,492.514898367249
Clustered,406,56.6970796663107,488.180366740981
Clustered,407,56.2665107751739,491.454713210151
Clustered,408,57.3331806337952,494.20808909686
Clustered,409,57.2944088338549,492.528756029271
Clustered,410,56.6537933418547,487.161950388123
Clustered,411,57.2954318442498,494.73576538447
Clustered,412,56.8293591771827,494.099871693108
Clustered,413,57.0707943739536,493.409229838045
Clustered,414,56.6095183341874,491.319371833013
Clustered,415,57.3373151073717,490.145024132501
Clustered,416,56.8081967623604,491.434426588441
Clustered,417,57.5499975190647,495.65927407539
Clustered,418,57.1352150033858,489.704766022028
Clustered,419,57.4261450928953,496.580782168818
Clustered,420,56.9084665294855,491.960193855433
Clustered,421,57.4861387843611,495.06664807885
Clustered,422,57.2457417826039,489.459451917467
Clustered,423,57.597168710797,494.473807609021
Clustered,424,56.9734711361245,490.113269613169
Clustered,425,56.9163190014919,492.558989547601
Clustered,426,57.4795729695184,495.65028722402
Clustered,427,57.5949178617013,495.819758068748
Clustered,428,57.2632897475354,494.085922893527
Clustered,429,57.0137394459881,492.67417032877
Clustered,430,57.315275419025,491.632079642675
Clustered,431,57.5417190194446,495.056294135431
Clustered,432,57.5948742239127,492.919062639734
Clustered,433,57.0595487447641,491.397958725532
Clustered,434,57.0224769294395,490.41883693741
Clustered,435,57.0821491959625,486.257635823788
Clustered,436,56.9257630283869,488.787272459745
Clustered,437,56.9408866241085,490.410703124088
Clustered,438,57.5169513672743,492.726592995333
Clustered,439,56.7480580356531,485.477779137621
Clustered,440,57.0186372390038,489.17363181659
Clustered,441,57.5136141659363,496.013319836756
Clustered,442,56.0787254642049,484.311459607321
Clustered,443,57.024704048364,489.943061103304
Clustered,444,56.8032185047805,489.603374545856
Clustered,445,57.1465539759942,492.048435764013
Clustered,446,56.4831178596223,490.446794831591
Clustered,447,57.204594199631,492.091134402173
Clustered,448,57.0040143688004,490.792489748848
Clustered,449,57.4996622453121,497.158987305042
Clustered,450,57.1476258883294,492.126621510334
Clustered,451,57.1870065771102,494.079109951958
Clustered,452,57.7016500891661,497.186021144357
Clustered,453,56.5882056988152,487.747825056201
Clustered,454,56.8410938827155,489.778391836792
Clustered,455,57.5058554074175,492.921722396848
Clustered,456,57.6397635579408,494.952012035136
Clustered,457,57.39905212923,492.325124629907
Clustered,458,57.4312650012472,495.916585610871
Clustered,459,56.976546062278,490.371812322655
Clustered,460,57.7155886246216,495.60659670886
Clustered,461,56.7847763814133,487.457888409193
Clustered,462,57.5454886854335,496.24997413531
Clustered,463,57.6764272048799,494.408734862268
Clustered,464,56.7106089508726,490.061291150139
Clustered,465,57.5305067867263,494.240597890229
Clustered,466,56.8313096514008,490.101855692782
Clustered,467,57.1678310231389,492.305660700179
Clustered,468,57.7215552207697,497.552044158123
Clustered,469,57.4143984539707,493.75040363872
Clustered,470,56.4904798450067,489.971350086369
Clustered,471,56.7824967882266,487.290754136672
Clustered,472,57.3705391857079,494.135249768006
Clustered,473,56.6171024988504,488.061893920111
Clustered,474,57.5646928929186,493.893689820857
Clustered,475,56.8483057837097,490.753992647857
Clustered,476,56.2663692056842,489.638540619752
Clustered,477,57.4472599698617,494.582612234797
Clustered,478,55.9370118487867,483.122088356835
Clustered,479,57.1674463421204,491.981439786516
Clustered,480,57.7794979043989,495.968311759953
Clustered,481,57.3630335794339,492.233678248873
Clustered,482,56.7259665016586,492.793093377102
Clustered,483,57.6904499069814,499.040249684508
Clustered,484,56.9007124826659,491.460314188565
Clustered,485,57.044902339209,490.630452002131
Clustered,486,57.2194152351301,488.348549340334
Clustered,487,57.8326048470632,498.261213374573
Clustered,488,57.8486049559845,495.297627666253
Clustered,489,57.3119738838019,495.132942008138
Clustered,490,57.9276767217782,497.246520881205
Clustered,491,57.6899049001729,495.096683299491
Clustered,492,56.8319133767515,494.118414554832
Clustered,493,57.1063317315753,494.944117136259
Clustered,494,57.1673566587018,492.449240875826
Clustered,495,56.443719129308,487.716430896414
Clustered,496,56.9008962506388,490.478841483367
Clustered,497,57.0013539691924,490.720718308625
Clustered,498,57.2793963970656,495.124403584154
Clustered,499,56.4402423754139,490.866375747674
Clustered,500,57.1883924464091,491.379884089139
Clustered,501,56.5964780741972,487.397697201355
Clustered,502,57.1101405519999,491.381069216951
Clustered,503,57.3427021018088,493.589773374591
Clustered,504,57.6284996929767,494.810098846542
Clustered,505,57.2566713592729,493.116557176069
Clustered,506,57.3206140607138,493.355736320667
Clustered,507,56.8094628455105,488.603495596964
Clustered,508,57.2302209664025,494.653718606681
Clustered,509,57.7336720323639,496.117972804231
Clustered,510,57.0917501911558,492.335774212831
Clustered,511,57.0508893093464,489.833304606864
Clustered,512,57.0750867575169,496.324396777425
Clustered,513,56.4832573642934,486.469055906536
Clustered,514,57.0900805481946,494.265456647923
Clustered,515,56.9103801621513,491.574807557648
Clustered,516,57.2081861905923,492.524829052031
Clustered,517,56.4900519181509,488.533932007776
Clustered,518,55.9531434420159,482.807153275946
Clustered,519,57.2999622287897,494.57204644606
Clustered,520,56.9196451993638,489.529001033788
Clustered,521,57.2545311462976,492.906508344622
Clustered,522,57.3679644258824,495.774336517204
Clustered,523,56.6638642605005,488.270181140031
Clustered,524,57.0602929704928,494.060802119976
Clustered,525,57.1486821413607,494.146347456057
Clustered,526,56.5820739976927,491.583760861827
Clustered,527,56.7506216586406,487.238294333105
Clustered,528,57.0192865847782,492.738933516465
Clustered,529,57.5217509236705,494.633171313547
Clustered,530,56.5509034967167,488.762592219938
Clustered,531,56.7583362115676,487.766201827635
Clustered,532,56.8139238366167,487.753218739458
Clustered,533,57.2243002153448,495.577531896116
Clustered,534,56.9384260060313,490.789863495743
Clustered,535,57.0124997328132,495.084192828815
Clustered,536,57.4118776570721,492.842072418986
Clustered,537,57.4679134949717,497.653787783878
Clustered,538,56.540176273892,489.722971991166
Clustered,539,56.9731700969365,489.058634451759
Clustered,540,56.7399732192733,486.943117427725
Clustered,541,57.2547529733883,492.625848007357
Clustered,542,57.0410818510522,493.570370563004
Clustered,543,57.490363280638,490.901601442301
Clustered,544,56.6552107951063,485.910217898647
Clustered,545,57.4563709857843,494.223367714422
Clustered,546,56.7891575815691,492.990815052683
Clustered,547,57.4844342569064,492.042257267044
Clustered,548,57.4517893022151,495.925329753283
Clustered,549,56.8047724579531,488.522014556382
Clustered,550,57.5160158593811,494.281303027932
Clustered,551,57.2855584422564,493.230435874324
Clustered,552,56.9519952275041,492.47511938887
Clustered,553,57.2436886289381,493.287131117923
Clustered,554,56.6615181305711,492.846869883612
Clustered,555,57.2869623440998,493.374785487599
Clustered,556,57.0730028940185,490.578331535828
Clustered,557,57.2495216631929,490.610668549672
Clustered,558,57.6740574809825,495.757353540721
Clustered,559,56.8404485716187,490.97934658789
Clustered,560,57.3393270154039,491.690748067704
Clustered,561,57.8558018756944,496.320477777899
Clustered,562,56.6760811220053,485.358442645385
Clustered,563,57.4815046070901,494.115177823074
Clustered,564,57.5849719245089,494.686915236514
Clustered,565,57.0852892734775,492.597939376762
Clustered,566,57.2500975543937,490.127424973529
Clustered,567,57.0111276571903,490.63544581193
Clustered,568,56.7337967388753,491.056765410815
Clustered,569,57.5164195790774,497.876663795142
Clustered,570,57.2066292096224,492.754090041019
Clustered,571,56.8628253411976,492.441059569845
Clustered,572,56.7988142104128,491.153684547876
Clustered,573,57.233552727659,493.042467636548
Clustered,574,57.5569887426235,497.279951977886
Clustered,575,57.37509284292,492.103828540231
Clustered,576,57.0347802124402,490.96837329937
Clustered,577,56.7810488558758,490.104743219231
Clustered,578,57.0953068199875,494.213772786844
Clustered,579,56.9038266988029,493.584962536342
Clustered,580,56.6263578223407,487.979993385253
Clustered,581,56.5425579780457,488.067920951355
Clustered,582,57.6243744735257,494.493375211056
Clustered,583,56.8802515365354,493.305041957749
Clustered,584,57.1334793814374,492.648489115901
Clustered,585,57.2611515679279,490.844508997756
Clustered,586,57.2249728913137,493.974514592866
Clustered,587,56.5077718565016,487.425678976736
Clustered,588,56.9750292258066,493.134451797407
Clustered,589,57.3753815907688,490.965708155725
Clustered,590,57.274813510959,494.212670263256
Clustered,591,56.9846248447349,490.072392891964
Clustered,592,56.8964245942794,487.804654231092
Clustered,593,57.1433268216698,491.699289272758
Clustered,594,56.917666483763,493.014252117165
Clustered,595,57.703468890183,496.295044099593
Clustered,596,56.5592711103705,485.634107829622
Clustered,597,57.4479435836514,492.714302424294
Clustered,598,57.2525162886308,489.24479995707
Clustered,599,56.8806979691754,492.448685649822
Clustered,600,57.107884576309,493.434687589548
Clustered,601,57.2665372493403,493.834578398022
Clustered,602,56.9158596782106,491.272151403607
Clustered,603,57.3666791863442,491.781068347472
Clustered,604,57.4675865998966,494.483866524737
Clustered,605,56.6190755440701,487.977860476548
Clustered,606,56.5712649613496,489.925836852693
Clustered,607,57.4879800289969,492.805246755289
Clustered,608,57.906353447583,497.802122690678
Clustered,609,57.4354292161438,495.267034806028
Clustered,610,56.8792287677151,491.99094512022
Clustered,611,57.1617193720213,493.25468739906
Clustered,612,57.3341222288853,493.138096321949
Clustered,613,57.4040550069336,492.399812119561
Clustered,614,56.9826843288038,491.80756423516
Clustered,615,56.9296348234923,489.889522842687
Clustered,616,57.3616797223068,493.17905890935
Clustered,617,56.4554225325763,487.238930480781
Clustered,618,57.229054943339,488.911605104135
Clustered,619,56.7884590027664,489.807635175271
Clustered,620,57.3121189262173,493.456070241348
Clustered,621,56.8238470859604,489.984272597841
Clustered,622,57.5344995589387,494.228212054142
Clustered,623,56.529894975548,488.184315756418
Clustered,624,56.557632286884,488.267395220763
Clustered,625,57.6419687904155,494.768237863757
Clustered,626,57.0517020169349,494.686166337222
Clustered,627,57.0819245719897,494.216617006417
Clustered,628,57.1825025874594,490.309970623766
Clustered,629,57.2391313938233,493.49111457129
Clustered,630,56.0063827450247,482.201027422013
Clustered,631,56.9210186951777,492.508900074448
Clustered,632,57.1960122820756,494.172684080141
Clustered,633,57.2726997136309,491.610975133197
Clustered,634,57.0591012694182,489.263091594997
Clustered,635,56.4758208771951,488.199429228115
Clustered,636,57.4191279751193,491.394088060857
Clustered,637,57.6517889260037,497.896670584877
Clustered,638,57.1637909919185,494.333570010334
Clustered,639,56.988807990578,491.628253592459
Clustered,640,56.802777950209,491.160689951068
Clustered,641,57.4360918486139,494.866872342328
Clustered,642,56.5888203264852,487.331816708901
Clustered,643,56.9796079941466,489.626156623447
Clustered,644,57.2356357913559,495.646379630551
Clustered,645,56.5407414882689,489.094304400923
Clustered,646,57.4572523389887,495.692037823599
Clustered,647,56.4249140045264,489.300975244383
Clustered,648,55.8394629150358,483.204495023321
Clustered,649,57.1267487115749,491.804446458258
Clustered,650,56.8893335066748,491.206386076191
Clustered,651,57.2341919879826,492.085992108255
Clustered,652,57.5051998023375,491.89217709586
Clustered,653,57.5472619293972,497.656776235666
Clustered,654,57.4576758629865,492.415210628413
Clustered,655,57.2633754814967,492.790461300528
Clustered,656,56.7477300284891,489.64940485525
Clustered,657,56.7382713024335,488.479310790176
Clustered,658,56.6318071790192,488.029640474235
Clustered,659,57.2404822093619,495.09255807
Clustered,660,57.6412028200682,492.380401683221
Clustered,661,56.2484883703514,490.49503904569
Clustered,662,56.580410553941,490.536979662522
Clustered,663,57.0343360654727,491.173950069371
Clustered,664,56.5877135152693,491.444883385469
Clustered,665,56.9585011050792,490.564060238409
Clustered,666,56.5975882620304,489.340449267619
Clustered,667,57.3801302118735,495.069677138968
Clustered,668,57.3549577968724,493.171235814369
Clustered,669,56.9674106267444,494.37890599804
Clustered,670,56.8565883517277,492.028280758066
Clustered,671,56.3319817375402,485.649759330644
Clustered,672,56.5697680316145,487.734944578417
Clustered,673,56.6469682168523,489.302974525152
Clustered,674,57.1607796751419,488.214197604018
Clustered,675,57.8520749170218,497.539009194701
Clustered,676,56.8270545991946,489.556364401402
Clustered,677,57.2963455946843,493.456474323871
Clustered,678,56.9024830744025,488.448945229746
Clustered,679,57.2176423297275,496.706206763455
Clustered,680,57.3924697207207,495.247712592736
Clustered,681,57.7567157545942,494.524009427963
Clustered,682,56.5992932124809,488.997778949658
Clustered,683,57.204847508947,490.999105535086
Clustered,684,57.159521433768,490.262461632557
Clustered,685,57.0477985022639,489.544946403737
Clustered,686,57.5016814972837,495.129918442964
Clustered,687,57.1089610797352,492.136297139962
Clustered,688,56.9789172024268,492.065813505127
Clustered,689,57.3930181185968,491.716393982186
Clustered,690,56.9630628288692,490.8531090132
Clustered,691,56.6018520005893,489.076461674033
Clustered,692,57.441285903954,493.488787932694
Clustered,693,57.1739982000973,493.347445179295
Clustered,694,56.8884938367451,490.309514135425
Clustered,695,56.7801740739672,491.619543692178
Clustered,696,56.9107957581054,491.800683968301
Clustered,697,57.1977915536837,495.211159326304
Clustered,698,56.7377256437459,489.727471971273
Clustered,699,57.2804547093457,493.934483257061
Clustered,700,57.1757149945049,492.073228609944
Clustered,701,57.3079737696652,493.876532845532
Clustered,702,56.4254717268363,493.575408258864
Clustered,703,56.6123226043749,488.227993916709
Clustered,704,57.4743140405257,495.815161692144
Clustered,705,58.0554559478959,501.347346041236
Clustered,706,57.2825062676931,491.670991590575
Clustered,707,57.4067216720798,493.871731893695
Clustered,708,56.8405241693684,487.543170364614
Clustered,709,56.6859684829278,488.306976074311
Clustered,710,57.292865668409,493.326986908786
Clustered,711,56.7551559676564,493.129778527028
Clustered,712,57.1391248076041,492.817788326887
Clustered,713,56.5516890650176,491.867271072006
Clustered,714,57.0684831778264,493.722337682789
Clustered,715,57.0529229509232,491.964078340544
Clustered,716,56.6062602662783,491.585677390033
Clustered,717,57.0082876118351,490.797092405258
Clustered,718,57.5433191505031,493.45932558082
Clustered,719,56.6457438445159,494.100306678609
Clustered,720,57.4757243808019,495.351661148541
Clustered,721,57.6029056338439,496.632802622941
Clustered,722,56.7571324145858,490.893625525399
Clustered,723,57.2857258746674,490.459737108707
Clustered,724,56.6226992870157,489.09438860711
Clustered,725,56.985487963503,495.326366800381
Clustered,726,57.7401510580305,497.053103109654
Clustered,727,56.1640247169456,485.634513059212
Clustered,728,56.9792139891993,489.313729675625
Clustered,729,56.3632399599039,491.49485104528
Clustered,730,56.6338733373708,489.853339812368
Clustered,731,56.8867865314181,493.536405049224
Clustered,732,56.5754390784101,492.393513811459
Clustered,733,56.824562134862,489.764192928429
Clustered,734,57.2259900229776,492.881486928441
Clustered,735,56.9546810563837,492.290776497519
Clustered,736,56.96551924438,490.085166806512
Clustered,737,57.3107231399659,491.696256391356
Clustered,738,56.2455053529772,485.903876123825
Clustered,739,55.520714632344,478.26265878556
Clustered,740,57.3488724940521,491.92255300176
Clustered,741,57.41200669462,495.194254563942
Clustered,742,57.3955257231942,492.401253409948
Clustered,743,57.2356466134486,492.705398957711
Clustered,744,57.048640197206,489.314798809998
Clustered,745,57.161112923288,488.05004948521
Clustered,746,56.7992465525521,489.313258379223
Clustered,747,57.853047784391,495.577593714517
Clustered,748,57.0892488118086,488.736980543577
Clustered,749,56.8816731209619,491.679050686544
Clustered,750,57.6046781823812,496.977778479443
Clustered,751,57.5890985578789,494.624336428443
Clustered,752,57.3428793434584,497.267965896344
Clustered,753,57.1587944999016,491.810314209142
Clustered,754,57.4421900871658,496.994905617275
Clustered,755,57.0633336569409,496.656826120167
Clustered,756,57.7947892287836,494.742795370875
Clustered,757,57.632399884687,491.793225887533
Clustered,758,57.4124220046584,495.417125934267
Clustered,759,57.1323341435759,490.103910599447
Clustered,760,56.7926650413112,493.610386715625
Clustered,761,56.9887360973642,493.153297814002
Clustered,762,56.7235631401975,489.537341417441
Clustered,763,57.8658542271176,498.819518432195
Clustered,764,56.9671028298758,489.584410230403
Clustered,765,56.0566429353503,485.579131626379
Clustered,766,57.0611688176155,491.724838787931
Clustered,767,57.0610668779776,493.404689327515
Clustered,768,57.4803841746686,495.243569543347
Clustered,769,56.8373933703505,489.796251936223
Clustered,770,57.3044519127569,490.266177008191
Clustered,771,56.3299109009668,488.9238325215
Clustered,772,56.7391923077994,487.886566671607
Clustered,773,57.0390328377686,493.717609828443
Clustered,774,56.517184760682,487.112455347612
Clustered,775,57.2781319423849,493.52974218839
Clustered,776,56.5974462780882,488.422549415709
Clustered,777,57.8135126387606,494.71421068192
Clustered,778,57.3167456831664,492.621866893226
Clustered,779,57.0206204185259,490.723197747159
Clustered,780,56.6604442765068,489.341342112701
Clustered,781,56.7847622221703,492.961985589474
Clustered,782,57.4927230750416,491.834111173299
Clustered,783,57.1563213649644,493.926899712483
Clustered,784,56.8070814378208,488.320017768086
Clustered,785,57.1050194665232,488.887855044326
Clustered,786,57.5024339627608,491.509099269206
Clustered,787,56.4406150469791,487.044025106927
Clustered,788,56.6126137807218,485.40255749581
Clustered,789,57.7032586690061,493.174819016769
Clustered,790,57.3383096044799,493.785695617353
Clustered,791,57.477337364182,494.328090201338
Clustered,792,56.8493176537763,492.540419285441
Clustered,793,57.1849648035258,494.745732348721
Clustered,794,56.606669314708,489.533129319137
Clustered,795,57.0095650253383,491.442413244922
Clustered,796,57.4907253720805,491.041792541852
Clustered,797,56.7775599880184,489.301313256581
Clustered,798,56.969880637148,488.703672238095
Clustered,799,56.7213441635451,490.020089951867
Clustered,800,57.448330167576,491.503466477407
Clustered,801,57.4840697109337,495.928495764484
Clustered,802,56.7109550645205,489.365318095085
Clustered,803,57.5539317078906,494.018868527976
Clustered,804,57.6552989332099,497.290490001174
Clustered,805,57.6850552902175,493.760848348467
Clustered,806,57.3879774991576,490.968197259419
Clustered,807,57.3603875477578,494.447099461494
Clustered,808,57.5722201580238,494.682397729288
Clustered,809,57.430652374959,497.274595289891
Clustered,810,57.2992858411905,492.856331298258
Clustered,811,56.828430648586,491.735908451867
Clustered,812,57.5139471471019,490.628819089976
Clustered,813,56.9631650966348,489.514798829167
Clustered,814,56.5727235887581,492.203015906242
Clustered,815,56.7513884367068,487.842131484793
Clustered,816,57.377681258222,493.521735332964
Clustered,817,57.0396761242919,489.682475182201
Clustered,818,57.4402974490612,493.767792843888
Clustered,819,57.0479212385259,491.74758573528
Clustered,820,58.2868455747971,499.254446604915
Clustered,821,57.78538978494,493.234412397945
Clustered,822,57.4475124345394,492.880018867287
Clustered,823,57.1509802865496,493.779744061153
Clustered,824,57.6154936875138,495.529782526711
Clustered,825,57.1829751607807,492.621079471986
Clustered,826,56.8603246473491,491.962703997783
Clustered,827,56.9476978905399,490.53307328702
Clustered,828,56.8637735957661,491.113914286732
Clustered,829,57.3799347994228,495.138540946717
Clustered,830,56.9751413358574,489.066306948451
Clustered,831,56.972325017381,491.344708052966
Clustered,832,57.5195633853603,496.309982863491
Clustered,833,57.2117415810779,492.798500633424
Clustered,834,58.0928994384306,498.935191807768
Clustered,835,56.7460471806495,491.710957545983
Clustered,836,57.575650165324,496.441819391456
Clustered,837,56.3957524457697,487.454911728011
Clustered,838,57.039852129041,488.755500258881
Clustered,839,56.9423339940144,488.990608401273
Clustered,840,56.966404006969,490.552786251176
Clustered,841,57.2837626452748,491.178758278181
Clustered,842,57.0578747188207,490.856862353815
Clustered,843,58.0383124462286,498.457063312127
Clustered,844,57.2758005091879,495.869802894174
Clustered,845,57.0033984194698,491.145741606006
Clustered,846,56.5942780634268,490.288368414863
Clustered,847,57.144287212065,494.48968721513
Clustered,848,57.4821176634194,495.406415821702
Clustered,849,57.4907800497059,495.290081299069
Clustered,850,56.496311444293,484.338633644754
Clustered,851,56.8618642364874,493.449823242694
Clustered,852,57.4509186795027,494.638167108576
Clustered,853,56.7467751052476,490.624695076567
Clustered,854,56.6061694566882,491.335209375528
Clustered,855,57.1904923361265,490.455894822499
Clustered,856,57.4538485019232,496.27585438372
Clustered,857,57.2629069034302,492.272349601578
Clustered,858,56.4122656816531,484.068005344788
Clustered,859,56.7715177725139,488.987212743764
Clustered,860,56.9170713719202,493.136754164365
Clustered,861,56.9122640588853,493.850360850621
Clustered,862,56.5640377838983,484.745580542761
Clustered,863,57.5613465002878,497.07938381172
Clustered,864,57.7240856143039,492.504745599945
Clustered,865,56.6285621110327,490.286657657411
Clustered,866,57.0199673059703,492.410653467627
Clustered,867,57.5262181500543,494.733601746502
Clustered,868,58.0080835506186,495.291189288951
Clustered,869,57.1815686999437,489.314492024287
Clustered,870,56.9760890706926,492.085782614221
Clustered,871,57.7936218307655,498.139699039114
Clustered,872,56.8429180919215,489.512683642633
Clustered,873,56.6433230693408,486.089225111953
Clustered,874,57.9961136486996,498.754612413804
Clustered,875,56.6149342235248,488.035536784795
Clustered,876,57.1524369790021,493.174506278863
Clustered,877,56.9577729918429,489.510799910136
Clustered,878,56.8555479680499,485.6979419076
Clustered,879,57.288735076247,493.836919892363
Clustered,880,57.813520693644,495.63650014006
Clustered,881,56.512596602133,488.487309353869
Clustered,882,56.4450656433054,482.97839613427
Clustered,883,57.1456740582369,492.720725452965
Clustered,884,56.8234667139419,491.158136215955
Clustered,885,55.7426152855357,485.175388015816
Clustered,886,57.0542328529752,491.229140553168
Clustered,887,57.0539548290628,494.654257846575
Clustered,888,56.7601797360012,486.279268262047
Clustered,889,57.1503735691853,491.285641594022
Clustered,890,56.5541377605183,487.881153840912
Clustered,891,57.8799082144477,495.427866469786
Clustered,892,57.4361193153151,493.552017567514
Clustered,893,56.9327153892408,492.962269083623
Clustered,894,57.1327338627545,494.716288838705
Clustered,895,56.9610116400611,494.863633562715
Clustered,896,57.413981922846,493.822439881604
Clustered,897,57.20831226881,492.04648933652
Clustered,898,57.4863334292245,492.919974255772
Clustered,899,57.2692460539608,494.443633369659
Clustered,900,57.4767308081886,495.849078641129
Clustered,901,57.3323953964903,494.640617017579
Clustered,902,57.5040285407547,497.107630321882
Clustered,903,56.999854554437,497.008369578156
Clustered,904,56.4818040375549,485.979982420409
Clustered,905,57.466020730235,492.764848014355
Clustered,906,57.4261143710727,494.639434541634
Clustered,907,57.072908201393,492.886032404707
Clustered,908,57.4503907135021,493.944589085173
Clustered,909,57.0768751385173,491.873425081434
Clustered,910,57.3589865975548,490.735358278525
Clustered,911,57.4228790974729,493.331979442855
Clustered,912,57.2192360341569,493.795637776661
Clustered,913,57.6967605875598,496.697443387165
Clustered,914,56.6588812309046,491.543309239882
Clustered,915,56.9992258074918,488.438576554454
Clustered,916,57.1350489885293,492.75299112877
Clustered,917,57.0115783963086,492.594046173868
Clustered,918,57.5124464746645,493.796999915132
Clustered,919,56.9216582800252,495.351573290308
Clustered,920,56.3929793008185,489.090490739124
Clustered,921,57.5464505012628,496.724942096599
Clustered,922,56.4540129031728,489.230528166566
Clustered,923,55.9522023198279,486.333421990807
Clustered,924,57.2015426974878,492.50094626874
Clustered,925,57.5557560876316,497.004625090125
Clustered,926,56.7091838142465,490.845376921963
Clustered,927,56.9210010875845,488.193408426096
Clustered,928,57.9375424495425,497.675855157337
Clustered,929,57.3417502016726,490.897638649285
Clustered,930,56.9022368175116,490.011171465673
Clustered,931,56.4236603691575,491.153072623042
Clustered,932,57.1691447990464,492.049878313599
Clustered,933,56.5389638040193,488.046615524731
Clustered,934,56.9202780895027,492.389423529488
Clustered,935,56.2128501621805,484.27876044319
Clustered,936,56.7783254913,490.434877530575
Clustered,937,56.7820940489565,492.761286638315
Clustered,938,56.2827369323822,486.401434401347
Clustered,939,57.2563203362098,491.709523512456
Clustered,940,57.0417441228981,490.311389440018
Clustered,941,57.279247911692,492.13724101694
Clustered,942,56.9692636854006,489.408550915665
Clustered,943,57.0876088297493,492.142132680413
Clustered,944,57.2805517944836,494.893430480639
Clustered,945,56.6974006635819,489.108028617174
Clustered,946,57.9436227793822,499.931489969529
Clustered,947,56.6888980736411,487.947902218708
Clustered,948,57.7839127548653,498.148793176039
Clustered,949,56.8491941753731,486.413330727757
Clustered,950,57.6518662109938,494.551313570426
Clustered,951,56.8849967918507,491.30118481933
Clustered,952,57.2246813583931,493.226468782489
Clustered,953,56.9051836602378,492.255821445643
Clustered,954,56.8625199741765,489.733273868841
Clustered,955,57.2349710683262,493.931387961728
Clustered,956,57.0412953987262,491.852965694056
Clustered,957,57.2765836466602,494.237913365623
Clustered,958,56.2229497246423,485.509007171921
Clustered,959,57.1739908502643,494.560906390579
Clustered,960,56.6534566637797,488.77406386365
Clustered,961,57.3152342132117,494.833617974814
Clustered,962,56.8789452887995,490.95618586079
Clustered,963,57.3992599862121,490.916348383491
Clustered,964,57.9431244408822,497.39918287788
Clustered,965,57.6323571659117,494.329856898881
Clustered,966,56.7963109239857,487.521234341394
Clustered,967,56.4970199506747,490.42185245467
Clustered,968,57.0576330594002,493.082977308994
Clustered,969,57.7827170394052,496.249967483713
Clustered,970,57.4169214983963,491.263883837415
Clustered,971,56.8361989912115,491.193863703433
Clustered,972,57.12782212979,492.673447812425
Clustered,973,57.2382431803915,494.15211386324
Clustered,974,56.921563433365,490.200501345664
Clustered,975,56.92223328257,491.887736680154
Clustered,976,57.4125165850174,491.96373841601
Clustered,977,57.0121016447933,488.788586184685
Clustered,978,56.3995192045172,490.025480100582
Clustered,979,57.1600177199354,493.549313674538
Clustered,980,56.5844469777609,490.923986592721
Clustered,981,57.4747307149363,495.802254935207
Clustered,982,57.2680921727888,494.514132390207
Clustered,983,57.1968946554885,493.957802103879
Clustered,984,56.2840303089715,486.576856561864
Clustered,985,56.7145840079849,491.971529095592
Clustered,986,57.2255460794773,491.77570954271
Clustered,987,57.5384389016184,493.096545778557
Clustered,988,56.458695285611,486.606135217728
Clustered,989,56.7105713632131,486.835049584952
Clustered,990,56.824254639231,487.402380268638
Clustered,991,56.6968520257506,489.339836983267
Clustered,992,57.4488116462517,496.49656155069
Clustered,993,56.839636493095,490.183170012514
Clustered,994,57.3005368496819,491.81835177481
Clustered,995,56.6829906357761,486.615173758931
Clustered,996,57.1326845259735,491.056127077959
Clustered,997,57.8195441782113,496.8352565169
Clustered,998,57.4344127018711,495.020269082452
Clustered,999,56.6375536737118,485.965630487687
Clustered,1000,57.2760502295552,492.088357775601
Disconnected,1,58.5929860192391,443.547164887781
Disconnected,2,58.9818108713956,443.273667884826
Disconnected,3,58.5392706129054,442.471253664527
Disconnected,4,58.5982523633735,442.636136300683
Disconnected,5,58.9860448282818,444.261817505555
Disconnected,6,59.3860257907124,444.077578219391
Disconnected,7,58.1927117870911,437.370225298357
Disconnected,8,59.0943950179367,445.942901340103
Disconnected,9,58.1015034110146,441.156586541534
Disconnected,10,59.0013030074902,444.539101678109
Disconnected,11,58.4316501767833,441.619771971304
Disconnected,12,58.5292028427846,441.087025318928
Disconnected,13,58.7168775347576,442.579883497101
Disconnected,14,58.6948953421037,442.631183823487
Disconnected,15,58.8974832849959,447.244369307817
Disconnected,16,58.5115271458392,443.22527518272
Disconnected,17,58.2284159004944,441.571754350284
Disconnected,18,58.8680171617921,445.166832078373
Disconnected,19,58.6906267805943,445.844386378247
Disconnected,20,58.6963762260327,444.204142592856
Disconnected,21,58.6668146809885,444.410191790268
Disconnected,22,58.8095991887148,445.237411718684
Disconnected,23,58.2152815986899,440.453039702384
Disconnected,24,58.8582758804007,441.750666007102
Disconnected,25,58.3712096449048,440.748581899037
Disconnected,26,57.9891811833548,438.98729730708
Disconnected,27,58.1176755814093,439.511230862398
Disconnected,28,58.8254976776797,442.69775611572
Disconnected,29,58.295680419696,439.945214168914
Disconnected,30,58.3980674214531,444.712974734089
Disconnected,31,57.8349357096377,435.825016642383
Disconnected,32,58.0255408337484,436.121452182066
Disconnected,33,58.6442139815918,442.052397054673
Disconnected,34,58.916775790468,445.721422823991
Disconnected,35,58.7837787816178,443.28278778013
Disconnected,36,59.2003250659457,446.521726197125
Disconnected,37,58.2115983021822,441.413945213014
Disconnected,38,57.7739486551795,438.239229368856
Disconnected,39,58.5018847064448,443.776415079019
Disconnected,40,59.2031912115453,446.667163522311
Disconnected,41,58.5774920701239,442.665594576219
Disconnected,42,58.6051005609801,441.554976304188
Disconnected,43,58.8033588420912,445.526825211307
Disconnected,44,59.1844847198477,446.661051515627
Disconnected,45,58.9035551978709,445.415100369525
Disconnected,46,57.6795514214126,436.549339099032
Disconnected,47,59.0743980520866,448.655778519865
Disconnected,48,59.0055486855431,447.578340991688
Disconnected,49,58.3503789068487,437.91114746936
Disconnected,50,58.6845226027075,445.849163980583
Disconnected,51,59.1436246070631,442.736124822618
Disconnected,52,57.9622525334028,440.115815001141
Disconnected,53,58.7993741826111,444.742934151423
Disconnected,54,58.3576841013817,440.344163942692
Disconnected,55,58.4894173907354,444.534966547417
Disconnected,56,58.5329200855679,444.749337707625
Disconnected,57,58.4933620800139,443.688635638193
Disconnected,58,58.0439458057807,440.497083610556
Disconnected,59,59.0751972353585,447.763059119396
Disconnected,60,58.6968711172159,444.209101165305
Disconnected,61,58.9879184237212,443.969732467614
Disconnected,62,58.716247182859,444.875626654784
Disconnected,63,57.9061422514486,440.816255192619
Disconnected,64,58.6329014850452,444.677421688824
Disconnected,65,58.6984297698317,441.272584069881
Disconnected,66,58.4228971244608,441.887662622989
Disconnected,67,58.7362515123895,443.157228343955
Disconnected,68,58.0572421160354,441.62109367793
Disconnected,69,58.3168875442112,440.426442722651
Disconnected,70,59.2710923779689,444.685784753466
Disconnected,71,58.3585742628872,439.464085003916
Disconnected,72,58.7421554601177,443.111875114847
Disconnected,73,58.1312943706272,443.619558913417
Disconnected,74,58.4924986830787,442.913548057449
Disconnected,75,58.175721132122,443.243743500959
Disconnected,76,57.9112892242945,438.256329236815
Disconnected,77,59.0212522921053,444.685215951213
Disconnected,78,58.7602746824796,442.760693501958
Disconnected,79,58.4302601356363,443.757435570296
Disconnected,80,58.8777110935986,444.224135217419
Disconnected,81,58.6639075983396,444.232684434323
Disconnected,82,59.2002800296719,443.595481439515
Disconnected,83,58.6054003210264,445.903913186475
Disconnected,84,58.8979427930826,444.609167005182
Disconnected,85,58.3232257575324,441.363419888008
Disconnected,86,58.5086307602047,443.522068577952
Disconnected,87,58.1268052989159,439.661413584672
Disconnected,88,59.497316367164,447.650911994099
Disconnected,89,58.5731123452148,443.506314952589
Disconnected,90,57.9101207891013,438.661118447585
Disconnected,91,57.9178978124516,441.370574792838
Disconnected,92,58.5203193994306,441.489579483666
Disconnected,93,58.7668328446943,447.634277740297
Disconnected,94,59.0198709033992,443.540715793209
Disconnected,95,59.1409109280404,444.447753315139
Disconnected,96,57.495085399245,440.001000466053
Disconnected,97,58.2323187061012,443.683238991025
Disconnected,98,58.779914336809,445.074268728339
Disconnected,99,59.2086478826226,445.469037239725
Disconnected,100,58.3896890336225,442.623314096971
Disconnected,101,59.2814176341293,445.627249686902
Disconnected,102,58.5958183451048,444.403614241834
Disconnected,103,59.2617359800639,448.359210560255
Disconnected,104,58.7976834847724,440.247524827306
Disconnected,105,58.3729818477822,441.852755554181
Disconnected,106,59.0518939417791,442.641277466242
Disconnected,107,58.7643972834705,443.918484699436
Disconnected,108,58.6582166938719,442.801967756827
Disconnected,109,58.9347257090398,445.635434267026
Disconnected,110,59.4003677537961,447.828595708858
Disconnected,111,59.1948687364094,443.473803437878
Disconnected,112,58.324420680878,442.992304091363
Disconnected,113,58.6122318618529,440.564784133315
Disconnected,114,57.9588820481714,441.2988155141
Disconnected,115,59.3271142876726,445.424613656236
Disconnected,116,58.3608009540545,440.60978951364
Disconnected,117,58.7243953522368,443.11352773838
Disconnected,118,57.3874601032196,437.28600547193
Disconnected,119,58.4860048755674,440.44528709343
Disconnected,120,59.0516873415231,446.124340312853
Disconnected,121,57.9574943551997,440.188245038015
Disconnected,122,58.7072205349572,444.78037673326
Disconnected,123,58.4189966784867,439.99024501697
Disconnected,124,59.0746832944795,443.95043816561
Disconnected,125,58.4574262530143,443.825466942264
Disconnected,126,59.2588349221407,443.606903498251
Disconnected,127,58.7818601833902,444.036483330863
Disconnected,128,58.257532930935,438.023478141935
Disconnected,129,58.5768973512408,443.452078882376
Disconnected,130,58.2913240031536,441.170946884006
Disconnected,131,58.6691020626827,443.156318715047
Disconnected,132,58.2516536322482,444.068211499898
Disconnected,133,58.7550500436468,441.552004335473
Disconnected,134,58.612599409998,442.435363188492
Disconnected,135,58.5962111543963,442.85489347898
Disconnected,136,58.5236190012164,443.325979946852
Disconnected,137,58.391985676548,442.003837620282
Disconnected,138,58.5912141145784,443.61257086468
Disconnected,139,58.4091146478961,439.073729506617
Disconnected,140,58.3453763066734,444.622736319562
Disconnected,141,57.9468761989,441.129539995511
Disconnected,142,58.1234214745564,442.206936627594
Disconnected,143,59.4557232411722,447.510190763166
Disconnected,144,58.8248121999558,445.369602196992
Disconnected,145,58.0152073634009,441.206286918049
Disconnected,146,58.8538669967895,445.25602808228
Disconnected,147,59.4983935963398,446.348950828889
Disconnected,148,58.4664251715718,441.443996167752
Disconnected,149,59.0713316690052,445.512494299953
Disconnected,150,58.2959802737307,442.884414767408
Disconnected,151,59.0050505466022,442.120380980441
Disconnected,152,59.1161270733182,445.594524116999
Disconnected,153,58.7297609836806,443.756617341026
Disconnected,154,58.2888046726583,443.196814046629
Disconnected,155,58.916956289277,445.673695024413
Disconnected,156,58.656892274482,444.39176870335
Disconnected,157,58.5873475497782,442.284293064652
Disconnected,158,58.3042874669044,439.231394413479
Disconnected,159,58.3504973556862,439.153183273477
Disconnected,160,58.2425142654455,441.147438514649
Disconnected,161,58.4910909308781,442.229874830641
Disconnected,162,59.0143302403505,444.971326339456
Disconnected,163,58.6395903273686,446.30349637531
Disconnected,164,58.9846604747552,444.281431674947
Disconnected,165,59.0371372659088,445.779131418644
Disconnected,166,59.1927060721791,446.826585149002
Disconnected,167,58.3965425774996,441.292597727776
Disconnected,168,60.0685686929618,452.730473717841
Disconnected,169,58.1396436984881,442.301867801525
Disconnected,170,57.9739346463912,440.824103656357
Disconnected,171,58.3918705000153,440.29860012213
Disconnected,172,58.2153057641097,441.158360729894
Disconnected,173,57.9043836936516,440.240600355779
Disconnected,174,58.6767175213795,444.425814096623
Disconnected,175,58.2603242819063,441.66183699143
Disconnected,176,58.489244295739,444.569611562649
Disconnected,177,58.6429859259557,443.009291538495
Disconnected,178,59.2792429776472,444.87439401598
Disconnected,179,57.8506220925184,437.424126460662
Disconnected,180,59.5108357422202,447.205096268504
Disconnected,181,58.0816611437916,443.291641393047
Disconnected,182,59.2664272572858,445.308913279117
Disconnected,183,57.255062073525,434.720353966784
Disconnected,184,59.0236995673755,446.73033296394
Disconnected,185,58.1142129969506,440.64221932007
Disconnected,186,58.928796534064,445.323439215394
Disconnected,187,58.9096628952542,440.20898298977
Disconnected,188,57.8300783410764,438.142152791538
Disconnected,189,57.8217302032804,437.212460097014
Disconnected,190,58.2546600411461,440.405177406786
Disconnected,191,58.0080905111213,440.696305779881
Disconnected,192,58.7190629427336,442.838609785061
Disconnected,193,57.9671538330381,439.949435791022
Disconnected,194,58.9594664273837,443.489797217868
Disconnected,195,58.6188266073972,443.325701705475
Disconnected,196,58.691111424848,442.328817011779
Disconnected,197,58.6392784673882,439.732954956749
Disconnected,198,58.9930583295093,446.437727798204
Disconnected,199,57.8599396710641,436.611174439977
Disconnected,200,59.1489623111429,445.735168966327
Disconnected,201,58.7919927194711,441.918364391492
Disconnected,202,58.0821443733266,442.202559268167
Disconnected,203,58.6002529133546,442.17302547163
Disconnected,204,58.9179773531826,445.948467187744
Disconnected,205,58.9655319774292,446.115627134089
Disconnected,206,57.8365111902667,436.343714568812
Disconnected,207,58.3135350010897,442.504667169472
Disconnected,208,59.0834613245059,446.650216004925
Disconnected,209,58.1319884189684,439.574988978126
Disconnected,210,58.6227559433575,446.292303640093
Disconnected,211,59.0709732166357,446.7130157781
Disconnected,212,58.707967707352,442.312925345211
Disconnected,213,58.7439029195569,444.508823053554
Disconnected,214,58.437447700914,439.75086202157
Disconnected,215,58.3820793673702,443.26643960059
Disconnected,216,60.0012495577362,449.232640657213
Disconnected,217,58.4791808076023,442.930397247911
Disconnected,218,58.4939611890213,442.305719540839
Disconnected,219,58.4549747202068,443.839512719033
Disconnected,220,57.8726189259488,435.971884317108
Disconnected,221,58.6273966093897,444.049228121047
Disconnected,222,58.7170172931722,443.510015081244
Disconnected,223,58.6704420953998,439.649644613871
Disconnected,224,58.7604029224569,443.327794683688
Disconnected,225,59.0748312705117,441.997006130662
Disconnected,226,58.3129302430897,443.452750717915
Disconnected,227,58.1892964775896,439.292927335693
Disconnected,228,58.9227488868399,445.353363210153
Disconnected,229,58.0153750941426,438.422850462106
Disconnected,230,58.8899218240394,445.437485551882
Disconnected,231,58.5791932446611,441.99146592774
Disconnected,232,59.234802091333,447.759811465459
Disconnected,233,58.7182588113043,443.283250681149
Disconnected,234,59.027960012495,446.205742040092
Disconnected,235,58.745022537087,443.506287955398
Disconnected,236,58.2788045951367,439.695885140008
Disconnected,237,58.6014190448266,443.825389971132
Disconnected,238,59.2313924262696,446.704007576906
Disconnected,239,58.620670104742,443.772348675406
Disconnected,240,58.3600771979184,443.481856615357
Disconnected,241,58.343140004221,441.577136892973
Disconnected,242,58.0106735495043,441.879997323257
Disconnected,243,58.7301681655367,442.798217284185
Disconnected,244,58.9615987068071,443.511397715045
Disconnected,245,58.6680548785835,442.0326468193
Disconnected,246,58.5455574140652,441.681213938639
Disconnected,247,58.5179501174,443.980713708931
Disconnected,248,58.1790510104392,443.95801747787
Disconnected,249,58.5750192877685,441.286767378557
Disconnected,250,59.1822994321599,445.869588008131
Disconnected,251,58.4395316291249,442.662679193752
Disconnected,252,58.9435991176577,444.359539027634
Disconnected,253,58.2110772583249,439.799277676959
Disconnected,254,58.2423562869617,441.137279494583
Disconnected,255,58.7378372970649,443.116818139252
Disconnected,256,58.1428695978196,436.487478276769
Disconnected,257,59.1966137724329,446.852443812221
Disconnected,258,57.5502253452545,435.730070279025
Disconnected,259,58.6346586535421,444.792219078705
Disconnected,260,59.0929029094174,443.016430800582
Disconnected,261,58.5383548276503,442.347917167162
Disconnected,262,58.1784389888263,439.081922272854
Disconnected,263,58.7282480341447,443.745180652065
Disconnected,264,59.0375389149789,445.887641506894
Disconnected,265,59.014598922401,445.544796888216
Disconnected,266,58.4068587207942,439.790374279944
Disconnected,267,58.3799036689972,440.837605287075
Disconnected,268,58.2272435686185,441.761096595996
Disconnected,269,57.8058857533653,438.252779601052
Disconnected,270,58.6185195974873,443.3875664965
Disconnected,271,57.9493600498582,437.480778878803
Disconnected,272,59.2253280426109,446.4756945361
Disconnected,273,58.8924979419567,444.501287909775
Disconnected,274,57.8880443526542,437.904635856118
Disconnected,275,58.6620371388279,441.656601418841
Disconnected,276,57.2959845275355,437.795250525076
Disconnected,277,58.1125187725438,441.507811159328
Disconnected,278,57.8227046788841,438.481386771098
Disconnected,279,58.2385295139095,440.342221888467
Disconnected,280,58.9419576280152,446.433732792706
Disconnected,281,58.9510797376507,442.201456324414
Disconnected,282,59.0344916651711,443.67156819203
Disconnected,283,58.8845252107823,444.390406003766
Disconnected,284,58.3238146532887,444.266560283909
Disconnected,285,58.2107410363546,440.076652588054
Disconnected,286,58.4150914953363,440.982091969698
Disconnected,287,58.7397693703596,446.762608680976
Disconnected,288,58.5469108244475,440.521349950879
Disconnected,289,59.0316154749527,445.728591621998
Disconnected,290,58.0708048839118,440.10013467099
Disconnected,291,58.8312882014024,445.780657225114
Disconnected,292,58.2602453362203,442.925322087086
Disconnected,293,58.4323633186281,443.045204967816
Disconnected,294,58.8747590867934,447.928844347855
Disconnected,295,58.1323645948506,441.637554937451
Disconnected,296,59.171235465096,447.607042769681
Disconnected,297,58.612923342426,443.721870216427
Disconnected,298,57.501832647571,437.304004122719
Disconnected,299,58.5682308590207,441.273882334241
Disconnected,300,57.4146432123783,437.228503945617
Disconnected,301,58.6035779364709,442.016244922803
Disconnected,302,57.4684306726405,435.84972494318
Disconnected,303,59.1774412444218,443.03907501578
Disconnected,304,59.3071484383086,447.034278793805
Disconnected,305,59.1037457385673,444.929398566127
Disconnected,306,59.0355929088448,448.18892385727
Disconnected,307,58.0842746833225,440.445189717411
Disconnected,308,58.1155409295266,439.381165260057
Disconnected,309,57.4518473647932,433.354691795272
Disconnected,310,58.386002301405,442.46248514292
Disconnected,311,58.3854644877384,442.316424424586
Disconnected,312,58.6763027306918,443.214851843465
Disconnected,313,58.0167422303772,438.380613302885
Disconnected,314,59.0014091921424,441.849987133816
Disconnected,315,58.0117978237787,439.40520054155
Disconnected,316,57.8196357220485,439.343724733102
Disconnected,317,59.2739048503686,445.305825727195
Disconnected,318,58.9802009646885,446.559937172648
Disconnected,319,58.535273448164,442.520255362069
Disconnected,320,58.0179056479119,443.198039929559
Disconnected,321,58.3568880566961,440.651505428531
Disconnected,322,58.9484910645957,445.951080876261
Disconnected,323,58.5871394835424,444.485182738224
Disconnected,324,58.6214895000406,441.739797327624
Disconnected,325,58.4538022533749,444.827965841312
Disconnected,326,58.5918242564904,448.204445057646
Disconnected,327,58.0562516446696,439.046441966482
Disconnected,328,58.6108701995028,446.199364643436
Disconnected,329,58.1479028425849,441.694501829509
Disconnected,330,58.3666232734226,438.632253697326
Disconnected,331,57.9696184736647,440.139124916332
Disconnected,332,59.3131638552133,447.139969404501
Disconnected,333,58.5968088494228,445.320437931374
Disconnected,334,58.7012213238515,442.952780813799
Disconnected,335,58.9320860942465,442.411446212518
Disconnected,336,59.0734603263405,445.031222792415
Disconnected,337,58.3373549565802,440.462293739091
Disconnected,338,59.0543430116531,444.140622778805
Disconnected,339,58.6517000736787,439.737318311641
Disconnected,340,58.8211591469392,442.254562465783
Disconnected,341,58.6445013709338,442.841419732949
Disconnected,342,58.520721926476,443.21538653694
Disconnected,343,58.6445033530644,441.872225445359
Disconnected,344,58.4487146823735,443.142848451795
Disconnected,345,58.7923167591443,444.567113211682
Disconnected,346,58.2079803460298,439.058202868036
Disconnected,347,58.8446518667515,442.70596296221
Disconnected,348,59.0758672625976,448.897356234412
Disconnected,349,58.6806272885821,443.614852490409
Disconnected,350,58.627783067586,442.758180173563
Disconnected,351,59.0614526936446,442.910957169388
Disconnected,352,59.0696465040808,445.577144869138
Disconnected,353,58.9079535611789,442.410002627097
Disconnected,354,58.9076856917239,443.815356081595
Disconnected,355,58.7203967755264,443.054533841803
Disconnected,356,58.1176859082093,441.221493435492
Disconnected,357,58.1343323644063,440.343936657178
Disconnected,358,59.0327929235173,442.507098083498
Disconnected,359,59.0188109464076,443.035247927423
Disconnected,360,59.0226527778546,447.704317236976
Disconnected,361,58.1464566226613,439.620418666199
Disconnected,362,57.9193587612828,440.617085266627
Disconnected,363,58.4168608470151,442.341595791869
Disconnected,364,58.9949641518305,444.504476207756
Disconnected,365,58.8427559886679,448.4175665011
Disconnected,366,58.4258561015344,445.162626752296
Disconnected,367,58.2742684487093,442.280679419786
Disconnected,368,58.3773464554963,443.726294715585
Disconnected,369,58.7710020100002,442.415976131085
Disconnected,370,59.3861367445461,445.507775274874
Disconnected,371,58.7923072041898,440.334035302387
Disconnected,372,58.7697953878961,442.037779074417
Disconnected,373,59.154902062693,443.658611068285
Disconnected,374,58.8854220013617,445.978095684757
Disconnected,375,58.3208807992253,441.519665756713
Disconnected,376,58.5475523741272,442.529599810047
Disconnected,377,58.9451199618545,444.231149201933
Disconnected,378,57.8023180526423,436.568927003289
Disconnected,379,59.0205833926873,446.376244942412
Disconnected,380,58.1499210217392,441.056912915658
Disconnected,381,58.6943575739619,443.870681034726
Disconnected,382,58.7697281889984,443.178907231412
Disconnected,383,58.801225602743,440.849148304013
Disconnected,384,57.3789605174445,432.364720125552
Disconnected,385,58.7869260295625,444.13372319119
Disconnected,386,58.4973882442051,442.307950761267
Disconnected,387,58.9862122010257,443.870660722886
Disconnected,388,57.5034378594849,439.527108364354
Disconnected,389,58.6860818056822,441.616707507703
Disconnected,390,58.2133172245685,441.070784710039
Disconnected,391,58.0981860979955,441.56164867081
Disconnected,392,57.8874356164809,439.750011137392
Disconnected,393,58.6346045284117,442.039208713214
Disconnected,394,58.992928181184,445.146315982129
Disconnected,395,59.8478190982516,447.165603242728
Disconnected,396,58.5364060768552,444.203205085174
Disconnected,397,58.6664207017083,440.693858863572
Disconnected,398,59.1603943877356,446.500048106397
Disconnected,399,58.2206409141327,439.219440991214
Disconnected,400,57.8517536340967,440.894024533386
Disconnected,401,58.8486295375717,444.594274633211
Disconnected,402,58.7668143052462,446.867882087308
Disconnected,403,58.4924351350468,441.982203498582
Disconnected,404,58.246138652351,441.251560647156
Disconnected,405,58.5644026205779,442.695567437331
Disconnected,406,59.2729567932468,445.981375215493
Disconnected,407,58.7424389988051,443.118330469838
Disconnected,408,59.2171934444455,444.899158320058
Disconnected,409,58.8128575996165,445.020815971585
Disconnected,410,58.5960583615306,443.926762935909
Disconnected,411,59.2412040421914,444.81104115758
Disconnected,412,58.7176736255983,439.934283122781
Disconnected,413,58.1427115915238,440.309498409996
Disconnected,414,59.5725388533288,446.258005788624
Disconnected,415,58.0342336141085,439.445487844641
Disconnected,416,58.6217934730431,443.360182831822
Disconnected,417,58.3569489688359,443.038470992775
Disconnected,418,59.142279812868,444.582461421173
Disconnected,419,57.312641876946,434.052267786317
Disconnected,420,58.4707879915677,445.05830559967
Disconnected,421,58.1672535078786,441.522889406232
Disconnected,422,58.9420482440449,443.476342926258
Disconnected,423,58.18287739262,444.114038335368
Disconnected,424,58.9762728755056,441.218368083879
Disconnected,425,58.3451433704366,443.649481384133
Disconnected,426,58.3735812327233,439.458567888313
Disconnected,427,59.1240252600441,447.145051792167
Disconnected,428,58.750765025473,441.552506379776
Disconnected,429,58.7166321296246,442.347146781414
Disconnected,430,58.3239315317848,442.846503884278
Disconnected,431,58.756526125091,445.062673771376
Disconnected,432,59.0474265411473,446.985525357973
Disconnected,433,58.3680087600779,440.228519480189
Disconnected,434,58.5971802961479,442.755611102298
Disconnected,435,58.0980286608958,439.986378222583
Disconnected,436,58.3009869053915,442.645566215695
Disconnected,437,58.4565115519534,443.799922570376
Disconnected,438,58.2261788162151,439.689209653787
Disconnected,439,58.6583130214273,442.242107787362
Disconnected,440,58.7799256627132,445.926474337625
Disconnected,441,58.6587143559683,446.004921821962
Disconnected,442,57.9242245308105,440.32180923182
Disconnected,443,58.7049752026146,443.644549893779
Disconnected,444,58.3745860441092,440.360955032217
Disconnected,445,58.7888518289375,444.537418761032
Disconnected,446,57.8984401440489,440.854641019837
Disconnected,447,58.8115105744823,443.875087505865
Disconnected,448,59.0709484525819,444.434071570411
Disconnected,449,58.6637298493385,443.486769514423
Disconnected,450,57.780945369582,436.261860447545
Disconnected,451,58.1273913880868,441.727600200144
Disconnected,452,58.797713732525,444.749227790845
Disconnected,453,58.2802424650253,441.637096767403
Disconnected,454,59.1962002248805,444.462344664685
Disconnected,455,58.5337222306293,439.109382527632
Disconnected,456,58.5178678354057,442.487098760465
Disconnected,457,58.6924412359877,442.699879322816
Disconnected,458,58.046509074004,440.544425538288
Disconnected,459,58.6480616084613,444.001667172017
Disconnected,460,58.5246406627662,441.371997962395
Disconnected,461,58.7092223574731,443.099774585385
Disconnected,462,59.2908367697993,444.64383847472
Disconnected,463,58.4154450158045,440.437190123977
Disconnected,464,59.1070322731944,444.481710200951
Disconnected,465,58.3648472051714,439.700339914835
Disconnected,466,58.6461616514358,444.00813573356
Disconnected,467,59.0589534603685,443.80007479334
Disconnected,468,58.0537795114621,439.626992434996
Disconnected,469,58.9714865346851,441.891151246585
Disconnected,470,58.9708721904672,446.61808034441
Disconnected,471,58.3072795493009,438.50536675492
Disconnected,472,58.670970392986,444.301507850309
Disconnected,473,58.5726836057128,442.36876366236
Disconnected,474,58.6657015352541,446.066843761048
Disconnected,475,57.9072202374339,434.942427626405
Disconnected,476,58.8934221343137,442.813024855156
Disconnected,477,58.2231500395054,440.587383625732
Disconnected,478,58.4679021163476,441.984865936436
Disconnected,479,58.8254905474604,445.341171790502
Disconnected,480,58.1164410180629,439.128522877735
Disconnected,481,58.4433581426692,441.568474613717
Disconnected,482,58.4222692827237,443.220952837337
Disconnected,483,58.7595421250013,444.285112560489
Disconnected,484,58.5338435181652,442.231311443671
Disconnected,485,58.5638384990901,444.649074865512
Disconnected,486,57.8855399694055,439.505656271971
Disconnected,487,58.6809607692308,442.128045686309
Disconnected,488,58.717238983839,442.626435316578
Disconnected,489,58.6504596548909,444.306531897955
Disconnected,490,58.0210369621101,435.042416877711
Disconnected,491,58.6964366027994,444.17302740226
Disconnected,492,58.646059847196,442.966945350294
Disconnected,493,58.5205502071634,444.689797905062
Disconnected,494,58.7704409367518,445.871549553017
Disconnected,495,58.5809053169176,443.856842543665
Disconnected,496,58.9447274577726,443.553748263813
Disconnected,497,58.7861831401702,443.170592033243
Disconnected,498,58.5433867821158,442.193199762939
Disconnected,499,58.446700827478,440.318365293557
Disconnected,500,58.8469758786577,443.026718938271
Disconnected,501,59.324658722628,447.327127369745
Disconnected,502,58.8923866560612,444.912510439422
Disconnected,503,59.0457568154253,447.025058907529
Disconnected,504,58.7126371531286,443.371174211152
Disconnected,505,59.0396809276179,446.387550765116
Disconnected,506,58.742721779711,443.813063375085
Disconnected,507,58.1593554144693,443.699048568547
Disconnected,508,58.8782479131984,442.201431172401
Disconnected,509,58.9739049700764,443.189134596032
Disconnected,510,59.1246009921228,445.755298556155
Disconnected,511,58.335048217907,442.460083654721
Disconnected,512,57.7181445667545,437.83074920717
Disconnected,513,58.6342330535561,442.773258397765
Disconnected,514,58.1003805659287,438.759006782954
Disconnected,515,58.2288409442261,440.904992405968
Disconnected,516,58.1747505861912,444.949635513278
Disconnected,517,58.7640314551775,444.913602721058
Disconnected,518,59.4388306305971,446.784519314047
Disconnected,519,58.9310364614091,444.690301858925
Disconnected,520,58.8657581783881,443.25650740684
Disconnected,521,59.1201241960901,445.326099617081
Disconnected,522,58.5513419882822,445.003916120987
Disconnected,523,58.879641938387,444.665421109748
Disconnected,524,58.4604898386256,443.181299287344
Disconnected,525,58.1383958421155,440.370852131603
Disconnected,526,58.6287063959511,443.40774062556
Disconnected,527,58.5293455622257,442.648472712707
Disconnected,528,57.9657195471144,441.328077390841
Disconnected,529,59.3386608086868,447.872056847439
Disconnected,530,58.9088197079075,445.057542500588
Disconnected,531,57.9558166970484,440.824692475644
Disconnected,532,57.9795650678717,439.907039601182
Disconnected,533,58.8197673591784,445.567406844772
Disconnected,534,58.6223993081362,441.650605393485
Disconnected,535,58.8269112870589,443.193567513677
Disconnected,536,57.7719293304578,437.596108947071
Disconnected,537,58.9088173591371,447.065590588557
Disconnected,538,58.5683209834912,442.289460591403
Disconnected,539,58.3119905600698,442.552489764918
Disconnected,540,58.4374232116625,444.042038767524
Disconnected,541,58.8262689131354,442.187942269229
Disconnected,542,58.5169157457712,441.985305315602
Disconnected,543,58.2058355638906,441.23023704193
Disconnected,544,58.8317375285363,446.345984062596
Disconnected,545,58.2638631178067,441.02522524595
Disconnected,546,58.5082014001649,443.972602483016
Disconnected,547,59.1382813924443,446.972854627461
Disconnected,548,58.4746315872835,440.814693735337
Disconnected,549,58.4193590419814,442.927203741097
Disconnected,550,59.3598819558461,447.065430489265
Disconnected,551,58.6102987985242,443.52440098311
Disconnected,552,59.2397154622321,447.109470466979
Disconnected,553,58.6677640048667,445.64176902127
Disconnected,554,59.0350046039687,443.859003973163
Disconnected,555,58.289273267183,441.762013440507
Disconnected,556,58.5590744003937,444.086777074794
Disconnected,557,58.2760744505393,439.592518762296
Disconnected,558,58.6479119658598,444.798787244035
Disconnected,559,58.9848085429738,445.624679241109
Disconnected,560,58.5708081187175,443.767435281746
Disconnected,561,58.4078609364692,444.601186989114
Disconnected,562,58.4060479737053,441.038553918855
Disconnected,563,59.1435146168868,447.131735746046
Disconnected,564,59.2723052853129,446.336608214314
Disconnected,565,58.5503932135406,445.013444917804
Disconnected,566,58.4304486650793,440.423846035957
Disconnected,567,59.1207439290205,444.153590062193
Disconnected,568,58.5333742726153,443.026210299038
Disconnected,569,58.7671868654837,444.267317150534
Disconnected,570,58.6924351515875,445.674452132704
Disconnected,571,58.3562623049356,440.801831810555
Disconnected,572,57.598748275948,437.482635660364
Disconnected,573,59.2490876548529,446.926461038948
Disconnected,574,58.8325834672424,445.361761607175
Disconnected,575,58.5208845956289,445.10662589409
Disconnected,576,59.2113780047931,445.442093499155
Disconnected,577,59.0606329654822,446.084580329591
Disconnected,578,58.3566433092707,439.703125879848
Disconnected,579,59.3011244127608,449.548814675857
Disconnected,580,57.8737418570178,440.29856530069
Disconnected,581,59.22263699311,446.345380085256
Disconnected,582,58.043881376953,439.655918928788
Disconnected,583,58.5150440838382,438.477493139738
Disconnected,584,58.7931929635297,444.111415756352
Disconnected,585,58.5036732693973,442.447238757091
Disconnected,586,58.0544154159713,440.211344402579
Disconnected,587,58.0504862514068,441.288825984054
Disconnected,588,58.3193861403003,443.875086385601
Disconnected,589,59.2762043483428,444.311547610926
Disconnected,590,58.5162151595578,443.868516578709
Disconnected,591,59.0216128038831,444.028263896279
Disconnected,592,58.5934153698897,445.115605094595
Disconnected,593,58.7244448110907,443.717841061321
Disconnected,594,58.8402552224848,443.453202118144
Disconnected,595,57.9160451037479,440.844873579644
Disconnected,596,58.1174116822944,440.761869573963
Disconnected,597,58.8297080308513,446.980478663189
Disconnected,598,58.4629323115654,444.255987342373
Disconnected,599,58.7250344659698,442.524652942366
Disconnected,600,59.1766699785228,447.108702881226
Disconnected,601,58.2655990626558,442.505354699045
Disconnected,602,58.0536822339066,440.138228445144
Disconnected,603,58.4685961932651,442.036937646955
Disconnected,604,58.9206629324861,442.596096924392
Disconnected,605,59.314119811966,447.754751191905
Disconnected,606,58.5346196458061,445.62546168665
Disconnected,607,58.0724844402955,440.601970773528
Disconnected,608,58.5048307984568,444.512528133596
Disconnected,609,58.594353356535,444.833299650996
Disconnected,610,58.6896247660142,440.652514564914
Disconnected,611,58.6147887372856,445.535619298354
Disconnected,612,58.9197603778807,441.576078664738
Disconnected,613,58.4453255569898,440.076010553358
Disconnected,614,58.4568911842602,442.547152194039
Disconnected,615,58.4631958973425,442.189175168649
Disconnected,616,58.8246706541782,445.891363064211
Disconnected,617,58.066893433904,441.831106735795
Disconnected,618,58.2949185847111,440.90093037812
Disconnected,619,58.5782986537919,444.953431882742
Disconnected,620,58.942462015649,444.149968681057
Disconnected,621,57.4889416366841,435.117210437477
Disconnected,622,59.0194918080226,443.128123221325
Disconnected,623,58.3915090700772,443.056187976991
Disconnected,624,59.0315570958983,445.995793318234
Disconnected,625,58.9269545375456,440.574782529664
Disconnected,626,58.762776807188,441.194279519465
Disconnected,627,58.4205879722367,442.011494931199
Disconnected,628,59.2567044658066,444.713092072738
Disconnected,629,58.9869080399508,444.092965312262
Disconnected,630,58.4698902193562,442.750961726334
Disconnected,631,59.0791770377594,444.917543233045
Disconnected,632,58.6804020844176,444.205587301543
Disconnected,633,57.8985858975129,437.178669988897
Disconnected,634,58.5401807504175,440.335439614531
Disconnected,635,58.2309300020379,440.558305871797
Disconnected,636,58.6713403315926,444.743748279901
Disconnected,637,58.7553769657771,443.25007014936
Disconnected,638,58.4517222798884,441.00733182069
Disconnected,639,58.0241946581468,439.457501849129
Disconnected,640,58.8705533948543,444.122209277947
Disconnected,641,59.0440441365326,444.048773729902
Disconnected,642,58.5909202314312,442.855488445044
Disconnected,643,59.2903553063109,447.574780263907
Disconnected,644,58.8907630576422,446.251409513898
Disconnected,645,58.9593853309906,443.553897662803
Disconnected,646,57.6399107678997,438.6736629124
Disconnected,647,58.4407706529683,440.693195329853
Disconnected,648,58.445958691764,442.185242189092
Disconnected,649,58.9847628110341,447.202023128928
Disconnected,650,58.4674240857611,441.10135770982
Disconnected,651,58.6989569483198,444.255458040466
Disconnected,652,58.6306280195681,444.431619885856
Disconnected,653,59.0515175178248,445.008264968511
Disconnected,654,58.5384979359532,443.481618935421
Disconnected,655,58.5931556415758,441.762567470147
Disconnected,656,58.0423113511134,438.910920658258
Disconnected,657,58.6872467799094,446.133943057605
Disconnected,658,58.5226905350267,442.749942545577
Disconnected,659,58.5805765057027,441.865917787909
Disconnected,660,57.860069999153,439.627781783779
Disconnected,661,58.6973760162256,444.267689787699
Disconnected,662,59.1572125382222,443.999711002745
Disconnected,663,58.4979052819101,439.620228839921
Disconnected,664,58.495900137627,441.806506042306
Disconnected,665,58.8505698984652,446.279321359682
Disconnected,666,58.3818112173096,442.528387992503
Disconnected,667,59.203920154942,446.61428049425
Disconnected,668,58.6964389530519,442.596064116992
Disconnected,669,58.2696696306115,439.086522050401
Disconnected,670,58.0744125020674,439.973631630957
Disconnected,671,59.0836554853195,445.322400895699
Disconnected,672,58.6581390263826,444.750064214664
Disconnected,673,59.1793147553534,442.322521025219
Disconnected,674,58.2841778587302,440.293685425087
Disconnected,675,58.6530993398193,443.221000085525
Disconnected,676,59.24108942343,447.133276080201
Disconnected,677,58.3643589018061,443.181438665023
Disconnected,678,58.3608234463386,440.825452163889
Disconnected,679,58.2256023470694,444.030605741659
Disconnected,680,58.4257472670229,446.903807634547
Disconnected,681,58.3967231945742,443.369876813755
Disconnected,682,59.026056621295,446.590147854158
Disconnected,683,58.719278163403,440.352274169159
Disconnected,684,58.2984344878679,439.633189511842
Disconnected,685,58.9804635923085,447.55585312694
Disconnected,686,58.7379517880346,443.943959620606
Disconnected,687,59.017978216099,446.660954059982
Disconnected,688,58.0608034690841,441.710094969789
Disconnected,689,58.7274837034359,444.127765926276
Disconnected,690,58.2716495354687,440.403880665869
Disconnected,691,58.6830206448144,444.756449608527
Disconnected,692,59.1337373593555,443.096682927982
Disconnected,693,59.5975390517208,445.54337168012
Disconnected,694,58.2910222550029,440.082212981757
Disconnected,695,58.1715204975157,439.675944625534
Disconnected,696,58.8536448509988,445.031766762079
Disconnected,697,58.7223361772361,445.943451118042
Disconnected,698,58.4559824149089,437.731394430969
Disconnected,699,58.8147181636672,447.988309572762
Disconnected,700,58.9722912695356,445.517500051661
Disconnected,701,58.434063435427,438.494072680121
Disconnected,702,58.7534320046296,443.701826947512
Disconnected,703,59.097110095006,444.472130823813
Disconnected,704,57.8019006420915,437.645023084748
Disconnected,705,58.353515089689,441.411137060209
Disconnected,706,58.369501463491,440.500418824852
Disconnected,707,57.6562198998427,439.211489701685
Disconnected,708,57.8027301599153,439.519525290928
Disconnected,709,58.3379302359586,440.112034321592
Disconnected,710,58.7583630217942,441.671473648378
Disconnected,711,58.5669089292721,445.6381875982
Disconnected,712,58.8182541283149,444.339249166813
Disconnected,713,57.6481775351687,439.510598143908
Disconnected,714,58.591315770499,442.358377202796
Disconnected,715,59.3047625705923,447.537829196405
Disconnected,716,57.8953552813972,440.908266161788
Disconnected,717,59.1923703775933,446.078815855675
Disconnected,718,58.6355255965176,439.202690800437
Disconnected,719,58.1873247507692,441.69878360909
Disconnected,720,58.5795708429832,443.489704582194
Disconnected,721,57.8442553272839,442.517254851147
Disconnected,722,58.1816052668129,442.055487620989
Disconnected,723,59.1957259219335,444.935922411752
Disconnected,724,58.469476870634,442.016307023126
Disconnected,725,58.8865944157207,443.418985042584
Disconnected,726,59.2761112273653,444.833277433559
Disconnected,727,58.9577682823691,443.932113933511
Disconnected,728,59.0605398132701,445.714136064261
Disconnected,729,58.700245493903,444.833803781432
Disconnected,730,58.4969075905764,444.080462008892
Disconnected,731,57.9750326138624,438.150249156731
Disconnected,732,59.0425638845257,444.947847243411
Disconnected,733,57.4985368122821,438.290727499991
Disconnected,734,58.651014149778,444.847606171899
Disconnected,735,59.4628134054707,447.502410294204
Disconnected,736,58.7551955960683,444.160078859316
Disconnected,737,58.7332237411406,441.944501215067
Disconnected,738,58.756839403507,442.282065749561
Disconnected,739,58.4479323440272,441.862692541778
Disconnected,740,58.6670852469527,443.554699647398
Disconnected,741,57.8813064847,442.235679293553
Disconnected,742,58.4538342727793,441.644368308786
Disconnected,743,57.8744562887913,441.067149546465
Disconnected,744,59.3707075022095,447.218437162074
Disconnected,745,59.148912860717,444.837865666049
Disconnected,746,58.3940284937242,440.691969014467
Disconnected,747,58.7566560522121,444.356749053182
Disconnected,748,58.4660578763455,443.348623526907
Disconnected,749,58.761991286068,445.576976403997
Disconnected,750,58.8112535092696,445.976938568614
Disconnected,751,58.7492755984364,444.405161100244
Disconnected,752,59.7890050823664,448.984287142537
Disconnected,753,58.4363160634264,442.132495588671
Disconnected,754,58.8047592819444,441.251990509469
Disconnected,755,58.0375102769473,439.016746862811
Disconnected,756,58.149664159349,439.712555466823
Disconnected,757,59.225546818061,446.190591917479
Disconnected,758,58.4209295314668,444.171721754916
Disconnected,759,58.2021620786909,439.679953153035
Disconnected,760,58.5268362798199,441.673715666966
Disconnected,761,59.0304565709608,446.14687757151
Disconnected,762,58.7607561002109,445.082322056432
Disconnected,763,59.4173481958982,446.964778622577
Disconnected,764,58.3507435892661,441.61568115542
Disconnected,765,57.9224857518382,438.049937222273
Disconnected,766,58.4547966708979,443.577125515696
Disconnected,767,59.2681736935239,442.879494589892
Disconnected,768,59.3098760668118,445.852570638796
Disconnected,769,58.1309776679456,440.282207144023
Disconnected,770,59.3252693124851,450.097467483063
Disconnected,771,58.9898235752012,446.302714496693
Disconnected,772,58.4592835170233,442.138756133776
Disconnected,773,59.237770827769,446.040867792928
Disconnected,774,57.851386122029,437.413358696529
Disconnected,775,58.6441083620195,440.369925189048
Disconnected,776,58.5753125048485,444.234080720143
Disconnected,777,59.1737030669312,447.443609990665
Disconnected,778,58.2511260642404,439.311067782869
Disconnected,779,58.6024104277424,444.995302539362
Disconnected,780,58.5254021046911,442.096569107822
Disconnected,781,59.1186106207043,445.945177213056
Disconnected,782,58.4896978116015,442.002913189755
Disconnected,783,58.0306604849347,439.736299305539
Disconnected,784,58.4136242634491,446.055326347857
Disconnected,785,58.626201271649,442.232385234924
Disconnected,786,58.7104347817788,444.035006335468
Disconnected,787,58.0676089166623,441.499301217824
Disconnected,788,58.7718745902255,443.689318463099
Disconnected,789,58.0729137652782,441.14510988431
Disconnected,790,58.4510585803768,445.473216218907
Disconnected,791,59.2496427320649,446.618969185054
Disconnected,792,59.0237581356333,443.738019288403
Disconnected,793,58.4427020206199,440.508363691735
Disconnected,794,58.6666626433039,442.787008431564
Disconnected,795,58.6121513095093,442.679250623881
Disconnected,796,58.537376370157,443.673254799077
Disconnected,797,58.3422980811916,442.250803522019
Disconnected,798,58.2386418434969,441.275033570515
Disconnected,799,58.1127908564488,440.46280144775
Disconnected,800,58.2498058525655,438.444156297342
Disconnected,801,58.4953164971766,442.861038168533
Disconnected,802,58.9329765060361,446.552182101777
Disconnected,803,58.403213755299,443.317850502021
Disconnected,804,59.1529611939154,447.04260025058
Disconnected,805,58.7681077445404,443.27698689008
Disconnected,806,58.643985352516,442.970109461407
Disconnected,807,58.6270416894901,443.523116335624
Disconnected,808,58.0128148098457,440.832643351781
Disconnected,809,58.5239292558746,441.573257322733
Disconnected,810,58.6926850804323,442.777119022979
Disconnected,811,59.3835580001357,445.616939242661
Disconnected,812,58.652109936008,441.673039888429
Disconnected,813,58.7446497833897,441.894325553675
Disconnected,814,58.7621721427478,444.806328115829
Disconnected,815,59.0878991576058,445.781952025046
Disconnected,816,58.6189849527662,440.852828074177
Disconnected,817,58.9648148661798,445.849045096718
Disconnected,818,58.9792283254782,445.161491167572
Disconnected,819,58.4148271004494,442.318271944875
Disconnected,820,58.9291406202948,445.190134028319
Disconnected,821,58.6008550413969,443.557082382964
Disconnected,822,58.5478706308548,445.696606869044
Disconnected,823,58.8802610448952,443.242846815295
Disconnected,824,58.8712251898097,444.353538945236
Disconnected,825,58.2459605551369,441.048020539902
Disconnected,826,58.6377005503411,441.270271777637
Disconnected,827,58.5146890863963,444.723858500596
Disconnected,828,57.9699434017956,437.493303343112
Disconnected,829,58.6926939073624,443.012985992587
Disconnected,830,58.1814796998799,441.293791995943
Disconnected,831,58.1683370552067,437.887283826747
Disconnected,832,57.9478860999499,441.541846559163
Disconnected,833,58.7524292772889,443.534932234007
Disconnected,834,58.4057920265289,443.702620652784
Disconnected,835,58.6301664779528,442.722798727443
Disconnected,836,58.4453073727719,439.987513606949
Disconnected,837,57.9489082645608,440.789517793868
Disconnected,838,58.9468485639253,444.645483716712
Disconnected,839,58.7176387902798,441.992247592114
Disconnected,840,58.1337269831185,439.55529487798
Disconnected,841,58.1628356750907,439.483182500901
Disconnected,842,58.9720255764659,442.842018309627
Disconnected,843,58.0613995782147,439.73782756864
Disconnected,844,58.7693220257935,446.532745666931
Disconnected,845,59.3068825412431,446.285739127803
Disconnected,846,58.1652694049954,441.789558120924
Disconnected,847,58.7451550141316,443.882260525867
Disconnected,848,58.7863582559211,444.63142046796
Disconnected,849,58.5200073442499,441.032402179657
Disconnected,850,59.5240731049946,448.26669049148
Disconnected,851,59.4916000409093,448.22169568243
Disconnected,852,57.9919236632018,440.150357023292
Disconnected,853,58.8944186822455,444.248901622956
Disconnected,854,58.5138125886074,442.528758113154
Disconnected,855,58.7716742198062,445.690442747564
Disconnected,856,57.5679820260168,437.722422593567
Disconnected,857,58.883110166813,446.457281069143
Disconnected,858,58.9111055495538,443.331209178895
Disconnected,859,58.2740291173427,437.148559042354
Disconnected,860,59.019763106456,447.755572545772
Disconnected,861,58.6754512271188,443.372347882316
Disconnected,862,58.8623474927255,443.41198999625
Disconnected,863,58.1850942498455,442.390172637299
Disconnected,864,58.6259122615556,444.033105853788
Disconnected,865,58.4660372449949,441.154807247299
Disconnected,866,58.3917921150106,440.787763976022
Disconnected,867,57.7702770067836,440.339068835456
Disconnected,868,58.6326641220041,441.692398296897
Disconnected,869,58.9876601768696,443.503888022687
Disconnected,870,59.3522951672018,445.183171974299
Disconnected,871,59.1680219304657,445.855935101992
Disconnected,872,58.8231898425683,446.178074618531
Disconnected,873,58.6974756593801,444.819624729573
Disconnected,874,58.8270800917026,443.533840064526
Disconnected,875,58.8024865396481,440.497106682377
Disconnected,876,59.170748429097,446.556164522482
Disconnected,877,58.393554903838,442.083176803353
Disconnected,878,57.5540989703716,437.741214917556
Disconnected,879,58.4077584914969,444.849691808285
Disconnected,880,58.1608804548837,436.519558377203
Disconnected,881,58.4522851305176,441.907484558254
Disconnected,882,58.8673707524917,446.513227195438
Disconnected,883,58.4828997650626,441.1848413169
Disconnected,884,58.7511591023075,442.681920062361
Disconnected,885,59.1353159076494,446.291636859551
Disconnected,886,58.818910580684,444.723092599066
Disconnected,887,58.5595911896584,438.724442884802
Disconnected,888,58.4465089304181,442.119016099945
Disconnected,889,58.4629449493638,443.899071677831
Disconnected,890,58.8825883000958,446.873024563246
Disconnected,891,58.8641482812223,444.803896487113
Disconnected,892,59.0122799289741,443.98008010591
Disconnected,893,58.199470593773,438.727177955627
Disconnected,894,59.0965772021761,443.625142152664
Disconnected,895,58.575643386565,440.393324813542
Disconnected,896,57.7048727615358,438.707922301645
Disconnected,897,58.5246117880758,442.714661664963
Disconnected,898,58.7175944303282,444.450629493148
Disconnected,899,58.6854367570714,443.205568575905
Disconnected,900,58.8143741418706,443.609240096416
Disconnected,901,58.2879439306898,441.300832654514
Disconnected,902,59.2031372827666,444.758836388802
Disconnected,903,58.3441875874441,440.350251268918
Disconnected,904,58.0794237825093,440.786438712298
Disconnected,905,57.8751843777284,441.075820722006
Disconnected,906,58.1797523182863,442.523385739415
Disconnected,907,58.6512540781761,444.483840274705
Disconnected,908,58.6103193084343,443.411068050665
Disconnected,909,59.3713630138444,447.255472139742
Disconnected,910,59.0460504807746,446.25500859193
Disconnected,911,58.5975039779437,438.618114820167
Disconnected,912,58.79713599465,443.155563367884
Disconnected,913,58.0091674426367,439.139605433409
Disconnected,914,58.0333437097471,434.268628277355
Disconnected,915,58.0609364350798,438.604086478889
Disconnected,916,58.3307105238009,444.097127050859
Disconnected,917,58.4198632599442,442.448046836325
Disconnected,918,58.8371914718107,443.400985601012
Disconnected,919,59.2610748574998,446.821751908767
Disconnected,920,58.5324108711164,441.738177307625
Disconnected,921,58.3223051301237,441.29357553026
Disconnected,922,59.0373888058815,446.2176416052
Disconnected,923,57.7983010924258,438.815004059449
Disconnected,924,57.8127572929184,439.168099967363
Disconnected,925,57.6952251091458,440.536046192067
Disconnected,926,58.725933220015,441.006812261704
Disconnected,927,58.8810693903625,443.945042761749
Disconnected,928,58.7283260257579,445.444806211983
Disconnected,929,58.5587041018769,444.812384441728
Disconnected,930,58.6914731284661,445.485449377264
Disconnected,931,58.1769546014144,442.495469333609
Disconnected,932,58.7842780223254,445.109794745844
Disconnected,933,58.4070735471681,442.790373661329
Disconnected,934,58.5397986017405,445.025408379419
Disconnected,935,59.4271589120492,445.146853103314
Disconnected,936,58.6061891414399,441.527702476213
Disconnected,937,58.8031391424779,444.365304580243
Disconnected,938,58.9225571506236,444.395042781321
Disconnected,939,59.1995228455213,441.833300566574
Disconnected,940,58.681257699838,443.956525773084
Disconnected,941,59.3901502901434,450.121178601589
Disconnected,942,58.5651560171612,445.632320823125
Disconnected,943,58.2215378705085,439.812873287618
Disconnected,944,57.3444484325139,439.295231450833
Disconnected,945,58.1667553768274,444.72673537848
Disconnected,946,58.8570164171827,445.201723042685
Disconnected,947,57.9472422276137,437.494967650902
Disconnected,948,58.4474188698373,438.297040378209
Disconnected,949,58.5411381846606,443.345002574268
Disconnected,950,59.175385441193,442.305217432735
Disconnected,951,59.2483489443203,449.894180133771
Disconnected,952,58.9963133093192,444.743284668791
Disconnected,953,58.99955784088,446.589385002572
Disconnected,954,59.4041526678391,450.835949622008
Disconnected,955,58.5275553152487,444.879165653684
Disconnected,956,57.901278185449,439.122736216245
Disconnected,957,58.9531390645934,445.631634643091
Disconnected,958,59.1906204228751,448.231853591267
Disconnected,959,59.1549173906287,445.913701480256
Disconnected,960,58.5967983769868,442.035209596488
Disconnected,961,58.5164062339965,442.818483641383
Disconnected,962,58.1282224268361,439.619974029197
Disconnected,963,58.6555670801435,442.524247193319
Disconnected,964,58.9624879694758,445.333748476915
Disconnected,965,59.0569324298743,443.56296425103
Disconnected,966,58.9781443433206,441.70884741208
Disconnected,967,58.160118958958,442.323039639577
Disconnected,968,57.6138821296718,437.45535977102
Disconnected,969,58.2463330691371,442.639597441323
Disconnected,970,59.2005183272186,447.55985744424
Disconnected,971,57.1577202898317,436.405813866998
Disconnected,972,59.0933650251889,446.45517641633
Disconnected,973,58.3046531704656,443.457482828301
Disconnected,974,58.8622940755274,443.341171536536
Disconnected,975,58.7793733996079,445.203506846828
Disconnected,976,58.06187235454,441.997558020492
Disconnected,977,58.5917743276318,438.430113026498
Disconnected,978,58.5431282206979,443.123196730901
Disconnected,979,57.8256346454447,441.221709967423
Disconnected,980,59.4187446617664,450.600755648675
Disconnected,981,58.2966281499046,441.997076131436
Disconnected,982,58.8023230841412,445.468715009667
Disconnected,983,59.0630818302952,445.236640454655
Disconnected,984,58.2372284018703,440.730018509793
Disconnected,985,59.3717340095639,447.423037739181
Disconnected,986,59.0527763530174,444.8678593368
Disconnected,987,58.4087564125035,442.748972256593
Disconnected,988,58.7270460645822,442.546770513794
Disconnected,989,58.5206251722961,442.202341044629
Disconnected,990,58.7145104362801,446.839070883604
Disconnected,991,57.9017162652209,438.543245359402
Disconnected,992,58.5438328340371,445.109792555647
Disconnected,993,58.690645169781,441.75662938574
Disconnected,994,59.1022604416039,445.901207661077
Disconnected,995,58.5990173646241,444.628116080157
Disconnected,996,58.1846069285037,444.195585864891
Disconnected,997,59.22396066655,447.6219740157
Disconnected,998,58.2949043872863,439.034778718039
Disconnected,999,59.4644282857855,447.326020265011
Disconnected,1000,59.248927726678,444.876941685365
